-- MariaDB dump 10.19-11.2.2-MariaDB, for Linux (x86_64)
--
-- Host: localhost    Database: logistica
-- ------------------------------------------------------
-- Server version	11.2.2-MariaDB

/*!40101 SET @OLD_CHARACTER_SET_CLIENT=@@CHARACTER_SET_CLIENT */;
/*!40101 SET @OLD_CHARACTER_SET_RESULTS=@@CHARACTER_SET_RESULTS */;
/*!40101 SET @OLD_COLLATION_CONNECTION=@@COLLATION_CONNECTION */;
/*!40101 SET NAMES utf8mb4 */;
/*!40103 SET @OLD_TIME_ZONE=@@TIME_ZONE */;
/*!40103 SET TIME_ZONE='+00:00' */;
/*!40014 SET @OLD_UNIQUE_CHECKS=@@UNIQUE_CHECKS, UNIQUE_CHECKS=0 */;
/*!40014 SET @OLD_FOREIGN_KEY_CHECKS=@@FOREIGN_KEY_CHECKS, FOREIGN_KEY_CHECKS=0 */;
/*!40101 SET @OLD_SQL_MODE=@@SQL_MODE, SQL_MODE='NO_AUTO_VALUE_ON_ZERO' */;
/*!40111 SET @OLD_SQL_NOTES=@@SQL_NOTES, SQL_NOTES=0 */;

--
-- Table structure for table `area`
--

DROP TABLE IF EXISTS `area`;
/*!40101 SET @saved_cs_client     = @@character_set_client */;
/*!40101 SET character_set_client = utf8 */;
CREATE TABLE `area` (
  `id_area` int(11) NOT NULL,
  `dependencia` int(11) DEFAULT NULL,
  `nombre` varchar(80) DEFAULT NULL,
  PRIMARY KEY (`id_area`),
  KEY `id_area_dependencia` (`dependencia`),
  CONSTRAINT `id_area_dependencia` FOREIGN KEY (`dependencia`) REFERENCES `area` (`id_area`)
) ENGINE=InnoDB DEFAULT CHARSET=latin1 COLLATE=latin1_swedish_ci;
/*!40101 SET character_set_client = @saved_cs_client */;

--
-- Dumping data for table `area`
--

LOCK TABLES `area` WRITE;
/*!40000 ALTER TABLE `area` DISABLE KEYS */;
/*!40000 ALTER TABLE `area` ENABLE KEYS */;
UNLOCK TABLES;

--
-- Table structure for table `bien`
--

DROP TABLE IF EXISTS `bien`;
/*!40101 SET @saved_cs_client     = @@character_set_client */;
/*!40101 SET character_set_client = utf8 */;
CREATE TABLE `bien` (
  `id_bien` char(18) NOT NULL,
  `codigo_patrimonial` char(18) DEFAULT NULL,
  `id_item` char(10) DEFAULT NULL,
  `DNI` char(8) DEFAULT NULL,
  PRIMARY KEY (`id_bien`),
  KEY `R_16` (`id_item`),
  KEY `R_17` (`DNI`),
  CONSTRAINT `R_16` FOREIGN KEY (`id_item`) REFERENCES `item` (`id_item`),
  CONSTRAINT `R_17` FOREIGN KEY (`DNI`) REFERENCES `trabajador` (`DNI`)
) ENGINE=InnoDB DEFAULT CHARSET=latin1 COLLATE=latin1_swedish_ci;
/*!40101 SET character_set_client = @saved_cs_client */;

--
-- Dumping data for table `bien`
--

LOCK TABLES `bien` WRITE;
/*!40000 ALTER TABLE `bien` DISABLE KEYS */;
/*!40000 ALTER TABLE `bien` ENABLE KEYS */;
UNLOCK TABLES;

--
-- Table structure for table `cargo`
--

DROP TABLE IF EXISTS `cargo`;
/*!40101 SET @saved_cs_client     = @@character_set_client */;
/*!40101 SET character_set_client = utf8 */;
CREATE TABLE `cargo` (
  `id_cargo` int(11) NOT NULL,
  `descripcion` varchar(80) DEFAULT NULL,
  PRIMARY KEY (`id_cargo`)
) ENGINE=InnoDB DEFAULT CHARSET=latin1 COLLATE=latin1_swedish_ci;
/*!40101 SET character_set_client = @saved_cs_client */;

--
-- Dumping data for table `cargo`
--

LOCK TABLES `cargo` WRITE;
/*!40000 ALTER TABLE `cargo` DISABLE KEYS */;
/*!40000 ALTER TABLE `cargo` ENABLE KEYS */;
UNLOCK TABLES;

--
-- Table structure for table `categoria`
--

DROP TABLE IF EXISTS `categoria`;
/*!40101 SET @saved_cs_client     = @@character_set_client */;
/*!40101 SET character_set_client = utf8 */;
CREATE TABLE `categoria` (
  `id_categoria` int(11) NOT NULL,
  `descripcion` varchar(100) DEFAULT NULL,
  PRIMARY KEY (`id_categoria`)
) ENGINE=InnoDB DEFAULT CHARSET=latin1 COLLATE=latin1_swedish_ci;
/*!40101 SET character_set_client = @saved_cs_client */;

--
-- Dumping data for table `categoria`
--

LOCK TABLES `categoria` WRITE;
/*!40000 ALTER TABLE `categoria` DISABLE KEYS */;
INSERT INTO `categoria` VALUES
(1,'ARMAS'),
(2,'OBRAS RELACIONADAS CON LA AGRICULTURA'),
(3,'ACONDICIONAMIENTO'),
(4,'ABRASIVOS'),
(5,'OBRAS RELACIONADAS CON EL TRANSPORTE'),
(6,'SERVICIOS RELACIONADOS CON  LA ENERGIA NUCLEARES'),
(7,'OBRAS RELACIONADAS CON LA ENERG?A Y MINER?A'),
(8,'ALAMBRES, BARRAS, PLANCHAS, PERFILES Y SIMILARES DE METAL'),
(9,'ALIMENTACI?N'),
(10,'AGR?COLA Y PESQUERO'),
(11,'OBRAS RELACIONADAS CON EL TURISMO'),
(12,'OBRAS RELACIONADAS CON LA VIVIENDA Y CONSTRUCCI?N'),
(13,'SERVICIOS RELACIONADOS CON ALOJAMIENTOS Y ASISTENCIA PARA VIAJES'),
(14,'AGROPECUARIA, GANADER?A  Y JARDINER?A  :   REPUESTOS, ACCESORIOS Y MATERIALES'),
(15,'AIRE ACONDICIONADO Y REFRIGERACI?N  :   REPUESTOS Y ACCESORIOS'),
(16,'SERVICIO DE ASEO Y LIMPIEZA'),
(17,'OBRAS RELACIONADAS CON LAS COMUNICACIONES'),
(18,'OBRAS RELACIONADAS CON LA ZOOLOGIA'),
(19,'ASESOR?A, CONSULTOR?A E INTERVENCIONES ESPECIALIZADAS'),
(20,'AISLANTES T?RMICOS Y AC?STICOS, REFRACTARIOS, FILTROS Y PURIFICADORES'),
(21,'CONTRATACI?N ADMINISTRATIVA DE SERVICIOS - CAS'),
(22,'SERVICIOS NO PERSONALES'),
(23,'ALIMENTOS PARA ANIMALES'),
(24,'SERVICIOS PRESTADOS POR TERCEROS'),
(25,'ALIMENTOS Y BEBIDAS PARA PERSONAS'),
(26,'ATENCIONES Y CELEBRACIONES'),
(27,'ARMAMENTO, MUNIC.. Y EXPLOS.  :   RPTOS, ACCESORIOS Y MATERIALES'),
(28,'AIRE ACONDICIONADO Y REFRIGERACI?N'),
(29,'SERVICIOS RELACIONADOS CON LAS CONSTRUCCIONES.'),
(30,'SERVICIOS RELACIONADOS CON EL MEDIO AMBIENTE  Y SANEAMIENTO'),
(31,'EQUIPOS PARA ARTES GR?FICAS E IMPRESIONES : REPUESTOS Y ACCESORIOS'),
(32,'ASEO, LIMPIEZA Y TOCADOR  :   REPUESTOS, ACCESORIOS, ?TILES Y MATERIALES'),
(33,'SERVICIOS RELACIONADOS CON FINANZAS E INVERSIONES  Y SIMILARES'),
(34,'BIENES DE ACTIVO FIJO NO CATALOGADOS POR SBN'),
(35,'SERVICIOS DE CONTRATACI?N AGR?COLA, GANADERA, PESQUERA, FORESTAL Y DE FAUNA'),
(36,'COMUNICACI?N, INFORMACI?N Y PUBLICIDAD'),
(37,'CLAVOS, PERNOS, TORNILLOS, SUJETADORES Y AFINES'),
(38,'COCINA, COMEDOR, CAFETER?A  :   REPUESTOS Y ACCESORIOS'),
(39,'SERVICIOS RELACIONADOS CON INGENIER?A DE SISTEMAS'),
(40,'COMBUSTIBLES, CARBURANTES, LUBRICANTES Y AFINES'),
(41,'SERVICIOS RELACIONADOS CON FLORER?A, JARDINER?A Y ACTIVIDADES SIMILARES'),
(42,'ANIMALES'),
(43,'SERVICIOS RELACIONADOS CON TRADUCCIONES Y LOCUCIONES'),
(44,'COMUNICACIONES Y TELECOMUNICACIONES: REPUESTOS Y ACCESORIOS'),
(45,'CONSTRUCCIONES  :   MATERIALES, RPTOS Y ACC.  INCLUYE SANITARIOS'),
(46,'SERVICIOS RELACIONADOS CON LA ACTIVIDAD PETROLERA'),
(47,'SERVICIOS RELACIONADOS CON ACTIVID. ADMINISTRATIVAS Y DE IMAGEN INSTITUCIONAL'),
(48,'FILATELIA Y NUMISM?TICA : MATERIALES, ACCESORIOS Y REPUESTOS'),
(49,'CULTURA ARTE Y ARTESANIA   :    BIENES'),
(50,'DEPORTES Y RECREACI?N   :   IMPLEMENTOS'),
(51,'BIENES PATRIMONIALES DE USO B?LICO Y DE DEFENSA'),
(52,'SERVICIOS RELACIONADOS CON ACTIVIDADES ART?STICAS Y OTRAS ACTIVIDADES RELACIONADAS'),
(53,'ASEO Y LIMPIEZA'),
(54,'ELECTR?NICA  :   MATERIALES'),
(55,'SERVICIOS DE PRODUCCI?N Y FABRICACI?N INDUSTRIAL'),
(56,'ELEVACI?N, GENERAC, DISTRIB,  Y CONT, DE LA ELECTRICAD : RPTOS. Y ACCESORIOS'),
(57,'DEPORTES, RECREACION Y ESPECT?CULOS'),
(58,'ELECTRICIDAD E ILUMINACI?N: MATERIALES Y ACCESORIOS'),
(59,'CULTURA, ARTE, DIBUJO, INGENIER?A Y CARTOGRAF?A'),
(60,'ENERG?A NUCLEAR, SOLAR Y GEOTERMAL  :   RPTOS, ACCES. Y MAT.'),
(61,'ENSE?ANZA :  RPTOS. ACCESORIOS,  MATERIALES DID?CTICOS Y ?TILES'),
(62,'COCINA Y COMEDOR'),
(63,'EMBALAJE Y ALMACENAJE'),
(64,'EXTERMINACI?N Y/O CAPTURA'),
(65,'FERTILIZANTES'),
(66,'ENSE?ANZA Y CAPACITACI?N'),
(67,'PRODUCTOS QU?MICOS INCLUYE BIO-QU?MICOS Y GASES INDUSTR. Y REACTIVOS DE AN?LISIS CL?NICOS Y DIAG'),
(68,'ACCESORIOS PARA USO EN ASTRONOMIA'),
(69,'ESTUDIOS E INVESTIGACIONES'),
(70,'FOTOGRAF?A, CINEMAT, TV Y FONOT. :  RPTOS.ACCES. Y MATERIALES'),
(71,'CULTURA Y ARTE'),
(72,'FUNDICI?N Y SOLDADURA  :   RPTOS, ACCESORIOS Y MATERIALES'),
(73,'CONSTRUCCI?N, FABRICACI?N Y CONFECCIONES EN GENERAL'),
(74,'HERRAMIENTAS  MANUALES, MEC?NICAS, NEUM?TICAS, HIDR?ULICAS: INCLUYE  ACCESORIOS'),
(75,'HERRAMIENTAS PORTATILES MECANIZADAS :  INCLUYE ACCESORIOS'),
(76,'BIENES ELABORADOS, EDITADOS E IMPRESOS POR LA INSTITUCION'),
(77,'IMPRESI?N, ENCUADERNACI?N Y PUBLICACI?N :  MATERIALES'),
(78,'INDUSTRIA  M?QUINAS.  : REPUESTOS Y ACCESORIOS'),
(79,'ELECTRICIDAD Y ELECTR?NICA'),
(80,'BIENES  IMPRESOS : FORMATOS,  FORMULARIOS Y SIMILARES IMPRESOS'),
(81,'INGENIERIA, DIBUJO Y CARTOGRAFIA :  UTILES Y MATERIALES'),
(82,'ACCES., REPUEST. DE EQ. M?DICOS Y QUIR?RG. Y SUMINIST. M?DIC.(INC. MATER. MED. INSTR. Y ROPA DESC.)'),
(83,'ENVASES Y EMBALAJES'),
(84,'IMPRESIONES GR?FICAS Y ENCUADERNACI?N'),
(85,'LABORATORIO Y GABINETE: IMPLEMENTOS, MATERIALES, REPUESTOS Y ACCESORIOS'),
(86,'INSTALACIONES DIVERSAS'),
(87,'LAVANDER?A  :   REPUESTO Y ACCESORIOS'),
(88,'HOSPITALIZACI?N'),
(89,'LIBROS, DIARIOS,  REVISTAS Y PUBLICACIONES PERI?DICAS'),
(90,'MATERIAS PRIMAS'),
(91,'PRODUCTOS FARMAC?UTICOS'),
(92,'MEDICAMENTOS II'),
(93,'INSTRUMENTO DE MEDICI?N'),
(94,'MANTENIMIENTO PREDICTIVO, PREVENTIVO Y CORRECTIVO'),
(95,'METEOROLOG?A: INSTRUMENTOS, MATERIALES, REPUESTOSY ACCESORIOS'),
(96,'METALES NO FERROSOS'),
(97,'MINERO Y FERROVIARIO: REPUESTOS, ACCESORIOS Y MATERIALES'),
(98,'ENSERES Y ACCESORIOS  :  INCLUYE AULAS Y TALLERES'),
(99,'MOVIMIENTO Y ACARREO DE TIERRA Y SIMILARES : RPTOS. YACC.'),
(100,'MOTORES Y BOMBAS : REPUESTOS Y ACCESORIOS'),
(101,'MAQUINARIA, VEH?CULOS Y OTROS'),
(102,'M?SICA: ACCESORIOS Y REPUESTOS'),
(103,'OFICINA EQUIPO Y MAQUINARIAS   :  REPUESTOS, ACCESORIOS Y SUMINISTROS'),
(104,'PRODUCCIONES, REPRODUCCIONES Y GRABACIONES'),
(105,'PAPELER?A EN GENERAL Y ?TILES, MATERIALES DE OFICINA'),
(106,'PINTURAS, BARNIZ, PEGAMENTOS Y OTROS REVESTIMIENTOS: PRODUCTOS Y ACCESORIOS'),
(107,'OFICINA'),
(108,'PRECIS, MEDIC, REG Y CONTROL: REPUESTOS Y ACCESORIOS'),
(109,'PROCES. AUTOM. DE DATOS  :   RPTOS, ACCESORIOS Y MATERIALES'),
(110,'PISCICULTURA: MATERIALES Y REPUESTOS'),
(111,'RELOJER?A, JOYER?A Y GEMAS (INC. REPUESTOS Y ACCESORIOS)'),
(112,'EQUIPO DE CAMPA?A, ROPA DE CAMA, COLCHONES, FUNDAS Y SIMILARES'),
(113,'SEGURIDAD: REPUESTOS, ACCESORIOS Y PROTECTORES'),
(114,'RECREACI?N Y DEPORTE'),
(115,'ANIMALES, VETERINARIA, GANADER?A, PESCA Y PISCICULTURA'),
(116,'SE?ALIZADORES DE TRANSITO'),
(117,'SERVICIO SEGURIDAD Y VIGILANCIA'),
(118,'SEGUROS'),
(119,'S?MBOLOS, DISTINTIVOS Y CONDECORACIONES'),
(120,'SERVICIOS RELACIONADOS CON ASUNTOS LEGALES, JUDICIALES Y NOTARIALES'),
(121,'TALLERES  :   REPUESTOS Y ACCESORIOS'),
(122,'SERVICIOS PUBLICOS Y GENERALES'),
(123,'SEGURIDAD INDUSTRIAL'),
(124,'SERVICIOS REGULADOS POR EL ESTADO'),
(125,'VESTUARIO, ZAPATER?A Y ACCESORIOS, TALABARTER?A Y MATERIALES TEXTILES'),
(126,'TRANSPORTE Y TRASLADO'),
(127,'TRANSMISI?N Y RODAMIENTO: REPUESTOS, ART?CULOS Y ACCESORIOS'),
(128,'TRANSPORTE ACU?TICO Y A?REO: REPUESTOS Y ACCESORIOS'),
(129,'TRANSPORTE TERRESTRE: REPUESTOS Y ACCESORIOS'),
(130,'USO TEMPORAL DE BIENES MUEBLES,  INMUEBLES Y OTROS'),
(131,'MANTENIMIENTO DE ARMAMENTO DE GUERRA'),
(132,'TELECOMUNICACIONES'),
(133,'TUBOS, CONEXIONES Y ACCESORIOS INC: MANGUERAS Y EMPAQUETADURAS'),
(134,'GASOLINA  PARA TURBO'),
(135,'ZAPATERIA Y TALABARTERIA: PROD., MATERIALES.,  ACC. Y RPTOS'),
(136,'INESPECIFICO');
/*!40000 ALTER TABLE `categoria` ENABLE KEYS */;
UNLOCK TABLES;

--
-- Table structure for table `contrato`
--

DROP TABLE IF EXISTS `contrato`;
/*!40101 SET @saved_cs_client     = @@character_set_client */;
/*!40101 SET character_set_client = utf8 */;
CREATE TABLE `contrato` (
  `numero_contrato` char(10) NOT NULL,
  `fecha_contrato` datetime DEFAULT NULL,
  `fecha_inicio` datetime DEFAULT NULL,
  `fecha_termino` datetime DEFAULT NULL,
  `sueldo_neto` float DEFAULT NULL,
  `DNI` char(8) DEFAULT NULL,
  `id_area` int(11) DEFAULT NULL,
  `id_cargo` int(11) DEFAULT NULL,
  `jefe_area` int(11) DEFAULT NULL,
  PRIMARY KEY (`numero_contrato`),
  KEY `R_3` (`DNI`),
  KEY `R_4` (`id_area`),
  KEY `R_5` (`id_cargo`),
  CONSTRAINT `R_3` FOREIGN KEY (`DNI`) REFERENCES `trabajador` (`DNI`),
  CONSTRAINT `R_4` FOREIGN KEY (`id_area`) REFERENCES `area` (`id_area`),
  CONSTRAINT `R_5` FOREIGN KEY (`id_cargo`) REFERENCES `cargo` (`id_cargo`)
) ENGINE=InnoDB DEFAULT CHARSET=latin1 COLLATE=latin1_swedish_ci;
/*!40101 SET character_set_client = @saved_cs_client */;

--
-- Dumping data for table `contrato`
--

LOCK TABLES `contrato` WRITE;
/*!40000 ALTER TABLE `contrato` DISABLE KEYS */;
/*!40000 ALTER TABLE `contrato` ENABLE KEYS */;
UNLOCK TABLES;

--
-- Table structure for table `item`
--

DROP TABLE IF EXISTS `item`;
/*!40101 SET @saved_cs_client     = @@character_set_client */;
/*!40101 SET character_set_client = utf8 */;
CREATE TABLE `item` (
  `id_item` char(10) NOT NULL,
  `descripcion_item` varchar(80) DEFAULT NULL,
  `stock` float DEFAULT NULL,
  `precio` float DEFAULT NULL,
  `tipo` char(1) DEFAULT NULL,
  `id_categoria` int(11) DEFAULT NULL,
  `id_unidad_medida` int(11) DEFAULT NULL,
  PRIMARY KEY (`id_item`),
  KEY `R_6` (`id_categoria`),
  KEY `R_18` (`id_unidad_medida`),
  CONSTRAINT `R_18` FOREIGN KEY (`id_unidad_medida`) REFERENCES `unidad_medida` (`id_unidad_medida`),
  CONSTRAINT `R_6` FOREIGN KEY (`id_categoria`) REFERENCES `categoria` (`id_categoria`)
) ENGINE=InnoDB DEFAULT CHARSET=latin1 COLLATE=latin1_swedish_ci;
/*!40101 SET character_set_client = @saved_cs_client */;

--
-- Dumping data for table `item`
--

LOCK TABLES `item` WRITE;
/*!40000 ALTER TABLE `item` DISABLE KEYS */;
INSERT INTO `item` VALUES
('1','PIEDRA ESMERIL CIRCULAR 2 in X 10 in GRANO GRUESO',0,0,'B',2,112),
('10','LIJA CIRCULAR PARA FIERRO N? 24',0,0,'B',2,112),
('100','ACERO REDONDO ST37 ? 5/8 in',0,0,'B',3,73),
('1000','CAFE INSTANTANEO X 7 G',0,0,'B',9,358),
('1001','AVENA X 200 G X 24 UNI',0,0,'B',9,335),
('1002','LENTEJA X 20 KG',0,0,'B',9,378),
('1003','ARROZ CORRIENTE X 48 Kg',0,0,'B',9,378),
('1004','FRIJOL OJO DE PALOMA',0,0,'B',9,128),
('1005','FREJOL DE SOYA',0,0,'B',9,128),
('1006','KIWICHA  ENTERA TOSTADA',0,0,'B',9,128),
('1007','CEBADA TOSTADA',0,0,'B',9,128),
('1008','MAIZENA',0,0,'B',9,128),
('1009','CREMA DE CHOCLO X 5 kg',0,0,'B',9,112),
('101','ACERO REDONDO TREFILADO SAE 1020 ? 1/4',0,0,'B',3,73),
('1010','CEBADA',0,0,'B',9,128),
('1011','CREMA DE HABAS CALIDAD SUPERIOR',0,0,'B',9,128),
('1012','HARINA DE TRIGO X 50 KG',0,0,'B',9,378),
('1013','SEMOLA X 20 UNIDADES DE 250 GRS C/U',0,0,'B',9,352),
('1014','HARINA PREPARADA X KILO X 12 UNIDADES',0,0,'B',9,352),
('1015','HOJUELA DE KIWICHA ',0,0,'B',9,128),
('1016','CREMA DE ALVEJA',0,0,'B',9,128),
('1017','HOJUELA DE TRIGO ',0,0,'B',9,128),
('1018','HOJUELA DE QUINUA',0,0,'B',9,128),
('1019','MAIZENA IMPORTADA DE 25 KG',0,0,'B',9,335),
('102','ACERO REDONDO SAE 4340 (VCN 150) ? 30MM',0,0,'B',3,73),
('1020','MAIZENA DE 500 G',0,0,'B',9,337),
('1021','HOJUELA DE CEBADA',0,0,'B',9,128),
('1022','HARINA DE HABAS  1 KG X 12 UNI',0,0,'B',9,352),
('1023','HOJUELA DE QUINUA 1 KG X 12 UNI',0,0,'B',9,352),
('1024','CREMA DE ESPARRAGOS X 70 g',0,0,'B',9,112),
('1025','CREMA DE CHAMPI?ONES',0,0,'B',9,128),
('1026','CREMA DE ESPARRAGOS',0,0,'B',9,128),
('1027','QUINUA PERLADA x 50 kg',0,0,'B',9,112),
('1028','TRIGO MORON x 25 kg',0,0,'B',9,112),
('1029','HARINA PASTELERA',0,0,'B',9,128),
('103','ACERO SAE 4140 O CVL 140 REDONDO 81/2 in X  2 MT',0,0,'B',3,112),
('1030','MAIZENA X 100 G X 96 UNI',0,0,'B',9,352),
('1031','HOJUELA DE AVENA',0,0,'B',9,128),
('1032','HOJUELA DE CEREALES',0,0,'B',9,128),
('1033','HOJUELA DE AVENA X 250 g',0,0,'B',9,112),
('1034','HARINA DE PLATANO',0,0,'B',9,128),
('1035','HARINA DE MAIZ',0,0,'B',9,128),
('1036','CREMA DE HABAS',0,0,'B',9,128),
('1037','HOJUELA DE QUINUA AVENA',0,0,'B',9,128),
('1038','HARINA DE TRIGO FORTIFICADO',0,0,'B',9,128),
('1039','CREMA DE HABAS LACTEADA',0,0,'B',9,128),
('104','ACERO SAE 4140 O VCL 140 REDONDO 11 in X 2 MTS',0,0,'B',3,112),
('1040','HOJUELA DE AVENA X 225 g',0,0,'B',9,112),
('1041','HOJUELA DE AVENA X 450 g',0,0,'B',9,112),
('1042','HOJUELA DE AVENA ENRIQUECIDA',0,0,'B',9,128),
('1043','HOJUELA DE AVENA X 10 kg',0,0,'B',9,112),
('1044','HOJUELA DE AVENA ENRIQUECIDA X 500 g',0,0,'B',9,112),
('1045','HOJUELA DE CEBADA ENRIQUECIDA',0,0,'B',9,128),
('1046','HOJUELA DE CEREAL ENRIQUECIDA',0,0,'B',9,128),
('1047','HOJUELA DE QUINUA AVENA ENRIQUECIDA',0,0,'B',9,128),
('1048','HOJUELA DE QUINUA ENRIQUECIDA',0,0,'B',9,128),
('1049','HOJUELA DE QUINUA AVENA X 380 g',0,0,'B',9,112),
('105','ACERO SAE 4140 O VCL 140 REDONDO 8 1/2 in x 2 MT',0,0,'B',3,112),
('1050','HOJUELA DE QUINUA AVENA X 250 g',0,0,'B',9,112),
('1051','HOJUELA DE QUINUA AVENA.',0,0,'B',9,128),
('1052','HOJUELA DE QUINUA AVENA X 650 g',0,0,'B',9,112),
('1053','HOJUELA DE QUINUA X 500 g',0,0,'B',9,112),
('1054','HOJUELA DE QUINUA ENRIQUECIDA X 440 g',0,0,'B',9,112),
('1055','HOJUELA DE QUINUA ENRIQUECIDA X 238 g',0,0,'B',9,112),
('1056','HOJUELA DE TRIGO ENRIQUECIDA',0,0,'B',9,128),
('1057','HOJUELA DE ARROZ',0,0,'B',9,128),
('1058','HOJUELA DE AVENA X 600 g',0,0,'B',9,112),
('1059','HOJUELA DE AVENA X 500 g',0,0,'B',9,112),
('106','ACERO SAE 4140 O VCL 140 REDONDO 9 in x 2 MTS',0,0,'B',3,112),
('1060','HOJUELA DE QUINUA AVENA X 225 g',0,0,'B',9,112),
('1061','HOJUELA DE KIWICHA ENRIQUECIDA',0,0,'B',9,128),
('1062','HOJUELA DE MACA AVENA',0,0,'B',9,128),
('1063','HOJUELA DE MACA AVENA X 450 g',0,0,'B',9,112),
('1064','HOJUELA DE QUINUA AVENA X 450 g',0,0,'B',9,112),
('1065','HOJUELA DE QUINUA AVENA X 950 g',0,0,'B',9,112),
('1066','HARINA PREPARADA',0,0,'B',9,128),
('1067','CREMA DE HABAS X 250 g',0,0,'B',9,112),
('1068','CREMA DE HABAS 250 g X 12 UNI',0,0,'B',9,352),
('1069','HOJUELA DE QUINUA X 1 kg',0,0,'B',9,112),
('107','ACERO TREFILADO CALIBRADO ? 1/4 in',0,0,'B',3,73),
('1070','MACA MOLIDA A GRANEL.',0,0,'B',9,128),
('1071','CHU?O BLANCO ENTERO',0,0,'B',9,128),
('1072','AZUCAR X 6 g',0,0,'B',9,112),
('1073','AZUCAR BLANCA REFINADA',0,0,'B',9,112),
('1074','AZUCAR BLANCA REFINADA X 1 KG',0,0,'B',9,112),
('1075','AZUCAR RUBIA',0,0,'B',9,128),
('1076','FRIJOL EN CONSERVA X 560 g',0,0,'B',9,112),
('1077','LENTEJAS EN CONSERVA X 620 g',0,0,'B',9,112),
('1078','BEBIDA GASEOSA BOTELLA  02 L X 06 UNI',0,0,'B',9,352),
('1079','BEBIDA GASEOSA BOTELLA X 1.5 L X  6 UNI',0,0,'B',9,352),
('108','ACERO TREFILADO CALIBRADO ? 5/16 in',0,0,'B',3,73),
('1080','BEBIDA GASEOSA BOTELLA DESCARTABLE 10 ONZAS ',0,0,'B',9,112),
('1081','BEBIDA GASEOSA PLASTICO NO RETORNABLE AMARILLA  2 1/4 L',0,0,'B',9,336),
('1082','BEBIDA GASEOSA PLASTICO NO RETORNABLE AMARILLA 0.5 L',0,0,'B',9,336),
('1083','BEBIDA GASEOSA PLASTICO NO RETORNABLE AMARILLA 0.5 L X 12 UNI',0,0,'B',9,352),
('1084','BEBIDA GASEOSA PLASTICO NO RETORNABLE AMARILLA 1.5 L',0,0,'B',9,336),
('1085','BEBIDA GASEOSA PLASTICO NO RETORNABLE AMARILLA X 1.5 L X 12 UNI',0,0,'B',9,352),
('1086','BEBIDA GASEOSA PLASTICO NO RETORNABLE AMARILLA X 3 L',0,0,'B',9,336),
('1087','BEBIDA GASEOSA PLASTICO NO RETORNABLE AMARILLA X 3 L X 6 UNI',0,0,'B',9,352),
('1088','BEBIDA GASEOSA PLASTICO NO RETORNABLE AMARILLA X 3.5 L',0,0,'B',9,336),
('1089','BEBIDA GASEOSA PLASTICO NO RETORNABLE AMARILLA X 3.5 L X 6 UNI',0,0,'B',9,352),
('109','ACERO TREFILADO SAE 1020 A 36 ? 1/4 in',0,0,'B',3,73),
('1090','BEBIDA GASEOSA PLASTICO NO RETORNABLE AMARILLA X 600 ML',0,0,'B',9,112),
('1091','BEBIDA GASEOSA PLASTICO NO RETORNABLE ANARANJADA X 0.5 L',0,0,'B',9,336),
('1092','BEBIDA GASEOSA PLASTICO NO RETORNABLE ANARANJADA X 0.5 L X 12 UNI',0,0,'B',9,352),
('1093','BEBIDA GASEOSA PLASTICO NO RETORNABLE CLARA X 2 1/4 L',0,0,'B',9,336),
('1094','BEBIDA GASEOSA PLASTICO NO RETORNABLE CLARA X 1.5 L',0,0,'B',9,112),
('1095','BEBIDA GASEOSA PLASTICO NO RETORNABLE DIETETICO AMARILLA X 0.5 L',0,0,'B',9,336),
('1096','BEBIDA GASEOSA PLASTICO NO RETORNABLE DIETETICO AMARILLA X 0.5 L X 12 UNI',0,0,'B',9,352),
('1097','BEBIDA GASEOSA PLASTICO NO RETORNABLE DIETETICO AMARILLA X 1.5 L',0,0,'B',9,336),
('1098','BEBIDA GASEOSA PLASTICO NO RETORNABLE DIETETICO AMARILLA X 1.5 L X 12 UNI',0,0,'B',9,352),
('1099','BEBIDA GASEOSA PLASTICO NO RETORNABLE DIETETICO CLARA X 1.5 L',0,0,'B',9,336),
('11','LIJA PARA PULIR METAL N? 40 X 50 UNI',0,0,'B',2,112),
('110','ACERO CORRUGADO 5/8 in FY= 4200 KG/CM2 X 9 MTS GRADO 60',0,0,'B',3,112),
('1100','BEBIDA GASEOSA PLASTICO NO RETORNABLE DIETETICO OSCURA X 0.5 L',0,0,'B',9,336),
('1101','BEBIDA GASEOSA PLASTICO NO RETORNABLE DIETETICO OSCURA X 0.5 L X 12 UNI',0,0,'B',9,352),
('1102','BEBIDA GASEOSA PLASTICO NO RETORNABLE DIETETICO OSCURA X 1.5 L',0,0,'B',9,336),
('1103','BEBIDA GASEOSA PLASTICO NO RETORNABLE DIETETICO OSCURA X 1.5 L X 12 UNI',0,0,'B',9,352),
('1104','BEBIDA GASEOSA PLASTICO NO RETORNABLE OSCURA X 2 1/4 L',0,0,'B',9,336),
('1105','BEBIDA GASEOSA PLASTICO NO RETORNABLE OSCURA X 0.5 L',0,0,'B',9,336),
('1106','BEBIDA GASEOSA PLASTICO NO RETORNABLE OSCURA X 0.5 L X 12 UNI',0,0,'B',9,352),
('1107','BEBIDA GASEOSA PLASTICO NO RETORNABLE OSCURA X 1.5 L',0,0,'B',9,336),
('1108','BEBIDA GASEOSA PLASTICO NO RETORNABLE OSCURA X 1.5 L X 12 UNI',0,0,'B',9,352),
('1109','BEBIDA GASEOSA PLASTICO NO RETORNABLE OSCURA X 3 L',0,0,'B',9,336),
('111','ACERO REDONDO SAE 1045 (H) ? 1 in',0,0,'B',3,73),
('1110','BEBIDA GASEOSA PLASTICO NO RETORNABLE OSCURA X 3 L X 6 UNI',0,0,'B',9,352),
('1111','BEBIDA GASEOSA PLASTICO NO RETORNABLE OSCURA X 3.5 L',0,0,'B',9,336),
('1112','BEBIDA GASEOSA PLASTICO NO RETORNABLE OSCURA X 3.5 L X 6 UNI',0,0,'B',9,352),
('1113','BEBIDA GASEOSA PLASTICO NO RETORNABLE ROJA X 0.6 L',0,0,'B',9,336),
('1114','BEBIDA GASEOSA PLASTICO NO RETORNABLE ROJA X 0.6 L X 12 UNI',0,0,'B',9,352),
('1115','BEBIDA GASEOSA PLASTICO NO RETORNABLE VERDE X 0.5 L',0,0,'B',9,336),
('1116','BEBIDA GASEOSA PLASTICO NO RETORNABLE VERDE X 0.5 L X 12 UNI',0,0,'B',9,352),
('1117','BEBIDA GASEOSA PLASTICO RETORNABLE AMARILLA X 2 L',0,0,'B',9,336),
('1118','BEBIDA GASEOSA PLASTICO RETORNABLE CLARA X 2 L',0,0,'B',9,336),
('1119','BEBIDA GASEOSA PLASTICO NO RETORNABLE OSCURA X 2  L',0,0,'B',9,336),
('112','ACERO REDONDO SAE 1045 (H) ? 1 1/2 in',0,0,'B',3,73),
('1120','BEBIDA GASEOSA VIDRIO RETORNABLE AMARILLA X 1 L',0,0,'B',9,336),
('1121','BEBIDA GASEOSA VIDRIO RETORNABLE AMARILLA X 1 L X 12 UNI',0,0,'B',9,337),
('1122','BEBIDA GASEOSA VIDRIO RETORNABLE AMARILLA X 1.5 L',0,0,'B',9,336),
('1123','BEBIDA GASEOSA VIDRIO RETORNABLE AMARILLA X 1.5 L X 8 UNI',0,0,'B',9,337),
('1124','BEBIDA GASEOSA VIDRIO RETORNABLE AMARILLA X 192 ML X 24 UNI',0,0,'B',9,337),
('1125','BEBIDA GASEOSA VIDRIO RETORNABLE AMARILLA X 237 ML X 24 UNI',0,0,'B',9,337),
('1126','BEBIDA GASEOSA VIDRIO RETORNABLE AMARILLA X 296 ML X 24 UNI',0,0,'B',9,337),
('1127','BEBIDA GASEOSA VIDRIO RETORNABLE AMARILLA X 625 ML X 12 UNI',0,0,'B',9,337),
('1128','BEBIDA GASEOSA VIDRIO RETORNABLE CLARA X 1 L',0,0,'B',9,336),
('1129','BEBIDA GASEOSA VIDRIO RETORNABLE CLARA X 1 L X 12 UNI',0,0,'B',9,337),
('113','ACERO CUADRADO SAE 1045 X 4 in X 4 in X 1 M',0,0,'B',3,112),
('1130','BEBIDA GASEOSA VIDRIO RETORNABLE CLARA X 296 ML X 24 UNI',0,0,'B',9,337),
('1131','BEBIDA GASEOSA VIDRIO RETORNABLE DIETETICO AMARILLA X 296 ML X 24 UNI',0,0,'B',9,337),
('1132','BEBIDA GASEOSA VIDRIO RETORNABLE DIETETICO OSCURA X 296 ML X 24 UNI',0,0,'B',9,337),
('1133','BEBIDA GASEOSA VIDRIO RETORNABLE OSCURA X 1 L',0,0,'B',9,336),
('1134','BEBIDA GASEOSA VIDRIO RETORNABLE OSCURA X 1 L X 12 UNI',0,0,'B',9,337),
('1135','BEBIDA GASEOSA VIDRIO RETORNABLE OSCURA X 296 ML X 24 UNI',0,0,'B',9,337),
('1136','BEBIDA GASEOSA PLASTICO NO RETORNABLE OSCURA  X 2 L',0,0,'B',9,336),
('1137','BEBIDA GASEOSA NO RETORNABLE X 1 L',0,0,'B',9,112),
('1138','BEBIDA GASEOSA NO RETORNABLE X 2 L',0,0,'B',9,112),
('1139','BEBIDA GASEOSA PLASTICO NO RETORNABLE COLOR CLARO X 250 ML',0,0,'B',9,112),
('114','ACERO LISO REDONDO 1/2 in X 6 M',0,0,'B',3,112),
('1140','BEBIDA GASEOSA PLASTICO NO RETORNABLE X 500 ML',0,0,'B',9,112),
('1141','BEBIDA GASEOSA PLASTICO RETORNABLE X 2 L',0,0,'B',9,112),
('1142','BEBIDA GASEOSA PLASTICO NO RETORNABLES X 3 L',0,0,'B',9,112),
('1143','BEBIDA GASEOSA EN VIDRIO RETORNABLE X 1000 ML',0,0,'B',9,112),
('1144','BEBIDA GASEOSA PLASTICO NO RETORNABLE OSCURA X 2 L X 6 UNI',0,0,'B',9,352),
('1145','BEBIDA GASEOSA PLASTICO NO RETORNABLE AMARILLO X 2 L X 6 UNI ',0,0,'B',9,352),
('1146','BEBIDA GASEOSA PLASTICO NO RETORNABLE CLARA X 3 L',0,0,'B',9,336),
('1147','BEBIDA GASEOSA X 500 ML X 12 UNI',0,0,'B',9,352),
('1148','BEBIDA GASIFICADA COLOR AMARILLO X 2 L',0,0,'B',9,336),
('1149','BEBIDA GASIFICADA COLOR CLARO X 2 L',0,0,'B',9,336),
('115','ACERO REDONDO SAE 3115 ECN 150 16MM',0,0,'B',3,73),
('1150','BEBIDA GASEOSA PLASTICO NO RETORNABLE OSCURA X 0.6 L',0,0,'B',9,336),
('1151','GASEOSA X 1/2 L DESCARTABLE',0,0,'B',9,336),
('1152','BEBIDA GASEOSA DESCARTABLE AMARILLA X 2 L',0,0,'B',9,112),
('1153','BEBIDA GASEOSA PLASTICO NO RETORNABLE AMARILLA X 2 L',0,0,'B',9,112),
('1154','BEBIDA GASEOSA PLASTICO NO RETORNABLE AMARILLO X 2 1/4 L X 6 UNI',0,0,'B',9,352),
('1155','BEBIDA GASEOSA X 3 L X 4 UNI',0,0,'B',9,352),
('1156','BEBIDA GASEOSA PLASTICO NO RETORNABLE CLARA  X  3.300  L',0,0,'B',9,112),
('1157','BEBIDA GASEOSA PLASTICO DESCARTABLE X 500 ML',0,0,'B',9,112),
('1158','BEBIDA GASEOSA PLASTICO NO RETORNABLE CLARA X 0.5 L X 12 UNI',0,0,'B',9,352),
('1159','BEBIDA GASEOSA PLASTICO NO RETORNABLE X 625 ML',0,0,'B',9,336),
('116','BARRA DE COBRE DE 5 mm X 20 mm X 2.20 m',0,0,'B',3,112),
('1160','BEBIDA GASEOSA PLASTICO NO RETORNABLE X 285 ML',0,0,'B',9,336),
('1161','BEBIDA GASEOSA BOTELLA X 2.5 L X 6 UNI',0,0,'B',9,352),
('1162','BEBIDA GASEOSA PLASTICO NO RETORNABLE AMARILLA X 3.3 L',0,0,'B',9,336),
('1163','BEBIDA GASEOSA X 296 ML X 12 UNI',0,0,'B',9,352),
('1164','BEBIDA GASEOSA VIDRIO RETORNABLE X 450 ML X 24 UNI',0,0,'B',9,337),
('1165','BEBIDA GASEOSA PLASTICO DESCARTABLE X 525 ML',0,0,'B',9,112),
('1166','BEBIDA GASEOSA PLASTICO NO RETORNABLE AMARILLA 0.5 L X 6 UNI',0,0,'B',9,352),
('1167','BEBIDA GASEOSA PLASTICO NO RETORNABLE CLARA X 2 L X 6 UNI',0,0,'B',9,352),
('1168','BEBIDA GASEOSA PLASTICO NO RETORNABLE CLARA X 2 L',0,0,'B',9,112),
('1169','BEBIDA GASEOSA PLASTICO NO RETORNABLE X 600 ML',0,0,'B',9,336),
('117','ACERO CORRUGADO 3/8 in FY= 4200 KG/CM2 X 9 MTS GRADO 60',0,0,'B',3,112),
('1170','BEBIDA GASEOSA ENVASE NO RETORNABLE SABOR DE FRESA X 3 L',0,0,'B',9,343),
('1171','BEBIDA GASEOSA ENVASE NO RETORNABLE SABOR DE PI?A X 3 L',0,0,'B',9,343),
('1172','BEBIDA GASEOSA DIETETICA 500 mL X 12 UNI',0,0,'B',9,352),
('1173','BEBIDA GASEOSA ENVASE NO RETORNABLE X 250 ML X 12 UNI',0,0,'B',9,352),
('1174','BEBIDA GASEOSA PLASTICO NO RETORNABLE OSCURA X 3.12 L',0,0,'B',9,112),
('1175','BEBIDA GASEOSA ENVASE PLASTICO NO RETORNABLE X 1.5 L',0,0,'B',9,112),
('1176','BEBIDA GASEOSA DIETETICA ENVASE PLASTICO NO RETORNABLE X 300 ML',0,0,'B',9,112),
('1177','BEBIDA GASEOSA ENVASE PLASTICO NO RETORNABLE X 2.250 L',0,0,'B',9,112),
('1178','BEBIDA GASEOSA ENVASE PLASTICO NO RETORNABLE X 3.5 L',0,0,'B',9,112),
('1179','BEBIDA GASEOSA DIETETICA ENVASE PLASTICO NO RETORNABLE X 500 ML',0,0,'B',9,112),
('118','PLANCHA DE FIERRO DE 1.2 mm X 30 cm X 1 m',0,0,'B',3,112),
('1180','BEBIDA GASEOSA DIETETICA ENVASE PLASTICO NO RETORNABLE X 1.5 L',0,0,'B',9,112),
('1181','BEBIDA GASEOSA ENVASE DE VIDRIO RETORNABLE X 1.5 L',0,0,'B',9,112),
('1182','BEBIDA GASEOSA ENVASE DE VIDRIO RETORNABLE X 192 ML',0,0,'B',9,112),
('1183','BEBIDA GASEOSA ENVASE DE VIDRIO RETORNABLE X 237 ML',0,0,'B',9,112),
('1184','BEBIDA GASEOSA ENVASE DE VIDRIO RETORNABLE X 296 ML',0,0,'B',9,112),
('1185','BEBIDA GASEOSA ENVASE DE VIDRIO RETORNABLE X 625 ML',0,0,'B',9,112),
('1186','BEBIDA GASEOSA DIETETICA ENVASE DE VIDRIO RETORNABLE X 296 ML',0,0,'B',9,112),
('1187','BEBIDA GASEOSA ENVASE DE PLASTICO NO RETORNABLE X 3.300 L',0,0,'B',9,112),
('1188','BEBIDA GASEOSA ENVASE PLASTICO NO RETORNABLE X 2.5 L',0,0,'B',9,112),
('1189','BEBIDA GASEOSA ENVASE DE VIDRIO RETORNABLE X 450 ML',0,0,'B',9,112),
('119','PLANCHA DE FIERRO DE 1 m X 30 cm X 1.5 mm',0,0,'B',3,112),
('1190','AGUA MINERAL ENVASE NO RETORNABLE CON GAS X 500 ML',0,0,'B',9,112),
('1191','AGUA MINERAL DE PLASTICO NO RETORNABLE C/GAS X 2 L',0,0,'B',9,336),
('1192','AGUA MINERAL DE PLASTICO RETORNABLE X 20 L',0,0,'B',9,333),
('1193','AGUA MINERAL ENVASE NO RETORNABLE S/GAS X 500 ML',0,0,'B',9,112),
('1194','AGUA MINERAL VIDRIO RETORNABLE C/GAS X 600 ML',0,0,'B',9,336),
('1195','AGUA MINERAL VIDRIO RETORNABLE S/GAS X 600 ML',0,0,'B',9,336),
('1196','AGUA MINERAL DE PLASTICO RETORNABLE X 19 L',0,0,'B',9,333),
('1197','AGUA MINERAL CAJA X 20 L',0,0,'B',9,337),
('1198','AGUA MINERAL BOTELLA SIN GAS X 02 L X 06 UNI',0,0,'B',9,352),
('1199','AGUA MINERAL S/GAS EN VASO X 500 ML',0,0,'B',9,112),
('12','LIJA PARA METAL N? 100 X 50 UNI',0,0,'B',2,112),
('120','PLANCHA DE FIERRO DE 90 cm X 30 cm X 1.5 mm',0,0,'B',3,112),
('1200','AGUA MINERAL S/GAS X 500 ML',0,0,'B',9,112),
('1201','AGUA MINERAL C/GAS X 500 ML',0,0,'B',9,112),
('1202','AGUA MINERAL BOTELLA CON GAS X 02 L X 06 UNI',0,0,'B',9,352),
('1203','AGUA MINERAL CON GAS EN ENVASE NO RETORNABLE X 625 ML',0,0,'B',9,336),
('1204','AGUA MINERAL SIN GAS EN ENVASE NO RETORNABLE X 625 ML',0,0,'B',9,336),
('1205','AGUA MINERAL CON GAS EN ENVASE NO RETORNABLE X 1 L',0,0,'B',9,112),
('1206','AGUA MINERAL SIN GAS EN ENVASE NO RETORNABLE X 1 L',0,0,'B',9,112),
('1207','AGUA MINERAL PLASTICO NO RETORNABLE S/GAS X 2.5 L X 6 UNI',0,0,'B',9,352),
('1208','AGUA MINERAL PLASTICO NO RETORNABLE C/GAS X 2.5 L X 6 UNI',0,0,'B',9,352),
('1209','AGUA MINERAL DE PLASTICO RETORNABLE x 20 L',0,0,'B',9,434),
('121','PERFIL DE ACERO T DE 1 in X 1/8 in X 6 m',0,0,'B',3,112),
('1210','AGUA MINERAL ENVASE NO RETORNABLE S/GAS X 500 ML X 24 UNI',0,0,'B',9,352),
('1211','AGUA MINERAL SIN GAS ENVASE DESCARTABLE X 20 L',0,0,'B',9,112),
('1212','AGUA MINERAL CON GAS ENVASE PLASTICO NO RETORNABLE X 2.5 L',0,0,'B',9,112),
('1213','REFRESCO SABOR NARANJA X 10 KG',0,0,'B',9,335),
('1214','REFRESCO CHICHA MORADA X 10 KG',0,0,'B',9,335),
('1215','GOMA TRAGACANTO',0,0,'B',9,128),
('1216','REFRESCO CHICHA MORADA X 1 KG',0,0,'B',9,335),
('1217','REFRESCO EN SOBRE DIVERSOS SABORES  DE 30 GRS X 12 UNIDADES',0,0,'B',9,337),
('1218','REFRESCOS SURTIDOS DE 20 GR X 36 UND',0,0,'B',9,337),
('1219','REFRESCO CHICHA MORADA X 15 G',0,0,'B',9,358),
('122','PLANCHA DE FIERRO NEGRO DE 1/20 in X 4 in X 8 in',0,0,'B',3,112),
('1220','REFRESCO DE MARACUYA X 15 G',0,0,'B',9,358),
('1221','REFRESCO DE PI?A X 15 G',0,0,'B',9,358),
('1222','REFRESCO HIDRATANTE X 200 ML',0,0,'B',9,337),
('1223','REFRESCO EN POLVO DE FRUTA X 20 g',0,0,'B',9,112),
('1224','JUGO DE FRUTAS X 200 mL.',0,0,'B',9,112),
('1225','JUGO DE FRUTAS X 1 L.',0,0,'B',9,112),
('1226','JUGO NATURAL DE NARANJA X 200 ML',0,0,'B',9,112),
('1227','JUGO DE MACA DE 1.000 L',0,0,'B',9,345),
('1228','JUGO DE FRUTAS DE 1.000 ML',0,0,'B',9,337),
('1229','JUGO NATURAL DE DURAZNO 200 ML X 24 UNI',0,0,'B',9,337),
('123','PLANCHA ESTRIADA DE FIERRO DE 1.20 m X 2.44 m X 2.5 mm',0,0,'B',3,112),
('1230','JUGO NATURAL DE DURAZNO 200 ML',0,0,'B',9,112),
('1231','JUGO DE KIWICHA X 620 ML',0,0,'B',9,336),
('1232','JUGO NATURAL DE NARANJA X 1 L',0,0,'B',9,112),
('1233','JUGO NATURAL DE NARANJA 1 L X 6 UNI',0,0,'B',9,352),
('1234','JUGO DE FRUTA X 200 ML DIVERSOS SABORES',0,0,'B',9,345),
('1235','JUGO DE FRUTAS SABOR NARANJA X 250 mL',0,0,'B',9,112),
('1236','JUGO DE FRUTAS SABOR DURAZNO X 250 mL',0,0,'B',9,112),
('1237','AMARETTO X 700 ML',0,0,'B',9,336),
('1238','BAILEY\'S IRISH CREAM X 750 ML',0,0,'B',9,336),
('1239','BRANDY X 750 ML',0,0,'B',9,336),
('124','PANEL DE ACERO 1.13 m X 38 cm X 1/27 in DE 70 kg',0,0,'B',3,112),
('1240','CERVEZA X 710 ML',0,0,'B',9,336),
('1241','CHAMPAGNE X 750 ML',0,0,'B',9,336),
('1242','COG?AC X 700 ML',0,0,'B',9,336),
('1243','COINTREAU X 750 ML',0,0,'B',9,336),
('1244','CREMA DE CACAO X 750 ML',0,0,'B',9,336),
('1245','CREMA DE MENTA X 750 ML',0,0,'B',9,336),
('1246','DRAMBUIE X 750 ML',0,0,'B',9,336),
('1247','FRANGELICO X 750 ML',0,0,'B',9,336),
('1248','GIN X 750 ML',0,0,'B',9,336),
('1249','GRAND MARNIER ROJO X 700 ML',0,0,'B',9,336),
('125','PARANTE DE ACERO GALVANIZADO DE 0.45 mm X 64 cm X 38 cm X 3 m',0,0,'B',3,112),
('1250','JEREZ X 750 ML',0,0,'B',9,336),
('1251','MENTA X 750 ML',0,0,'B',9,336),
('1252','OPORTO X 750 ML',0,0,'B',9,336),
('1253','PISCO PURO X 500 ML',0,0,'B',9,336),
('1254','PISCO X 750 ML',0,0,'B',9,336),
('1255','RON BLANCO X 750 ML',0,0,'B',9,336),
('1256','RON RUBIO X 750 ML',0,0,'B',9,336),
('1257','TRIPLE SECO X 700 ML',0,0,'B',9,336),
('1258','VERMOUTH X 900 ML',0,0,'B',9,336),
('1259','VINO TINTO X 750 ML',0,0,'B',9,336),
('126','PERFIL DE ACERO TIPO T DE 1 in X 1 in X 1/16 in X 6 m',0,0,'B',3,112),
('1260','VODKA X 750 ML',0,0,'B',9,336),
('1261','WHISKY X 750 ML',0,0,'B',9,336),
('1262','VINO BLANCO SECO X 750 ML.',0,0,'B',9,112),
('1263','VINO BLANCO KRETICOS X 750 ML.',0,0,'B',9,112),
('1264','VINO GRIEGO BLANCO KRETICOS X 750 ML.',0,0,'B',9,112),
('1265','VINO ROSE SEMI SECO X 750 ML.',0,0,'B',9,112),
('1266','VINO TINTO X 750 ML.',0,0,'B',9,112),
('1267','CREMA DE CAFE  X 250 ML',0,0,'B',9,336),
('1268','VINO TINTO.',0,0,'B',9,349),
('1269','CERVEZA DE 355 ML X 24 UNI',0,0,'B',9,337),
('127','VARILLA DE ACERO CUADRADO DE 4 in X 4 in X 1 m',0,0,'B',3,112),
('1270','CERVEZA DE 250 ML X 24 UNI',0,0,'B',9,337),
('1271','CREMA DE CAFE X 750 mL',0,0,'B',9,336),
('1272','COG?AC X 750 mL',0,0,'B',9,336),
('1273','VERMOUTH  X 750 mL',0,0,'B',9,336),
('1274','WHISKY ETIQUETA NEGRA X 750 mL',0,0,'B',9,112),
('1275','WHISKY ETIQUETA ROJA X 750 mL',0,0,'B',9,112),
('1276','PISCO MOSTO VERDE PURO X 750 mL APROX.',0,0,'B',9,112),
('1277','PISCO ACHOLADO X 750 mL APROX.',0,0,'B',9,112),
('1278','NECTAR DE PURA PULPA NATURAL DURAZNO 1000 ML ( ENVASE TETRAPACK )',0,0,'B',9,337),
('1279','NECTAR DE PURA PULPA NATURAL DURAZNO 1000 ML (VIDRIO NO RETORNABLE)',0,0,'B',9,112),
('128','VARILLA DE ACERO DE 3 in',0,0,'B',3,73),
('1280','NECTAR DE PURA PULPA NATURAL DURAZNO 200 ML ( ENVASE TETRAPACK )',0,0,'B',9,337),
('1281','NECTAR DE PURA PULPA NATURAL DURAZNO 237 ML (VIDRIO NO RETORNABLE)',0,0,'B',9,112),
('1282','NECTAR DE PURA PULPA NATURAL MANGO 1000 ML ( ENVASE TETRAPACK )',0,0,'B',9,337),
('1283','NECTAR DE PURA PULPA NATURAL MANGO 1000 ML (VIDRIO NO RETORNABLE)',0,0,'B',9,112),
('1284','NECTAR DE PURA PULPA NATURAL MANGO 200 ML ( ENVASE TETRAPACK )',0,0,'B',9,337),
('1285','NECTAR DE PURA PULPA NATURAL MANGO 237 ML (VIDRIO NO RETORNABLE)',0,0,'B',9,112),
('1286','NECTAR DE PURA PULPA NATURAL MANZANA 1000 ML ( ENVASE TETRAPACK )',0,0,'B',9,337),
('1287','NECTAR DE PURA PULPA NATURAL MANZANA 1000 ML (VIDRIO NO RETORNABLE)',0,0,'B',9,112),
('1288','NECTAR DE PURA PULPA NATURAL MANZANA 200 ML ( ENVASE TETRAPACK )',0,0,'B',9,337),
('1289','NECTAR DE PURA PULPA NATURAL MANZANA 237 ML (VIDRIO NO RETORNABLE)',0,0,'B',9,112),
('129','VARILLA DE ACERO DE 8 1/2 in X 2 m',0,0,'B',3,112),
('1290','NECTAR DE PURA PULPA NATURAL NARANJA 1000 ML ( ENVASE TETRAPACK )',0,0,'B',9,337),
('1291','NECTAR DE PURA PULPA NATURAL NARANJA 1000 ML (VIDRIO NO RETORNABLE)',0,0,'B',9,112),
('1292','NECTAR DE PURA PULPA NATURAL NARANJA 200 ML ( ENVASE TETRAPACK )',0,0,'B',9,337),
('1293','NECTAR DE PURA PULPA NATURAL NARANJA 237 ML (VIDRIO NO RETORNABLE)',0,0,'B',9,112),
('1294','NECTAR DE PURA PULPA NATURAL PI?A 1000 ML ( ENVASE TETRAPACK )',0,0,'B',9,337),
('1295','NECTAR DE PURA PULPA NATURAL PI?A 1000 ML (VIDRIO NO RETORNABLE)',0,0,'B',9,112),
('1296','NECTAR DE PURA PULPA NATURAL PI?A 200 ML ( ENVASE TETRAPACK )',0,0,'B',9,337),
('1297','NECTAR DE PURA PULPA NATURAL PI?A 237 ML (VIDRIO NO RETORNABLE)',0,0,'B',9,112),
('1298','NECTAR DE PURA PULPA NATURAL DURAZNO 296 ML (VIDRIO NO RETORNABLE)',0,0,'B',9,112),
('1299','NECTAR DE FRUTAS X 200 ML',0,0,'B',9,337),
('13','LIJA DE FIERRO N? 80 X 25 UNI',0,0,'B',2,112),
('130','VARILLA DE ACERO DE 11 in X 2 m',0,0,'B',3,112),
('1300','NECTAR DE PURA PULPA NATURAL 300 ML (VIDRIO NO RETORNABLE)',0,0,'B',9,336),
('1301','NECTAR DE FRUTAS SABORES DIVERSOS X 200 ML.',0,0,'B',9,112),
('1302','NECTAR DE FRUTAS X 200 ML X 24 UND',0,0,'B',9,352),
('1303','NECTAR DE PULPA DE DURAZNO 150 ML',0,0,'B',9,112),
('1304','NECTAR DE FRUTA CAJA X 1 L',0,0,'B',9,112),
('1305','NECTAR DE FRUTA ENVASE DE VIDRIO NO RETORNABLE X 1 L',0,0,'B',9,112),
('1306','NECTAR DE FRUTA ENVASE DE VIDRIO NO RETORNABLE X 237 ML',0,0,'B',9,112),
('1307','NECTAR DE FRUTA ENVASE DE VIDRIO NO RETORNABLE X 296 ML',0,0,'B',9,112),
('1308','NECTAR DE FRUTA ENVASE DE VIDRIO NO RETORNABLE X 180 ML',0,0,'B',9,112),
('1309','NECTAR DE FRUTA ENVASE DE CARTON X 180 ML',0,0,'B',9,112),
('131','VARILLA DE ACERO DE 9 in X 2 m',0,0,'B',3,112),
('1310','AGUA DE MESA PLASTICO NO RETORNABLE C/GAS X 1.5 L X 6 UNI',0,0,'B',9,352),
('1311','AGUA DE MESA PLASTICO NO RETORNABLE C/GAS X 2 L X 4 UNI',0,0,'B',9,352),
('1312','AGUA DE MESA PLASTICO NO RETORNABLE C/GAS X 2 L X 6 UNI',0,0,'B',9,352),
('1313','AGUA DE MESA PLASTICO NO RETORNABLE C/GAS X 2.5 L X 4 UNI',0,0,'B',9,352),
('1314','AGUA DE MESA PLASTICO NO RETORNABLE C/GAS X 2.5 L X 6 UNI',0,0,'B',9,352),
('1315','AGUA DE MESA PLASTICO NO RETORNABLE C/GAS X 355 ML X 12 UNI',0,0,'B',9,352),
('1316','AGUA DE MESA PLASTICO NO RETORNABLE C/GAS X 355 ML X 6 UNI',0,0,'B',9,352),
('1317','AGUA DE MESA PLASTICO NO RETORNABLE C/GAS X 400 ML X 12 UNI',0,0,'B',9,352),
('1318','AGUA DE MESA PLASTICO NO RETORNABLE C/GAS X 400 ML X 6 UNI',0,0,'B',9,352),
('1319','AGUA DE MESA PLASTICO NO RETORNABLE C/GAS X 600 ML X 12 UNI',0,0,'B',9,352),
('132','VARILLA DE ACERO DE 2 3/4 in X 1 m',0,0,'B',3,112),
('1320','AGUA DE MESA PLASTICO NO RETORNABLE C/GAS X 600 ML X 6 UNI',0,0,'B',9,352),
('1321','AGUA DE MESA PLASTICO NO RETORNABLE C/GAS X 720 ML X 12 UNI',0,0,'B',9,352),
('1322','AGUA DE MESA PLASTICO NO RETORNABLE C/GAS X 720 ML X 15 UNI',0,0,'B',9,352),
('1323','AGUA DE MESA PLASTICO NO RETORNABLE C/GAS X 720 ML X 6 UNI',0,0,'B',9,352),
('1324','AGUA DE MESA PLASTICO NO RETORNABLE S/GAS X 1 L X 6 UNI',0,0,'B',9,352),
('1325','AGUA DE MESA PLASTICO NO RETORNABLE S/GAS X 1.5 L X 6 UNI',0,0,'B',9,352),
('1326','AGUA DE MESA PLASTICO NO RETORNABLE S/GAS X 2 L X 4 UNI',0,0,'B',9,352),
('1327','AGUA DE MESA PLASTICO NO RETORNABLE S/GAS X 2 L X 6 UNI',0,0,'B',9,352),
('1328','AGUA DE MESA PLASTICO NO RETORNABLE S/GAS X 2.5 L X 4 UNI',0,0,'B',9,352),
('1329','AGUA DE MESA PLASTICO NO RETORNABLE S/GAS X 3 LT X 4 UNI',0,0,'B',9,352),
('133','VARILLA DE ACERO DE 3 1/4 in X 12 m',0,0,'B',3,112),
('1330','AGUA DE MESA PLASTICO NO RETORNABLE S/GAS X 355 ML X 12 UNI',0,0,'B',9,352),
('1331','AGUA DE MESA PLASTICO NO RETORNABLE S/GAS X 355 ML X 6 UNI',0,0,'B',9,352),
('1332','AGUA DE MESA PLASTICO NO RETORNABLE S/GAS X 400 ML X 12 UNI',0,0,'B',9,352),
('1333','AGUA DE MESA PLASTICO NO RETORNABLE S/GAS X 400 ML X 6 UNI',0,0,'B',9,352),
('1334','AGUA DE MESA PLASTICO NO RETORNABLE S/GAS X 600 ML X 12 UNI',0,0,'B',9,352),
('1335','AGUA DE MESA PLASTICO NO RETORNABLE S/GAS X 600 ML X 6 UNI',0,0,'B',9,352),
('1336','AGUA DE MESA PLASTICO NO RETORNABLE S/GAS X 720 ML X 12 UNI',0,0,'B',9,352),
('1337','AGUA DE MESA PLASTICO NO RETORNABLE S/GAS X 720 ML X 15 UNI',0,0,'B',9,352),
('1338','AGUA DE MESA PLASTICO NO RETORNABLE S/GAS X 720 ML X 6 UNI',0,0,'B',9,352),
('1339','AGUA DE MESA PLASTICO RETORNABLE X 10 L',0,0,'B',9,333),
('134','VARILLA DE ACERO DE 7 1/2 in X 2.75 m',0,0,'B',3,112),
('1340','AGUA DE MESA PLASTICO RETORNABLE X 19 L',0,0,'B',9,333),
('1341','AGUA DE MESA PLASTICO RETORNABLE X 20 L',0,0,'B',9,333),
('1342','AGUA DE MESA VIDRIO RETORNABLE C/GAS X 296 ML X 24 UNI',0,0,'B',9,337),
('1343','AGUA DE MESA VIDRIO RETORNABLE S/GAS X 296 ML X 24 UNI',0,0,'B',9,337),
('1344','AGUA PURIFICADA  BIDON X 20 L EQ. COMPLETO DISPENSADOR',0,0,'B',9,112),
('1345','AGUA DE MESA PLASTICO NO RETORNABLE S/GAS X 1.5 L',0,0,'B',9,112),
('1346','AGUA DE MESA PLASTICO NO RETORNABLE C/GAS X 1.5 L',0,0,'B',9,112),
('1347','AGUA DE MESA PLASTICO NO RETORNABLE C/GAS X 500 ML',0,0,'B',9,112),
('1348','AGUA DE MESA PLASTICO NO RETORNABLE S/GAS X 2 L',0,0,'B',9,112),
('1349','AGUA DE MESA PLASTICO NO RETORNABLE C/GAS X 1/2 L X 12 BOTELLAS',0,0,'B',9,352),
('135','VARILLA DE ACERO DE 5 in X 4 m',0,0,'B',3,112),
('1350','AGUA DE MESA PLASTICO RETORNABLE X 21 L',0,0,'B',9,333),
('1351','AGUA DE MESA PLASTICO NO RETORNABLE C/GAS X 2 L',0,0,'B',9,112),
('1352','AGUA PURIFICADA X 19 L',0,0,'B',9,333),
('1353','AGUA DE MESA PLASTICO NO RETORNABLE S/GAS X 600 ML',0,0,'B',9,112),
('1354','AGUA DE MESA PLASTICO NO RETORNABLE C/GAS X 600 ML',0,0,'B',9,112),
('1355','AGUA DE MESA PLASTICO NO RETORNABLE S/GAS X 6 L',0,0,'B',9,333),
('1356','AGUA DE MESA PLASTICO NO RETORNABLE C/GAS X 6 L',0,0,'B',9,112),
('1357','AGUA DE MESA DE PLASTICO NO RETORNABLE S/GAS X 2.5 L X 6 UNI',0,0,'B',9,352),
('1358','AGUA DE MESA DE PLASTICO NO RETORNABLE S/GAS X 10 L',0,0,'B',9,333),
('1359','AGUA DE MESA CON GAS ENVASE PLASTICO NO RETORNABLE X 2.5 L',0,0,'B',9,112),
('136','VARILLA DE ACERO DE 5 1/2 in X 150 m',0,0,'B',3,112),
('1360','AGUA DE MESA SIN GAS ENVASE PLASTICO NO RETORNABLE X 2.5 L',0,0,'B',9,112),
('1361','AGUA DE MESA CON GAS ENVASE PLASTICO NO RETORNABLE X 355 ML',0,0,'B',9,112),
('1362','AGUA DE MESA CON GAS ENVASE PLASTICO NO RETORNABLE X 400 ML',0,0,'B',9,112),
('1363','AGUA DE MESA CON GAS ENVASE PLASTICO NO RETORNABLE X 720 ML',0,0,'B',9,112),
('1364','AGUA DE MESA SIN GAS ENVASE PLASTICO NO RETORNABLE X 1 L',0,0,'B',9,112),
('1365','AGUA DE MESA SIN GAS ENVASE PLASTICO NO RETORNABLE X 3 L',0,0,'B',9,112),
('1366','AGUA DE MESA SIN GAS ENVASE PLASTICO NO RETORNABLE X 355 ML',0,0,'B',9,112),
('1367','AGUA DE MESA SIN GAS ENVASE PLASTICO NO RETORNABLE X 400 ML',0,0,'B',9,112),
('1368','AGUA DE MESA SIN GAS ENVASE PLASTICO NO RETORNABLE X 720 ML',0,0,'B',9,112),
('1369','AGUA DE MESA CON GAS ENVASE PLASTICO NO RETORNABLE X 296 ML',0,0,'B',9,112),
('137','VARILLA DE EXTENSION DE ACERO DE 6 3/4 in X 1.60 m',0,0,'B',3,112),
('1370','AGUA DE MESA SIN GAS ENVASE PLASTICO NO RETORNABLE X 296 ML',0,0,'B',9,112),
('1371','AGUA DE MESA PLASTICO NO RETORNABLE S/GAS X 20 L',0,0,'B',9,112),
('1372','ALGARROBINA X 1 L',0,0,'B',9,336),
('1373','CHANCACA',0,0,'B',9,128),
('1374','BEBIDA ENERGIZANTE ENVASE DE VIDRIO X 473 ML  ',0,0,'B',9,345),
('1375','BEBIDA ENERGIZANTE X 473 ML X 24 UNI',0,0,'B',9,352),
('1376','BEBIDA ENERGIZANTE X 473 ML X 6 UNI',0,0,'B',9,352),
('1377','ALGARROBINA X 500 ML',0,0,'B',9,336),
('1378','ALIMENTO ENERGETICO INSTANTANEO DE 450 G(A BASE DE MALTOSA DEXTRINA ADICIONADO C',0,0,'B',9,112),
('1379','BEBIDA ENERGIZANTE X 591 ML',0,0,'B',9,112),
('138','PLANCHA DE ACERO INOXIDABLE DE 4 in X 8 in 1/8 in',0,0,'B',3,112),
('1380','CHANCACA (CHIPAS X 4 BOLAS)',0,0,'B',9,112),
('1381','ALGARROBINA X 1000 ML',0,0,'B',9,336),
('1382','BEBIDA HIDRATANTE VIDRIO NO RETORNABLE X 473 ML',0,0,'B',9,336),
('1383','REFRESCO HIDRATANTE X 470 ML',0,0,'B',9,345),
('1384','ALGARROBINA',0,0,'B',9,349),
('1385','BEBIDA REHIDRATANTE 500 ML',0,0,'B',9,336),
('1386','BEBIDA ENERGIZANTE X 330 ML',0,0,'B',9,336),
('1387','BEBIDA REHIDRATANTE 450 ML',0,0,'B',9,336),
('1388','BEBIDA REHIDRATANTE 473 ML',0,0,'B',9,336),
('1389','ALGARROBINA 750 ML',0,0,'B',9,336),
('139','PLATINA DE ACERO INOXODABLE 316 DE 5/8 in X 1 1/2 in X 6M',0,0,'B',3,112),
('1390','ALGARROBINA 500 ML X 12 UNI',0,0,'B',9,337),
('1391','BEBIDA ENERGIZANTE X 375 ML X 24 UNI',0,0,'B',9,337),
('1392','BEBIDA REHIDRATANTE 200 ML',0,0,'B',9,336),
('1393','REFRESCO HIDRATANTE X 250 ML',0,0,'B',9,345),
('1394','BEBIDA REHIDRATANTE VIDRIO NO RETORNABLE X 473 ML',0,0,'B',9,336),
('1395','BEBIDA REHIDRATANTE 360 ML',0,0,'B',9,336),
('1396','HIELO.',0,0,'B',9,428),
('1397','HIELO EN CUBITOS X 3 kg',0,0,'B',9,112),
('1398','CARNE DE PATO',0,0,'B',9,128),
('1399','MENUDENCIA DE AVES',0,0,'B',9,128),
('14','LIJA DE AGUA N? 250 X 25 UNI',0,0,'B',2,112),
('140','PLATINA DE ACERO INOXIDABLE 304  1 in X 1/8 in X 6M',0,0,'B',3,112),
('1400','HAMBURGUESA DE POLLO X 16 UNIDADES',0,0,'B',9,337),
('1401','PAVO X 5 KG.',0,0,'B',9,112),
('1402','PAVO 10 KGS',0,0,'B',9,112),
('1403','CARNE DE POLLO LIGHT',0,0,'B',9,128),
('1404','POLLO ENTERO DE 2.2O KG APROX.',0,0,'B',9,112),
('1405','PAVO ENTERO DE 7 KG APROX.',0,0,'B',9,112),
('1406','NUGGETS DE POLLO X 16 UNI',0,0,'B',9,337),
('1407','MOLLEJA',0,0,'B',9,128),
('1408','HIGADO DE POLLO X 3/4 KG',0,0,'B',9,352),
('1409','PAVO ENTERO CON VISCERAS DE 8 KG APROX.',0,0,'B',9,112),
('141','PLATINA DE ACERO INOXIDABLE 304  1 in X 3/16 in X 6M',0,0,'B',3,112),
('1410','PAVO ENTERO CONGELADO X 10 KG',0,0,'B',9,112),
('1411','BOFE',0,0,'B',9,128),
('1412','CARNE MOLIDA',0,0,'B',9,128),
('1413','CORAZON',0,0,'B',9,128),
('1414','CARNE DE RES BISTECK',0,0,'B',9,128),
('1415','CORAZON DE VACA',0,0,'B',9,128),
('1416','CARNE DE RES BOLA DE LOMO',0,0,'B',9,128),
('1417','PULMON DE RES',0,0,'B',9,128),
('1418','HAMBURGUESA DE CARNE X 16 UNIDADES',0,0,'B',9,337),
('1419','CARNE DE RES PARA ASADO',0,0,'B',9,128),
('142','VARILLA DE BRONCE REDONDO DE 3/4 in',0,0,'B',3,73),
('1420','CARNE DE PECHO PARA SANCOCHADO',0,0,'B',9,128),
('1421','CARNE DE RES PARA SANCOCHADO',0,0,'B',9,128),
('1422','HIGADO DE RES.',0,0,'B',9,112),
('1423','CARNE DE CARNERO EXTREMIDADES CORTADAS',0,0,'B',9,128),
('1424','CABEZA DE  CORDERO',0,0,'B',9,112),
('1425','LIZA',0,0,'B',9,128),
('1426','HAMBURGUESA DE POTA BOLSA X 250 g',0,0,'B',9,112),
('1427','NUGGETS DE POTA BOLSA X 250 g',0,0,'B',9,112),
('1428','MILANESA DE POTA BOLSA X 500 g',0,0,'B',9,112),
('1429','PESCADO PEJE BLANCO',0,0,'B',9,128),
('143','VARILLA DE ACERO INOXIDABLE CUADRADO DE 3/8 in X 6 M',0,0,'B',3,112),
('1430','POTA EN TROZOS EN AGUA Y SAL X 1 lb',0,0,'B',9,112),
('1431','AJI AMARILLO ( AJI  LIMO)  X 1/2 KG',0,0,'B',9,352),
('1432','AJI AMARILLO ( AJI LIMO )  X 1 1/2 KG',0,0,'B',9,352),
('1433','AJI AMARILLO ( AJI LIMO)',0,0,'B',9,112),
('1434','AJI MIRASOL',0,0,'B',9,128),
('1435','AJI PANCA X 1/2 KG',0,0,'B',9,352),
('1436','AJO PELADO A GRANEL',0,0,'B',9,128),
('1437','AJO PELADO X 1.5 kg',0,0,'B',9,112),
('1438','AJO PELADO X 500 g',0,0,'B',9,112),
('1439','AJO ENTERO',0,0,'B',9,128),
('144','VARILLA DE ACERO INOXIDABLE CUADRADO SOLIDO 5/8 in X 6 M',0,0,'B',3,112),
('1440','HONGOS',0,0,'B',9,128),
('1441','LAUREL',0,0,'B',9,128),
('1442','MAYONESA X 3.1  kg',0,0,'B',9,112),
('1443','MAYONESA X 405  g',0,0,'B',9,112),
('1444','OREGANO ( KILOGRAMO)',0,0,'B',9,128),
('1445','PALILLO',0,0,'B',9,128),
('1446','SILLAO X 500 mL',0,0,'B',9,112),
('1447','TUCO DE CARNE X 245 g',0,0,'B',9,112),
('1448','PIMIENTA MOLIDA NEGRA',0,0,'B',9,345),
('1449','VINAGRE TINTO',0,0,'B',9,112),
('145','VARILLA DE ACERO INOXIDABLE REDONDA 1/4 in X 6 M',0,0,'B',3,112),
('1450','AJI AMARILLO SECO',0,0,'B',9,128),
('1451','AJI VERDE',0,0,'B',9,128),
('1452','ROCOTO',0,0,'B',9,128),
('1453','KION FRESCO',0,0,'B',9,128),
('1454','SILLAO X 1 L',0,0,'B',9,112),
('1455','AJI AMARILLO',0,0,'B',9,128),
('1456','SALSA DE TAMARINDO X 500 mL',0,0,'B',9,112),
('1457','PIMIENTA CHINA',0,0,'B',9,128),
('1458','AJI ARNAUCHO O  MONO',0,0,'B',9,128),
('1459','VINAGRE TINTO X 500 mL',0,0,'B',9,112),
('146','VARILLA DE ACERO INOXIDABLE REDONDA 3/32  in X 6 m',0,0,'B',3,112),
('1460','HONGOS SECOS',0,0,'B',9,128),
('1461','VINAGRE BLANCO X 500 mL',0,0,'B',9,112),
('1462','AJI MONTANA',0,0,'B',9,128),
('1463','AJO CRIOLLO O NAPURI',0,0,'B',9,128),
('1464','MAYONESA X 1  kg',0,0,'B',9,128),
('1465','MOSTAZA A GRANEL',0,0,'B',9,128),
('1466','AJI PANCA.',0,0,'B',9,128),
('1467','TUCO TALLARIN EN POLVO',0,0,'B',9,128),
('1468','SALSA DE TOMATE X 450 g',0,0,'B',9,112),
('1469','SALSA DE TOMATE X 500 g',0,0,'B',9,112),
('147','VIGA DE ACERO ESTRUCTURAL TIPO S LAMINADA EN CALIENTE 4 in DE ALTURA 20 PIES LON',0,0,'B',3,112),
('1470','COMINO MOLIDO X KILO',0,0,'B',9,128),
('1471','SILLAO DE 1 L X 12 UNIDADES',0,0,'B',9,337),
('1472','SILLAO X 5 L',0,0,'B',9,112),
('1473','AJO CHINO',0,0,'B',9,112),
('1474','MOSTAZA X 4 kg',0,0,'B',9,112),
('1475','SILLAO DE SOYA DE 500 CC',0,0,'B',9,336),
('1476','VINAGRE BLANCO',0,0,'B',9,349),
('1477','MOSTAZA 125 mL',0,0,'B',9,112),
('1478','AJI ARNAUCHO',0,0,'B',9,128),
('1479','SILLAO CON CHAMPI?ONES X 600 mL',0,0,'B',9,112),
('148','VIGA DE ACERO ESTRUCTURAL TIPO W LAMINADA EN CALIENTE 6 in DE ALTURA 20 PIES LON',0,0,'B',3,112),
('1480','PIMIENTA ENTERA X KG.',0,0,'B',9,128),
('1481','KETCHUP X 1 kg',0,0,'B',9,128),
('1482','KETCHUP X 1000ML',0,0,'B',9,112),
('1483','AJI CHUNCHO',0,0,'B',9,128),
('1484','MOSTAZA X 230 g',0,0,'B',9,112),
('1485','MOSTAZA X 10 g',0,0,'B',9,112),
('1486','KETCHUP X 10 g',0,0,'B',9,112),
('1487','MAYONESA X 12 FCOS X 350 GR. C/U',0,0,'B',9,337),
('1488','MOSTAZA X 12 FCOS X 227 GR. C/U',0,0,'B',9,337),
('1489','SALSA DE TOMATE X 12 LATAS X 350 GR. C/U',0,0,'B',9,337),
('149','VIGA DE ACERO ESTRUCTURAL TIPO I LAMINADA EN CALIENTE 6 in DE ALTURA 20 PIES LON',0,0,'B',3,112),
('1490','MOSTAZA X 100 g',0,0,'B',9,112),
('1491','SALSA DE TOMATE A GRANEL',0,0,'B',9,128),
('1492','MAYONESA X 24 SOBRES X 100GR C/U',0,0,'B',9,337),
('1493','KETCHUP X 500 g',0,0,'B',9,112),
('1494','MOSTAZA X 500 g',0,0,'B',9,112),
('1495','MOSTAZA X 250 g',0,0,'B',9,112),
('1496','AJI VERDE AMARILLO',0,0,'B',9,128),
('1497','AJI PANCA COLORADO',0,0,'B',9,128),
('1498','SILLAO 500 CC DE 12 UND',0,0,'B',9,337),
('1499','MAYONESA DE 100 GR. X 12 UND.',0,0,'B',9,337),
('15','LIJA DE AGUA N? 400 X 25 UNI',0,0,'B',2,112),
('150','TUBO DE ACERO INOXIDABLE DE 1 1/2 in X 6 M',0,0,'B',3,112),
('1500','SALSA DE SOYA DE 125 ML',0,0,'B',9,345),
('1501','SILLAO SOY SAUCE 750 ML',0,0,'B',9,345),
('1502','AJI PANCA SECO',0,0,'B',9,128),
('1503','KETCHUP A GRANEL',0,0,'B',9,128),
('1504','VINAGRE TINTO A GRANEL',0,0,'B',9,419),
('1505','AJI COLORADO',0,0,'B',9,128),
('1506','CANELA MOLIDA.',0,0,'B',9,128),
('1507','SILLAO X 340 ML X 12 UNI',0,0,'B',9,337),
('1508','PIMIENTA NEGRA MOLIDA.',0,0,'B',9,327),
('1509','PALILLO MOLIDO.',0,0,'B',9,327),
('151','TUBO DE ACERO INOXIDABLE 1/2 in X 6 m',0,0,'B',3,112),
('1510','PIMIENTA BLANCA.',0,0,'B',9,327),
('1511','CANELA CHINA GRANEL.',0,0,'B',9,327),
('1512','CANELA MOLIDA .',0,0,'B',9,327),
('1513','CLAVO DE OLOR.',0,0,'B',9,327),
('1514','MAYONESA X 500  g',0,0,'B',9,112),
('1515','HONGOS Y LAUREL',0,0,'B',9,128),
('1516','SILLAO DE 500 ML X 12 UNI',0,0,'B',9,337),
('1517','SILLAO DE 500 ML X 24 UNI',0,0,'B',9,337),
('1518','HONGOS CON LAUREL',0,0,'B',9,128),
('1519','COLORANTE VEGETAL AMARILLO EN POLVO',0,0,'B',9,128),
('152','MALLA DE ACERO INOXIDABLE TIPO MOSQUITERO DE 2.10 m X 90 cm',0,0,'B',3,112),
('1520','COLORANTE VEGETAL ROJO EN POLVO',0,0,'B',9,128),
('1521','SALSA DE TOMATE X 190 G X 6 UNI',0,0,'B',9,352),
('1522','AJI ESCABECHE',0,0,'B',9,128),
('1523','AJI MOCHERO',0,0,'B',9,128),
('1524','AJI AMARILLO EN POLVO A GRANEL',0,0,'B',9,128),
('1525','MAYONESA X 500 G.',0,0,'B',9,358),
('1526','SALSA DE TAMARINDO X 750 mL',0,0,'B',9,112),
('1527','AJI AMARILLO LIMO',0,0,'B',9,128),
('1528','MENSI A GRANEL',0,0,'B',9,128),
('1529','CLAVO DE OLOR ENTERO',0,0,'B',9,128),
('153','MALLA DE ACERO INOXIDABLE TIPO MOSQUITERO DE 90 cm X 48 cm',0,0,'B',3,112),
('1530','AJI PANCA ENTERO',0,0,'B',9,128),
('1531','VINAGRE BLANCO X 250 mL',0,0,'B',9,112),
('1532','SALSA DE OSTION X 750 mL',0,0,'B',9,112),
('1533','SALSA DE OSTION X 1 L',0,0,'B',9,112),
('1534','VINAGRE TINTO X 5 L',0,0,'B',9,112),
('1535','AJI AMARILLO SECO X 3/4 KG',0,0,'B',9,352),
('1536','OREGANO FRESCO.',0,0,'B',9,128),
('1537','TUCO DE CARNE X 125 g',0,0,'B',9,112),
('1538','MAYONESA X 1000 ML',0,0,'B',9,358),
('1539','MAYONESA X 500 ML',0,0,'B',9,358),
('154','MALLA DE ACERO INOXIDABLE TIPO MOSQUITERO DE 1.20 m X 30 cm',0,0,'B',3,112),
('1540','AJO PELADO GRANDE',0,0,'B',9,128),
('1541','PIMENTON',0,0,'B',9,128),
('1542','KETCHUP X 4 kg',0,0,'B',9,112),
('1543','KETCHUP X 400 g',0,0,'B',9,112),
('1544','KETCHUP X 3 kg',0,0,'B',9,112),
('1545','KETCHUP x 500 GR x 12  FCOS.',0,0,'B',9,337),
('1546','KETCHUP X 370 g',0,0,'B',9,112),
('1547','KETCHUP X 390 g',0,0,'B',9,112),
('1548','KETCHUP X 350 g',0,0,'B',9,112),
('1549','KETCHUP X 780 g',0,0,'B',9,112),
('155','MALLA DE ACERO QUIRURGICO TIPO MOSQUITERO DE 60 cm X 50 cm',0,0,'B',3,112),
('1550','MOSTAZA X 227 g',0,0,'B',9,112),
('1551','SILLAO DE 450 ML X 12 UNI',0,0,'B',9,337),
('1552','SILLAO X 750 Ml',0,0,'B',9,112),
('1553','SALSA DE TAMARINDO X 350 mL',0,0,'B',9,112),
('1554','SALSA DE TOMATE X 130 g',0,0,'B',9,112),
('1555','SALSA DE TOMATE X 255 G X 12 UNI',0,0,'B',9,337),
('1556','TUCO DE CARNE X 255 g',0,0,'B',9,112),
('1557','MENSI X 600 g',0,0,'B',9,112),
('1558','COLORANTE VEGETAL EN POLVO A GRANEL',0,0,'B',9,128),
('1559','MAYONESA ENVASE X 100  g',0,0,'B',9,112),
('156','RESORTE DE ACERO DE 5/8 in DE DIAMETRO X 5 in LONG X ESPIRAS 1/16 in DE ESPESOR',0,0,'B',3,112),
('1560','MAYONESA ENVASE X 350  g',0,0,'B',9,112),
('1561','MAYONESA A GRANEL.',0,0,'B',9,128),
('1562','MOSTAZA A GRANEL.',0,0,'B',9,128),
('1563','SALSA DE TOMATE ENVASE X 350 g',0,0,'B',9,112),
('1564','SALSA DE TOMATE ENVASE X 190 g',0,0,'B',9,112),
('1565','SALSA DE TOMATE ENVASE X 255 g',0,0,'B',9,112),
('1566','SILLAO ENVASE X 450 mL',0,0,'B',9,112),
('1567','SILLAO ENVASE X 340 mL',0,0,'B',9,112),
('1568','SILLAO A GRANEL',0,0,'B',9,128),
('1569','VINAGRE BLANCO A GRANEL',0,0,'B',9,419),
('157','RESORTE DE ACERO CHICO DE 3 in X 1/4 in',0,0,'B',3,112),
('1570','PIMIENTA ENTERA LLANA',0,0,'B',9,128),
('1571','PIMIENTA ENTERA CRESPA',0,0,'B',9,128),
('1572','ALGARROBO ENTERO',0,0,'B',9,128),
('1573','ALGARROBO MOLIDO',0,0,'B',9,128),
('1574','ESENCIA DE VAINILLA X BOTELLA DE LITRO',0,0,'B',9,337),
('1575','ESENCIA DE BERGAMOTA',0,0,'B',9,349),
('1576','ESENCIA DE LAVANDA',0,0,'B',9,349),
('1577','ESENCIA DE LIMON',0,0,'B',9,349),
('1578','ESENCIA DE NARANJA AMARGA',0,0,'B',9,349),
('1579','ESENCIA DE VAINILLA X LITRO X 12 UNIDADES',0,0,'B',9,337),
('158','RESORTE DE ACERO MEDIANO DE 4 in X 1/4 in',0,0,'B',3,112),
('1580','ESENCIA DE VAINILLA X 750 ML',0,0,'B',9,343),
('1581','ESENCIA DE PLATANO X 100 mL',0,0,'B',9,112),
('1582','COLA DE CABALLO X 1000 Gr.',0,0,'B',9,128),
('1583','ANIS ENTERO A GRANEL',0,0,'B',9,128),
('1584','ANIS FILTRANTE X 100 SOBRES',0,0,'B',9,112),
('1585','ARROZ  X KILO  (PAQUETE POR  12 UNID )',0,0,'B',9,352),
('1586','ARROZ X  50  KG',0,0,'B',9,378),
('1587','BOLDO FILTRANTE X 100 SOBRES',0,0,'B',9,112),
('1588','HIERBA LUISA FILTRANTE X 100 SOBRES',0,0,'B',9,112),
('1589','MANZANILLA FILTRANTE X 100 SOBRES',0,0,'B',9,112),
('159','RESORTE DE ACERO 3 in X 1/4 in',0,0,'B',3,112),
('1590','MATE DE COCA FILTRANTE X 100 SOBRES',0,0,'B',9,112),
('1591','TE CANELA CLAVO FILTRANTE X 100 SOBRES',0,0,'B',9,112),
('1592','TE FILTRANTE X 100 SOBRES',0,0,'B',9,112),
('1593','ANIS FILTRANTE X 25 SOBRES',0,0,'B',9,112),
('1594','HIERBA LUISA',0,0,'B',9,128),
('1595','MANZANILLA FRESCA',0,0,'B',9,128),
('1596','TE A GRANEL',0,0,'B',9,128),
('1597','LINASA X 10 kg',0,0,'B',9,112),
('1598','MATICO',0,0,'B',9,128),
('1599','LINASA',0,0,'B',9,128),
('16','PASTA LIMPIADORA DE RODILLOS X 700 GR',0,0,'B',2,112),
('160','RESORTE DE ACERO 4 in X 1/4 in',0,0,'B',3,112),
('1600','HIERBA CEDRON',0,0,'B',9,128),
('1601','MATE DE COCA X 25 UNIDADES',0,0,'B',9,337),
('1602','MANZANILLA FILTRANTE X 25 SOBRES',0,0,'B',9,112),
('1603','TE FILTRANTE X 25 SOBRES',0,0,'B',9,112),
('1604','TE NEGRO',0,0,'B',9,128),
('1605','BOLDO GRANEL',0,0,'B',9,128),
('1606','HIERBA LUISA-MANZANILLA X 100 UNIDADES',0,0,'B',9,337),
('1607','HINOJO',0,0,'B',9,128),
('1608','MATE SURTIDOS FILTRANTES X 100 SOBRES',0,0,'B',9,112),
('1609','HIERBA  CEDRON.',0,0,'B',9,435),
('161','TUBO DE ACERO  CUADRADO DE  1 1/4 in X 4 M',0,0,'B',3,112),
('1610','HIERBA PANISARA',0,0,'B',9,112),
('1611','MATE SURTIDOS FILTRANTES X 25 SOBRES',0,0,'B',9,112),
('1612','ANIS .',0,0,'B',9,128),
('1613','ANIS ESTRELLA',0,0,'B',9,128),
('1614','HIERBA LUISA FILTRANTE X 25 SOBRES',0,0,'B',9,112),
('1615','BOLDO FILTRANTE X 25 SOBRES',0,0,'B',9,112),
('1616','GLUTAMATO MONOSODICO',0,0,'B',9,128),
('1617','POLVO DE HORNEAR',0,0,'B',9,128),
('1618','GLUTAMATO MONOSODICO X 80 g',0,0,'B',9,112),
('1619','COLAPIZ X 20 g',0,0,'B',9,112),
('162','TUBO DE ACERO CUADRADO DE 40 MM X 40 MM X 3 MM X 6 M',0,0,'B',3,112),
('1620','GLUTAMATO MONOSODICO X  10 g',0,0,'B',9,112),
('1621','GLUTAMATO MONOSODICO X 35 g',0,0,'B',9,112),
('1622','POLVO DE HORNEAR X 20 g',0,0,'B',9,112),
('1623','COLAPIZ',0,0,'B',9,128),
('1624','MEJORADOR PARA PANADERIA',0,0,'B',9,128),
('1625','GLUTAMATO MONOSODICO X 100 G X 20 UNI',0,0,'B',9,352),
('1626','TAUSI..',0,0,'B',9,128),
('1627','MEJORADOR DE PAN X 500 g',0,0,'B',9,112),
('1628','LEVADURA FRESCA',0,0,'B',9,128),
('1629','LEVADURA GRANULADA SECA',0,0,'B',9,128),
('163','TUBO DE ACERO CUADRADO DE 50 MM X 40 MM X 3 MM X 6 M',0,0,'B',3,112),
('1630','LEVADURA SECA',0,0,'B',9,128),
('1631','MEJORADOR DE PAN',0,0,'B',9,128),
('1632','GLUTAMATO MONOSODICO X 100 g',0,0,'B',9,112),
('1633','AGUA DE AZAHAR X 500 ML',0,0,'B',9,345),
('1634','AGUA DE AZAHAR X 240 ML',0,0,'B',9,345),
('1635','AGUA DE AZAHAR X 120 ML',0,0,'B',9,345),
('1636','RUDA',0,0,'B',9,435),
('1637','LLANTEN',0,0,'B',9,420),
('1638','CALDO DE CARNE X 10 PASTILLAS',0,0,'B',9,337),
('1639','CALDO DE CARNE X 15 PASTILLAS',0,0,'B',9,337),
('164','TUBO DE ACERO CUADRADO DE 40 MM X 40 MM X 1.5 MM',0,0,'B',3,112),
('1640','CALDO DE CARNE X 24 PASTILLAS',0,0,'B',9,337),
('1641','CALDO DE GALLINA X 10 PASTILLAS',0,0,'B',9,337),
('1642','CALDO DE GALLINA X 15 PASTILLAS',0,0,'B',9,337),
('1643','CALDO DE GALLINA X 24 PASTILLAS',0,0,'B',9,337),
('1644','CALDO DE VERDURA X 10 PASTILLAS',0,0,'B',9,337),
('1645','CALDO DE VERDURA X 15 PASTILLAS',0,0,'B',9,337),
('1646','CALDO DE VERDURA X 24 PASTILLAS',0,0,'B',9,337),
('1647','CALDO DE GALLINA X 2 PASTILLAS',0,0,'B',9,337),
('1648','CALDO DE POLLO X 24 PASTILLAS',0,0,'B',9,337),
('1649','CALDO DE CARNE X 2 PASTILLAS',0,0,'B',9,337),
('165','ALAMBRE DE FIERRO NEGRO N? 14 (AL PESO)',0,0,'B',3,128),
('1650','SUSTANCIA DE POLLO X 2 PASTILLAS',0,0,'B',9,337),
('1651','SOPA INSTANTANEA X 122 g',0,0,'B',9,112),
('1652','SOPA DE POLLO CON VERDURAS X 85 g',0,0,'B',9,112),
('1653','COLORANTE VEGETAL EN POLVO',0,0,'B',9,128),
('1654','COLORANTE VEGETAL LIQUIDO',0,0,'B',9,349),
('1655','BOCADITOS EN GENERAL',0,0,'B',9,112),
('1656','ALFAJORES',0,0,'B',9,112),
('1657','HOJARASCA',0,0,'B',9,339),
('1658','PAPITAS FRITAS DE 198 GRS',0,0,'B',9,348),
('1659','MANI, PASA Y HABAS SURTIDAS X 250 GRS',0,0,'B',9,348),
('166','ALAMBRE DE FIERRO NEGRO N? 12 (AL PESO)',0,0,'B',3,128),
('1660','PELLEJO FRITO DE CHANCHO',0,0,'B',9,128),
('1661','PAPAS ARTESANAS 170GRS',0,0,'B',9,335),
('1662','TORTEES 150 GRS',0,0,'B',9,335),
('1663','ALFAJORES X 18 UNI',0,0,'B',9,337),
('1664','BOCADITOS DULCES',0,0,'B',9,339),
('1665','BOCADITOS SALADOS',0,0,'B',9,339),
('1666','BOCADITOS EN GENERAL X 100 UNI',0,0,'B',9,339),
('1667','CHIFLES X 90 G',0,0,'B',9,335),
('1668','COCOA',0,0,'B',9,128),
('1669','MILO X 400 GRAMOS',0,0,'B',9,327),
('167','ALAMBRE DE FIERRO NEGRO DE 1/4 in (AL PESO)',0,0,'B',3,128),
('1670','CHOCOLATE X 300 G',0,0,'B',9,327),
('1671','COCOA X 180 GRMS.',0,0,'B',9,358),
('1672','COCOA X 450 GRS',0,0,'B',9,345),
('1673','COCOA X 250 GRS',0,0,'B',9,356),
('1674','CHOCOLATE PARA TAZA EN POLVO X 200 G',0,0,'B',9,348),
('1675','CHOCOLATE PASTA X 100 G',0,0,'B',9,337),
('1676','CHOCOLATE EN BARRA X 90 G X 10 UNI',0,0,'B',9,337),
('1677','CHOCOLATE BLANCO EN BARRA X 90 G X 10 UNI',0,0,'B',9,337),
('1678','CHOCOLATE PARA TAZA X 90 G X 12 UNI',0,0,'B',9,337),
('1679','COCOA X 90 GR',0,0,'B',9,358),
('168','FIERRO REDONDO DE 5/16 in',0,0,'B',3,73),
('1680','CHOCOLATE EN PASTA X 100 G X 12 UNI',0,0,'B',9,337),
('1681','COCOA X 220 GR',0,0,'B',9,345),
('1682','CHOCOLATE X 300 GR',0,0,'B',9,387),
('1683','CHOCOLATE INSTANTANEO 400 GR.',0,0,'B',9,348),
('1684','CHOCOLATE  X  300 G',0,0,'B',9,387),
('1685','CHOCOLATE X 300 g',0,0,'B',9,358),
('1686','CHOCOLATE PARA TAZA X 80 G',0,0,'B',9,387),
('1687','COCOA X 200 G',0,0,'B',9,335),
('1688','COCOA X 180 GRS X 30 UNI',0,0,'B',9,335),
('1689','COCOA X 400 g',0,0,'B',9,358),
('169','FIERRO REDONDO DE 5/8 in',0,0,'B',3,73),
('1690','CARAMELOS SURTIDOS',0,0,'B',9,335),
('1691','CARAMELOS X 100 UNI',0,0,'B',9,335),
('1692','CARAMELOS X 1 KG',0,0,'B',9,337),
('1693','TOFFEES SURTIDOS',0,0,'B',9,335),
('1694','CARAMELO FRUTADO',0,0,'B',9,112),
('1695','CARAMELOS DE FRESA',0,0,'B',9,337),
('1696','HALLS EN BARRA',0,0,'B',9,112),
('1697','CARAMELOS SURTIDOS X 100 UNI',0,0,'B',9,335),
('1698','CARAMELO DE LIMON',0,0,'B',9,112),
('1699','CHUPETIN X 25 UNI',0,0,'B',9,335),
('17','LIJA DE AGUA N? 100',0,0,'B',2,112),
('170','FIERRO REDONDO DE 1/2 in ACERADO',0,0,'B',3,73),
('1700','GOMA DE MASCAR X 10 UND',0,0,'B',9,337),
('1701','CHUPETE X 40 UNI',0,0,'B',9,335),
('1702','CARAMELOS DE ANIS',0,0,'B',9,335),
('1703','GOMA DE MASCAR X 100 UNI',0,0,'B',9,337),
('1704','GOMA DE MASCAR X 50 UNI',0,0,'B',9,337),
('1705','PASAS BA?ADAS EN CHOCOLATE X 45 G',0,0,'B',9,335),
('1706','CARAMELO PUBLICITARIO SELLADO AL VACIO X 100 UNI',0,0,'B',9,335),
('1707','CHUPETIN X 24 UNI',0,0,'B',9,335),
('1708','CHUPETIN X 50 UNI',0,0,'B',9,335),
('1709','CARAMELO DE LIMON X 150 UNI',0,0,'B',9,335),
('171','FIERRO REDONDO 3/4 in X 6 M',0,0,'B',3,112),
('1710','BOMBONES CON CEREZA X KG',0,0,'B',9,128),
('1711','FLAN X 5KG',0,0,'B',9,335),
('1712','FLAN',0,0,'B',9,128),
('1713','FLAN DE VAINILLA',0,0,'B',9,128),
('1714','FLAN DE CHOCOLATE',0,0,'B',9,128),
('1715','FLAN DE CHOCOLATE X 5 KG',0,0,'B',9,335),
('1716','FLAN DE VAINILLA X 5 KG',0,0,'B',9,335),
('1717','FLAN DE 250 GR. X 12 UND.',0,0,'B',9,337),
('1718','FLAN DE 250 GR',0,0,'B',9,337),
('1719','FLAN X 250 G',0,0,'B',9,358),
('172','FIERRO REDONDO 12 MM x 6 M',0,0,'B',3,112),
('1720','FLAN X 100 G',0,0,'B',9,112),
('1721','GELATINA X 5KG',0,0,'B',9,335),
('1722','GELATINA DIFERENTES SABORES',0,0,'B',9,128),
('1723','GELATINA DE FRESA',0,0,'B',9,128),
('1724','GELATINA DE NARANJA',0,0,'B',9,128),
('1725','GELATINA DE PI?A',0,0,'B',9,128),
('1726','GELATINA SABOR A FRESA X 5 KG',0,0,'B',9,335),
('1727','GELATINA X 250 GR',0,0,'B',9,358),
('1728','GELATINA X 10 KILOGRAMO',0,0,'B',9,335),
('1729','GELATINA DIETETICA',0,0,'B',9,128),
('173','FIERRO REDONDO 16 MM X 6 M',0,0,'B',3,112),
('1730','GELATINA DE FRESA X 250 GRS',0,0,'B',9,112),
('1731','GELATINA X 40 UNIDADES DE 250 GRS C/U',0,0,'B',9,335),
('1732','GELATINA X 25O G X 20 UNI',0,0,'B',9,335),
('1733','GELATINA DIETETICA X 10 KG',0,0,'B',9,335),
('1734','GELATINA DIETETICA X 10 G',0,0,'B',9,335),
('1735','GELATINA X 135 G X 40 UNI',0,0,'B',9,335),
('1736','GELATINA DE FRESA X 240 G',0,0,'B',9,358),
('1737','GELATINA DE FRESA X 200 G X 12 UNI',0,0,'B',9,352),
('1738','GELATINA',0,0,'B',9,128),
('1739','GELATINA X 180 g',0,0,'B',9,335),
('174','ANGULO DE FIERRO X 3/4 in X 1/8 in X 6 m',0,0,'B',3,112),
('1740','GELATINA X 200 g',0,0,'B',9,335),
('1741','GELATINA X 135 g',0,0,'B',9,335),
('1742','GELATINA DIETETICA X 10 g',0,0,'B',9,112),
('1743','HELADO X 100 G',0,0,'B',9,337),
('1744','HELADOS',0,0,'B',9,128),
('1745','MERMELADA DE FRESA X 1 KILO',0,0,'B',9,345),
('1746','MERMELADA DE FRESA X 1/4 KILO',0,0,'B',9,112),
('1747','MERMELADA DE NARANJA X 1 KILO',0,0,'B',9,112),
('1748','MERMELADA DE NARANJA X 1/4 KILO',0,0,'B',9,112),
('1749','MERMELADA DE PI?A X 1 KILO',0,0,'B',9,112),
('175','ANGULO RANURADO (1.13 X 2.40 X 0.30 MTS) 1 CUERPO P/ESTANTERIA',0,0,'B',3,112),
('1750','MERMELADA DE PI?A X 1/4  KILO',0,0,'B',9,112),
('1751','MERMELADA DE DIVERSAS FRUTAS',0,0,'B',9,128),
('1752','MERMELADA DE FRESA X 5 KGS',0,0,'B',9,307),
('1753','MERMELADA SABOR SURTIDO',0,0,'B',9,345),
('1754','MERMELADA X 6 BARRILITOS DE 1 KILO C/U',0,0,'B',9,337),
('1755','MERMELADA DE FRESA',0,0,'B',9,128),
('1756','MERMELADA DE FRESA X 960 G',0,0,'B',9,345),
('1757','MERMELADA X 330 G X 12 UNI',0,0,'B',9,337),
('1758','MERMELADA X 330 g',0,0,'B',9,112),
('1759','PUDIN DE CHOCOLATE X 145 G',0,0,'B',9,358),
('176','ANGULO RANURADO (1.80 X 2.40 X 0.40 MTS) 4 CUERPO P/ESTANTERIA',0,0,'B',3,112),
('1760','PUDIN',0,0,'B',9,128),
('1761','PUDIN DE CHOCOLATE X 125 G',0,0,'B',9,112),
('1762','PUDIN DE VAINILLA X 125 G',0,0,'B',9,112),
('1763','PUDIN X 145 g',0,0,'B',9,358),
('1764','PUDIN 145 g X 12 SOBRES',0,0,'B',9,352),
('1765','MANJARBLANCO X 1KG',0,0,'B',9,112),
('1766','MAZAMORRA MORADA X 250GR',0,0,'B',9,335),
('1767','MAZAMORRA MORADA',0,0,'B',9,128),
('1768','MAZAMORRA DE PI?A',0,0,'B',9,128),
('1769','POLEN MOLIDO X 450 GR',0,0,'B',9,345),
('177','ANGULO RANURADO  (2.03 X 2.40 X 0.40 MTS) 2 CUERPO P/ESTANTERIA',0,0,'B',3,112),
('1770','GLUCOMIEL X 500 ML',0,0,'B',9,345),
('1771','MAZAMORRA X 5 KG. (PI?A - MORADA)',0,0,'B',9,335),
('1772','MIEL DE MAIZ X 500 CC',0,0,'B',9,336),
('1773','MANJARBLANCO 1/2 KILO',0,0,'B',9,358),
('1774','MOUSSE DE GUANABANA',0,0,'B',9,112),
('1775','MAZAMORRA  MORADA X 5 KG',0,0,'B',9,335),
('1776','MAZAMORRA DE PI?A X 5 KG',0,0,'B',9,335),
('1777','MOUSSE DE LUCUMA',0,0,'B',9,112),
('1778','CHANCACA X 4 BOLAS',0,0,'B',9,422),
('1779','CHANCACA X 8 UNI',0,0,'B',9,422),
('178','ANGULO RANURADO (2.26 X 2.40 X O.30 MTS) 14 CUERPO P/ESTANTERIA',0,0,'B',3,112),
('1780','MANJAR X 200 G',0,0,'B',9,335),
('1781','MANJAR X 50 G',0,0,'B',9,335),
('1782','MANJARBLANCO',0,0,'B',9,128),
('1783','MAZAMORRA X 180 G',0,0,'B',9,358),
('1784','CHANCACA',0,0,'B',9,112),
('1785','MAZAMORRA MORADA X 180 G',0,0,'B',9,112),
('1786','MIEL DE ABEJA.',0,0,'B',9,128),
('1787','MIEL DE ABEJAS X 350 ML',0,0,'B',9,336),
('1788','CHANCACA X 1000 Gr',0,0,'B',9,128),
('1789','CHANCACA X 500 Gr',0,0,'B',9,335),
('179','ANGULO RANURADO  (4.73 X 2.40 X 0.40 MTS) 5 CUERPO P/ESTANTERIA',0,0,'B',3,112),
('1790','MAZAMORRA MORADA X 120 G X 20 UNI',0,0,'B',9,335),
('1791','CHAPANA',0,0,'B',9,112),
('1792','JAMON INGLES DE 1.00 KG',0,0,'B',9,112),
('1793','JAMON INGLES DE 5.00 KG',0,0,'B',9,112),
('1794','MORTADELA.',0,0,'B',9,370),
('1795','JAMONADA.',0,0,'B',9,128),
('1796','HUEVO ROSADOS',0,0,'B',9,128),
('1797','PULPA NATURAL DE FRESA CONGELADA',0,0,'B',9,128),
('1798','PULPA NATURAL DE GUANABANA CONGELADA',0,0,'B',9,128),
('1799','PULPA NATURAL DE MARACUYA CONGELADA',0,0,'B',9,128),
('18','LIJA DE AGUA N? 10',0,0,'B',2,339),
('180','ANGULO RANURADO 2 CUERPOS 2 DIVISIONES Y TABLERO 1.10 MTS P/ANAQUEL',0,0,'B',3,112),
('1800','PULPA NATURAL DE MANGO CONGELADA',0,0,'B',9,128),
('1801','ACEITUNA EN BOTIJA X 1 KG',0,0,'B',9,128),
('1802','PURE DE PAPA ',0,0,'B',9,128),
('1803','PASTA DE TOMATE DE 3.300 KILOGRAMOS',0,0,'B',9,128),
('1804','PASTA DE TOMATE 250 GR',0,0,'B',9,348),
('1805','ACEITUNA RELLENA',0,0,'B',9,128),
('1806','PASTA DE TOMATE X 320 GRS',0,0,'B',9,348),
('1807','ACEITUNA RELLENA CON VERDURA',0,0,'B',9,128),
('1808','PASTA DE TOMATE',0,0,'B',9,128),
('1809','CONSERVA DE DURAZNO EN ALMIBAR 820 G',0,0,'B',9,112),
('181','ANGULO RANURADO  3 CUERPO 4 DIVISIONES Y TABLERO 1.10 MTS P/ANAQUEL',0,0,'B',3,112),
('1810','PURE DE AGUAJE',0,0,'B',9,128),
('1811','PURE DE HUNGURAHUI',0,0,'B',9,128),
('1812','PASTA DE TOMATE DE 3.25 KG',0,0,'B',9,307),
('1813','PASTA DE TOMATE DE 3.300 KG',0,0,'B',9,112),
('1814','PASTA DE TOMATE 250 G X 12 UNI',0,0,'B',9,337),
('1815','PASTA DE TOMATE 130 G X 12 UNI',0,0,'B',9,337),
('1816','PASTA DE TOMATE 130 G',0,0,'B',9,112),
('1817','PASTA DE TOMATE 225 G X 12 UNI',0,0,'B',9,337),
('1818','PURE DE PAPA.',0,0,'B',9,128),
('1819','ACEITUNA BOTIJA EXTRA',0,0,'B',9,128),
('182','ANGULO RANURADO (2.70 LARGO X 2.40 ALTO X 0.30 FONDO X 8 FILAS) 3 CUERPOS',0,0,'B',3,112),
('1820','PURE DE MANZANA X 800 GRS',0,0,'B',9,112),
('1821','PASTA DE TOMATE X 255 G',0,0,'B',9,348),
('1822','PASTA DE TOMATE X 3 Kg',0,0,'B',9,348),
('1823','ACEITUNA NEGRA DESPEPITADA (FRASCO X 1.7 KG)',0,0,'B',9,345),
('1824','ACEITUNA VERDE DESPEPITADA (FRASCO X 1.7 KG)',0,0,'B',9,345),
('1825','TORONJIL (AL PESO)',0,0,'B',9,128),
('1826','TUNA BLANCA',0,0,'B',9,128),
('1827','TUNA VERDE',0,0,'B',9,128),
('1828','TUNAS ROJAS',0,0,'B',9,128),
('1829','UVA BLANCA',0,0,'B',9,128),
('183','TABLERO P/ANGULO RANURADO DE METAL 0.30 X 0.91',0,0,'B',3,112),
('1830','MENTA FRESCA',0,0,'B',9,128),
('1831','ACEITUNA VERDE',0,0,'B',9,128),
('1832','ACEITUNA NEGRA',0,0,'B',9,128),
('1833','ACEITUNA VERDE RELLENA CON ALMENDRA',0,0,'B',9,128),
('1834','ACEITUNA VERDE RELLENA CON PIMIENTO',0,0,'B',9,128),
('1835','ACEITUNA VERDE RELLENA CON ROCOTO',0,0,'B',9,128),
('1836','ACEITUNA DE BOTIJA',0,0,'B',9,128),
('1837','MANZANA CHILENA ROJA',0,0,'B',9,112),
('1838','MANZANA CHILENA VERDE',0,0,'B',9,112),
('1839','PLATANOS DE ISLA X 100 UNID',0,0,'B',9,339),
('184','TABLERO P/ANGULO RANURADO DE METAL 0.30 X 0.80',0,0,'B',3,112),
('1840','PLATANO DE SEDA X 100 UNID',0,0,'B',9,339),
('1841','MANGO HAYDE X CAJA',0,0,'B',9,337),
('1842','PEPINO MELON',0,0,'B',9,337),
('1843','ACEITUNA VERDE RELLENA CON CASTA?AS',0,0,'B',9,128),
('1844','NARANJA TANGELO',0,0,'B',9,337),
('1845','NARANJA HUANDO',0,0,'B',9,128),
('1846','PLATANO DE ISLA ( EN CABEZAS )',0,0,'B',9,12),
('1847','PLATANO DE SEDA ( EN CABEZAS)',0,0,'B',9,12),
('1848','UVA ROSADA X 10 KLS',0,0,'B',9,430),
('1849','UVA MORADA X 10 KLS',0,0,'B',9,430),
('185','TABLERO P/ANGULO RANURADO DE METAL 0.30 X 1.08',0,0,'B',3,112),
('1850','MANDARINA SIN PEPA (EXTRA)',0,0,'B',9,337),
('1851','MANZANA CHILENA EN CAJA',0,0,'B',9,337),
('1852','MANZANA DELICIA EN CAJA',0,0,'B',9,337),
('1853','MANZANA DELICIA EXTRA',0,0,'B',9,337),
('1854','PI?A CAYENA',0,0,'B',9,128),
('1855','PI?A SELVA',0,0,'B',9,128),
('1856','NARANJA HUANDO.',0,0,'B',9,337),
('1857','NARANJA DE POSTRE',0,0,'B',9,112),
('1858','GRANADILLA EXTRA X 15 KG.',0,0,'B',9,430),
('1859','NARANJITA CHINA',0,0,'B',9,128),
('186','ANGULO FIERRO RANURADO X 1/8 in X 1 1/2 in X 6 M',0,0,'B',3,112),
('1860','UVA ITALIA X 10 KG.',0,0,'B',9,430),
('1861','UVA VALET X 10 KG.',0,0,'B',9,430),
('1862','UVA NEGRA X 10 KLS',0,0,'B',9,337),
('1863','MANDARINA HUANDO',0,0,'B',9,112),
('1864','MANZANA CHILENA ROYAL',0,0,'B',9,128),
('1865','CACAO',0,0,'B',9,128),
('1866','MANZANA WINTER',0,0,'B',9,430),
('1867','CHIRIMOYA.',0,0,'B',9,430),
('1868','MANDARINA HUANDO.',0,0,'B',9,339),
('1869','LIMA DULCE.',0,0,'B',9,339),
('187','ANGULO FIERRO RANURADO X 1 1/2 in X 1 1/2 in X 2.40 M',0,0,'B',3,112),
('1870','BLANQUILLO.',0,0,'B',9,430),
('1871','PAPAYA .',0,0,'B',9,430),
('1872','PLATANO GUINEO MANZANA (EN CABEZAS)',0,0,'B',9,12),
('1873','PAPAYA AREQUIPE?A',0,0,'B',9,128),
('1874','PAPAYA NORTE?A',0,0,'B',9,128),
('1875','NARANJA  TANGELO',0,0,'B',9,128),
('1876','PAPAYA TINGO MARIA',0,0,'B',9,337),
('1877','DURAZNO',0,0,'B',9,337),
('1878','MANZANA CHILENA ROJA X KG.',0,0,'B',9,128),
('1879','GRANADILLA.',0,0,'B',9,339),
('188','TABLERO P/ANGULO RANURADO DE METAL 0.35 X 1.00',0,0,'B',3,112),
('1880','ACEITUNA NEGRA PEQUE?A',0,0,'B',9,128),
('1881','ACEITUNA NEGRA MEDIANA',0,0,'B',9,128),
('1882','MANZANA PACHACAMAC',0,0,'B',9,128),
('1883','PERA DE AGUA.',0,0,'B',9,337),
('1884','PLATANO DE ISLA.',0,0,'B',9,339),
('1885','PLATANO VERDE.',0,0,'B',9,339),
('1886','FRESA.',0,0,'B',9,430),
('1887','MANZANA DE AGUA.',0,0,'B',9,430),
('1888','MELON .',0,0,'B',9,430),
('1889','PALTA .',0,0,'B',9,430),
('189','TABLERO P/ANGULO RANURADO DE METAL 0.35 X 0.79',0,0,'B',3,112),
('1890','PI?A .',0,0,'B',9,430),
('1891','MANZANA DE AGUA X 20 KG',0,0,'B',9,430),
('1892','MEMBRILLO X 20 KG',0,0,'B',9,430),
('1893','NARANJA DE JUGO X 20 KG',0,0,'B',9,430),
('1894','PAPAYA X 10 KG',0,0,'B',9,430),
('1895','PI?A X 10 KG',0,0,'B',9,430),
('1896','MELOCOTON X 20 KG',0,0,'B',9,430),
('1897','NARANJA DE MESA X 20 KG',0,0,'B',9,430),
('1898','PI?A HAWAIANA',0,0,'B',9,128),
('1899','NARANJA DE  POSTRE',0,0,'B',9,128),
('19','MARCADOR SUPER METALICO PUNTA DE PELOTA 5/64 C/ ROJO ',0,0,'B',2,112),
('190','TABLERO P/ANGULO RANURADO DE METAL 0.55 X 0.55',0,0,'B',3,112),
('1900','TUNA ROJA X 20 Kg',0,0,'B',9,430),
('1901','PI?A  HAWAIANA',0,0,'B',9,112),
('1902','PLATANO DE  ISLA',0,0,'B',9,430),
('1903','LUCUMA_',0,0,'B',9,430),
('1904','PLATANO DE  SEDA',0,0,'B',9,112),
('1905','NARANJA DE MESA A GRANEL',0,0,'B',9,128),
('1906','NARANJA HUANDO (AL PESO)',0,0,'B',9,128),
('1907','FRUTA CONFITADA',0,0,'B',9,128),
('1908','GUINDAS SECAS',0,0,'B',9,128),
('1909','MANI SALADO 100 GRS',0,0,'B',9,335),
('191','TABLERO P/ANGULO RANURADO DE METAL 0.40 X 0.91',0,0,'B',3,112),
('1910','GUINDONES',0,0,'B',9,430),
('1911','CIRUELA SECA',0,0,'B',9,128),
('1912','PASAS NEGRAS',0,0,'B',9,128),
('1913','PASAS SECAS SULTANAS',0,0,'B',9,128),
('1914','LECHE CONDENSADA X 397 GRS',0,0,'B',9,348),
('1915','LECHE CONDENSADA X 400 g',0,0,'B',9,112),
('1916','LECHE CONDENSADA X 24 LATAS',0,0,'B',9,337),
('1917','LECHE CONDENSADA AZUCARADA CHICA',0,0,'B',9,112),
('1918','LECHE CONDENSADA AZUCARADA GRANDE',0,0,'B',9,112),
('1919','LECHE CONDENSADA X 400 g APROX',0,0,'B',9,448),
('192','TABLERO P/ANGULO RANURADO DE METAL 0.40 X 1.13',0,0,'B',3,112),
('1920','CREMA DE LECHE  X 250 GR',0,0,'B',9,352),
('1921','CREMA DE LECHE  X 250 GR.',0,0,'B',9,345),
('1922','LECHE EN POLVO',0,0,'B',9,128),
('1923','LECHE PARA PREMATUROS X 400 GRS',0,0,'B',9,348),
('1924','LECHE EN POLVO X 25 KG',0,0,'B',9,335),
('1925','LECHE EN POLVO DE 400 G.',0,0,'B',9,348),
('1926','LECHE EVAPORADA TARRO GRANDE DE 410 ML',0,0,'B',9,112),
('1927','LECHE EVAPORADA TARRO GRANDE DE 410 ML X 24',0,0,'B',9,337),
('1928','LECHE EVAPORADA LIGHT TARRO GRANDE  DE 410 ML X 24',0,0,'B',9,337),
('1929','LECHE EVAPORADA, TARRO GRANDE DE 410 ML ( SIX PACK )',0,0,'B',9,352),
('193','ANGULO DE FIERRO X 1 1/2 in X 6 M X 1/8',0,0,'B',3,112),
('1930','LECHE EVAPORADA, TARRO GRANDE DE 410 ML X 48 UNID.',0,0,'B',9,337),
('1931','LECHE EVAPORADA LIGTH TARRO GRANDE DE 410 ML  X 48',0,0,'B',9,337),
('1932','LECHE EVAPORADA, TARRO CHCO DE 170 ML X 96 UNID',0,0,'B',9,337),
('1933','LECHE EVAPORADA, TARRO CHCO DE 170 ML X 48 UNID',0,0,'B',9,337),
('1934','LECHE EVAPORADA TARRO GRANDE 460 ML X 48 UNI',0,0,'B',9,337),
('1935','LECHE FRESCA',0,0,'B',9,349),
('1936','LECHE FRESCA DESCREMADA PASTEURIZADA',0,0,'B',9,349),
('1937','LECHE FRESCA X 1 L',0,0,'B',9,337),
('1938','LECHE FRESCA CHOCOLATADA X 180 mL.',0,0,'B',9,112),
('1939','MARGARINA',0,0,'B',9,128),
('194','ANGULOS DE FIERRO X 1 in X 1 in X 6 M',0,0,'B',3,112),
('1940','MARGARINA SIN SAL',0,0,'B',9,128),
('1941','MARGARINA CON SAL X 1 KILOS',0,0,'B',9,337),
('1942','MARGARINA X 10 KG',0,0,'B',9,352),
('1943','MARGARINA X 2 KG',0,0,'B',9,352),
('1944','MARGARINA 400 G X 12 UNI',0,0,'B',9,337),
('1945','MARGARINA 100 G X 20 UNI',0,0,'B',9,337),
('1946','MARGARINA A GRANEL',0,0,'B',9,128),
('1947','QUESO FRESCO',0,0,'B',9,128),
('1948','QUESO PARMESANO EN SOBRE',0,0,'B',9,112),
('1949','QUESOS FRESCO PASTEURIZADO',0,0,'B',9,128),
('195','PLATINA DE FIERRO DE 1 1/2 in X 1/16 in X 6 m',0,0,'B',3,112),
('1950','QUESO FUNDIDO POR 08 UNIDADES',0,0,'B',9,112),
('1951','QUESO FRESCO DE DIETA',0,0,'B',9,128),
('1952','QUESO FUNDIDO PAQUETE X 08 UNIDADES',0,0,'B',9,352),
('1953','QUESO EDAM 140 GR X 8 UNI',0,0,'B',9,352),
('1954','QUESO EDAM.',0,0,'B',9,128),
('1955','YOGURT NATURAL',0,0,'B',9,349),
('1956','YOGURT FRUTADO DIFERENTES SABORES',0,0,'B',9,349),
('1957','YOGURT DE 200 ML',0,0,'B',9,345),
('1958','YOGURT DE FRESA X 1 L',0,0,'B',9,345),
('1959','YOGURT DE DURAZNO X 1 L',0,0,'B',9,345),
('196','TABLERO PARA ANGULO RANURADO DE METAL 30 cm X 1.13 m',0,0,'B',3,112),
('1960','LECHE DE SOYA',0,0,'B',9,128),
('1961','LECHE DE SOYA EN POLVO X 120 GR.',0,0,'B',9,358),
('1962','LECHE MATERNIZADA X 1 KILO',0,0,'B',9,348),
('1963','SUPLEMENTO NUTRICIONAL X 400 GRAMOS',0,0,'B',9,348),
('1964','NUTRIENTE ENTERAL PEDIATRICO',0,0,'B',9,128),
('1965','NUTRIENTE ENTERAL SIN LACTOSA CON FIBRA',0,0,'B',9,128),
('1966','NUTRIENTE ENTERAL SIN LACTOSA EN POLVO',0,0,'B',9,128),
('1967','LECHE CHOCOLATADA DE 30 ML X 30 UNIDADES',0,0,'B',9,337),
('1968','LECHE MATERNIZADA X 900 GRS',0,0,'B',9,348),
('1969','FORMULA ENTERAL POLIMERICA ADULTO',0,0,'B',9,128),
('197','TABLERO PARA ANGULO RANURADO DE METAL 30 cm X 90 cm',0,0,'B',3,112),
('1970','SUPLEMENTO NUTRICIONAL X 100 GR.',0,0,'B',9,356),
('1971','LECHE CHOCOLATADA X 200 ML',0,0,'B',9,112),
('1972','PROTEINAS + LIPIDOS + GLUCIDOS X 1 LITRO',0,0,'B',9,345),
('1973','SUPLEMENTO NUTRICIONAL X 450 GR',0,0,'B',9,348),
('1974','CONCENTRADO PROTEICO SIN LACTOSA AL 75% A MAS',0,0,'B',9,128),
('1975','FORMULA POLIMERICA PARA NI?OS MENORES  DE 10 A?OS',0,0,'B',9,128),
('1976','FORMULA POLIMERICA PARA NI?OS MAYORES  DE 10 A?OS',0,0,'B',9,128),
('1977','FORMULA MATERNIZADA CON  LACTOSA',0,0,'B',9,128),
('1978','FORMULA SEMI-ELEMENTAL  EN POLVO',0,0,'B',9,128),
('1979','FORMULA PARA  PREMATUROS',0,0,'B',9,128),
('198','ANGULO FIERRO RANURADO 1 1/2 in X 1 1/2 in X 2.80 m',0,0,'B',3,112),
('1980','FORMULA DE SOYA PARA  LACTANTES',0,0,'B',9,128),
('1981','FORMULA MATERNIZADA  C/LACTOSA',0,0,'B',9,128),
('1982','LECHE MATERNIZADA  X 450 G',0,0,'B',9,348),
('1983','LECHE CHOCOLATADA X 1.000 L',0,0,'B',9,337),
('1984','LECHE PASTEURIZADA ENTERA X 946 ML',0,0,'B',9,335),
('1985','GALLETA DULCE VAINILA',0,0,'B',9,112),
('1986','GALLETA INTEGRAL CON MIEL',0,0,'B',9,112),
('1987','GALLETA INTEGRAL CON SAL',0,0,'B',9,112),
('1988','GALLETA SODA X 100 PAQUETES',0,0,'B',9,112),
('1989','GALLETA VAINILLA',0,0,'B',9,112),
('199','PERFIL DE FIERRO NEGRO RECTANGULAR DE 2 in X 1 in X 6 m',0,0,'B',3,112),
('1990','GALLETA DE SODA (CAJA X 216 PAQUETES)',0,0,'B',9,112),
('1991','GALLETA DE SODA (CAJA X 24 PAQUETES)',0,0,'B',9,112),
('1992','GALLETA VAINILLA (CAJA POR 24 PAQUETES)',0,0,'B',9,112),
('1993','GALLETA DULCE VAINILA EN PAQUETE',0,0,'B',9,112),
('1994','GALLETA DULCE X 180 GR  ',0,0,'B',9,112),
('1995','GALLETA DULCE X 200 GR ',0,0,'B',9,112),
('1996','GALLETA INTEGRAL CON  MIEL ',0,0,'B',9,112),
('1997','GALLETA INTEGRAL CON SAL. ',0,0,'B',9,112),
('1998','GALLETA SODA EN PAQUETE',0,0,'B',9,112),
('1999','GALLETA VAINILLA EN PAQUETE',0,0,'B',9,112),
('2','DISCO PARA AMOLADORA DE 4 1/2 in DEWATLT',0,0,'B',2,112),
('20','MARCADOR SUPER METALICO PUNTA DE PELOTA 5/64 C/ AMARILLO',0,0,'B',2,112),
('200','PLATINA DE FIERRO DE 1/2 in X 1/16 in X 6 m',0,0,'B',3,112),
('2000','GALLETA DE SODA',0,0,'B',9,128),
('2001','GALLETAS SODA CAJA X 80 PAQ.',0,0,'B',9,112),
('2002','GALLETA DE SODA X 3 KILOS?????',0,0,'B',9,112),
('2003','GALLETA SODA X 36 PAQUETES',0,0,'B',9,112),
('2004','GALLETA VAINILLA X 100 UNIDADES',0,0,'B',9,112),
('2005','GALLETA DE SODA X 8 UNIDADES',0,0,'B',9,112),
('2006','GALLETA VAINILLA  X 8 UNIDADES',0,0,'B',9,112),
('2007','GALLETA DE AGUA X 5 KILOS',0,0,'B',9,112),
('2008','GALLETA DE SODA X 40 UNIDADES',0,0,'B',9,112),
('2009','GALLETA SODA X 28 PAQUETES',0,0,'B',9,112),
('201','PLATINA DE FIERRO DE 10 mm X 12 cm X 6 m',0,0,'B',3,112),
('2010','GALLETA SODA X PAQUETE',0,0,'B',9,112),
('2011','GALLETA SODA X CAJA',0,0,'B',9,112),
('2012','GALLETA SODA X 2 KILOGRAMOS',0,0,'B',9,112),
('2013','GALLETA SODA X 18 PAQUETES',0,0,'B',9,112),
('2014','GALLETA VAINILLA X 40 PAQUETES',0,0,'B',9,112),
('2015','GALLETA VAINILLA X 48 PAQUETES',0,0,'B',9,112),
('2016','GALLETA SODA X 40 PAQUETES',0,0,'B',9,112),
('2017','GALLETA DE SODA X 6 UNIDADES',0,0,'B',9,112),
('2018','GALLETA DE VAINILLA X 6 UNIDADES',0,0,'B',9,112),
('2019','GALLETA DE SODA X 32 UNIDADES',0,0,'B',9,112),
('202','RIOSTRA DE PERFIL ANGULAR DE ACERO GALVANIZADO DE 38 mm X 38 mm X 5 mm y 1000 mm',0,0,'B',3,112),
('2020','GALLETA CRACKER 320 G. X 24 UNIDADES',0,0,'B',9,112),
('2021','GALLETA SODA',0,0,'B',9,112),
('2022','GALLETA DE SODA.',0,0,'B',9,112),
('2023','GALLETA DE VAINILLA DE 10 UND',0,0,'B',9,112),
('2024','GALLETA DE SODA DE 10 UND',0,0,'B',9,112),
('2025','GALLETA DE SODA DE 10 KG',0,0,'B',9,112),
('2026','GALLETA SODA X 1 KG.',0,0,'B',9,128),
('2027','GALLETA DE SODA .',0,0,'B',9,112),
('2028','GALLETA SALADA X 31 G X 9 UNI',0,0,'B',9,112),
('2029','GALLETA DE AGUA X 3 KG',0,0,'B',9,112),
('203','PERFIL DE FIERRO CUADRADO DE 1/8 in X 3 in X 3 in X 3 m',0,0,'B',3,112),
('2030','GALLETA SODA X 62 UNI',0,0,'B',9,112),
('2031','GALLETA VAINILLA X 62 UNI',0,0,'B',9,112),
('2032','GALLETA SODA X 100 UNI',0,0,'B',9,112),
('2033','GALLETA SODA X 12 UNI',0,0,'B',9,112),
('2034','GALLETA SALADA X 26.3 G',0,0,'B',9,112),
('2035','GALLETA VAINILLA BA?ADA X 46 g',0,0,'B',9,112),
('2036','GALLETA TIPO CRACKER X 75 g',0,0,'B',9,112),
('2037','GALLETA SODA X 40 g APROX. X 28',0,0,'B',9,112),
('2038','GALLETA SODA X 30 g APROX. X 100',0,0,'B',9,112),
('2039','TOSTADAS X 12',0,0,'B',9,112),
('204','PERFIL DE FIERRO GALVANIZADO TEE TERCIARIA DE 3 mm X 1 in X 1 in X 60 cm',0,0,'B',3,112),
('2040','PAN TIPO HOT DOG PAQUETE X 03 UNIDADES',0,0,'B',9,352),
('2041','PAN FLAUTA X 3 UNID.',0,0,'B',9,335),
('2042','PAN SECO MOLIDO',0,0,'B',9,128),
('2043','PAN DE MANTECA',0,0,'B',9,112),
('2044','PAN TIPO HAMBURGUESA CHICO',0,0,'B',9,112),
('2045','PAN TIPO HAMBURGUESA GRANDE',0,0,'B',9,112),
('2046','TOSTADAS.',0,0,'B',9,335),
('2047','TOSTADA DE 15 UND',0,0,'B',9,335),
('2048','TOSTADAS X PAQUETE',0,0,'B',9,352),
('2049','BOCADITO DE QUESO CON GALLETA',0,0,'B',9,112),
('205','PERFIL DE FIERRO T DE 3 mm X 1 in X 1 in X 6 m',0,0,'B',3,112),
('2050','CANAPE',0,0,'B',9,112),
('2051','EMPANADAS DE CARNE',0,0,'B',9,112),
('2052','EMPANADAS DE POLLO',0,0,'B',9,112),
('2053','EMPANADAS DE QUESO',0,0,'B',9,112),
('2054','ENROLLADOS SALADOS',0,0,'B',9,112),
('2055','GUINDONES ENROLLADOS C/TOCINO',0,0,'B',9,112),
('2056','HOJARASCA SALADA',0,0,'B',9,112),
('2057','MANAS',0,0,'B',9,112),
('2058','MIL HOJAS',0,0,'B',9,112),
('2059','NIDITO DE AMOR',0,0,'B',9,112),
('206','PERFIL DE FIERRO GALVANIZADO TEE TERCIARIA DE 3 mm X 1 in X 1 in X 3.60 m',0,0,'B',3,112),
('2060','PIE DE LIMON',0,0,'B',9,112),
('2061','PIE DE MANZANA PASTELES',0,0,'B',9,112),
('2062','PIONONO',0,0,'B',9,112),
('2063','RELAMPAGOS DE CARAMELO',0,0,'B',9,112),
('2064','RELAMPAGOS RELLENOS DE CHOCOLATE',0,0,'B',9,112),
('2065','RELAMPAGOS RELLENOS DE CREMA CHANTILLI',0,0,'B',9,112),
('2066','RELAMPAGOS RELLENOS DE CREMA PASTELERA',0,0,'B',9,112),
('2067','TARTALETAS DE JAMON',0,0,'B',9,112),
('2068','TARTALETITAS DE CHOCOLATE',0,0,'B',9,112),
('2069','TARTALETITAS DE DURAZNO',0,0,'B',9,112),
('207','PERFIL DE FIERRO GALVANIZADO PERIMETRAL DE 3 mm X 1 in X 3.60 m',0,0,'B',3,112),
('2070','TARTALETITAS DE FRESA',0,0,'B',9,112),
('2071','TARTALETITAS DE LIMON',0,0,'B',9,112),
('2072','TARTALETITAS DE LUCUMA',0,0,'B',9,112),
('2073','TARTALETITAS DE MANGO',0,0,'B',9,112),
('2074','TRUFITAS CUBIERTAS DE CHOCOLATE',0,0,'B',9,112),
('2075','TRUFITAS DE CANELA',0,0,'B',9,112),
('2076','TURRONCITOS DE CHOCOLATE',0,0,'B',9,112),
('2077','TARTALETA DE MANZANA T/GRANDE',0,0,'B',9,112),
('2078','TARTALETA DE FRESA',0,0,'B',9,112),
('2079','TURRON DE MANI X 60 G',0,0,'B',9,352),
('208','PLANCHA DE FIERRO LISO DE 1.40 M X 2.40 M X 1/20 in ESPESOR',0,0,'B',3,112),
('2080','KEKE RACION X 80 G',0,0,'B',9,112),
('2081','PIONONITOS',0,0,'B',9,112),
('2082','PA?UELITOS',0,0,'B',9,112),
('2083','TORTA SELVA NEGRA',0,0,'B',9,112),
('2084','TORTA DE CHOCOLATE',0,0,'B',9,112),
('2085','TORTA DE MANJAR BLANCO',0,0,'B',9,112),
('2086','TORTA HELADA',0,0,'B',9,112),
('2087','TORTA DE LUCUMA',0,0,'B',9,112),
('2088','TORTA DE GUANABANA',0,0,'B',9,112),
('2089','BIZCOTELA',0,0,'B',9,112),
('209','PLANCHA DE FIERRO GALVANIZADO DE 4 PIES X 8 PIES DE 1/32 in ESPESOR',0,0,'B',3,112),
('2090','PANETONX 1 KILO  EN CAJA',0,0,'B',9,112),
('2091','PANETON X 1 KILO EN BOLSA',0,0,'B',9,112),
('2092','PUDIN X 120GR',0,0,'B',9,337),
('2093','SANDWICH DE BUTIFARRA',0,0,'B',9,112),
('2094','SANDWICH TRIPLE',0,0,'B',9,112),
('2095','SANDWICH VARIADO',0,0,'B',9,112),
('2096','BIZCOTELA X 100 UNI',0,0,'B',9,339),
('2097','BIZCOCHO',0,0,'B',9,112),
('2098','CHIFON DE NARANJA',0,0,'B',9,112),
('2099','HOSTIA CHICAS X 100',0,0,'B',9,335),
('21','MARCADOR SUPER METALICO PUNTA DE PELOTA 5/64 C/ BLANCO',0,0,'B',2,112),
('210','PLANCHA DE FIERRO NEGRO DE 1.2 MTRS X 2.4 MTRS X 3/32 in',0,0,'B',3,112),
('2100','HOSTIA GRANDE X 100',0,0,'B',9,335),
('2101','PANETON X 900 GRS.',0,0,'B',9,337),
('2102','SANDWICH DE POLLO',0,0,'B',9,112),
('2103','PANETON 6 UNIDADES',0,0,'B',9,337),
('2104','PANETON DE 1 KILO EN LATA X 06 UND',0,0,'B',9,337),
('2105','PANETONCITO',0,0,'B',9,337),
('2106','PANETON X 900 GRS. BOLSA',0,0,'B',9,335),
('2107','SANDWICH DE QUESO',0,0,'B',9,112),
('2108','SANDWICH DE JAMONADA DE POLLO',0,0,'B',9,112),
('2109','BIZCOCHO X 24 UNI',0,0,'B',9,335),
('211','PLANCHA ESTRIADA FIERRO NEGRO DE  4 PIES X 8 PIES X 1/4 in  ESPESOR',0,0,'B',3,112),
('2110','BIZCOCHO X 12 UNI',0,0,'B',9,335),
('2111','SANDWICH DE JAMONADA Y QUESO',0,0,'B',9,112),
('2112','PANETON X 1 Kg EN LATA',0,0,'B',9,112),
('2113','BONITO',0,0,'B',9,128),
('2114','CHITA',0,0,'B',9,128),
('2115','COJINOVA',0,0,'B',9,128),
('2116','CONGRIO',0,0,'B',9,128),
('2117','FILETE DE PERICO',0,0,'B',9,128),
('2118','FILETE DE REYNETA',0,0,'B',9,128),
('2119','LENGUADO',0,0,'B',9,128),
('212','PLANCHA DE FIERRO NEGRO 1.20 X 2.40 X 1.20 MM',0,0,'B',3,112),
('2120','MERO',0,0,'B',9,128),
('2121','PEZ RUBIA',0,0,'B',9,128),
('2122','JUREL',0,0,'B',9,128),
('2123','CABALLA',0,0,'B',9,128),
('2124','PEJERREY',0,0,'B',9,128),
('2125','FILETE DE COJINOVA',0,0,'B',9,128),
('2126','PERICO',0,0,'B',9,128),
('2127','FILETE DE TOYO DE LECHE',0,0,'B',9,128),
('2128','OJO DE UVA',0,0,'B',9,128),
('2129','JUREL SIN CABEZA',0,0,'B',9,128),
('213','PLANCHA DE FIERRO ESTRIADO DE 3/32 in X 1.05 X 2.40 MT',0,0,'B',3,112),
('2130','PEJERREY X 12 UNID',0,0,'B',9,343),
('2131','PESCADO DORADO',0,0,'B',9,128),
('2132','LIZA',0,0,'B',9,128),
('2133','TRUCHA',0,0,'B',9,128),
('2134','SALMON AHUMADO X  1/2 KLG',0,0,'B',9,352),
('2135','PESCADO PAVA',0,0,'B',9,128),
('2136','TRUCHA SALMONADA  DESVICERADA',0,0,'B',9,128),
('2137','DONCELLA',0,0,'B',9,128),
('2138','PESCADO BOQUICHICO',0,0,'B',9,128),
('2139','PESCADO SABALO',0,0,'B',9,128),
('214','PLANCHA DE FIERRO PARA ZOCALO DE 40 CM X 1.10 M X 1/16 in',0,0,'B',3,112),
('2140','PESCADO PAICHE (SECO)',0,0,'B',9,128),
('2141','BACALAO',0,0,'B',9,128),
('2142','PESCADO DIAMANTE',0,0,'B',9,128),
('2143','FILETE DE CABALLA 184 G X 48 UNI',0,0,'B',9,337),
('2144','FILETE DE CABALLA 184 G',0,0,'B',9,348),
('2145','FILETE DE CABALLA',0,0,'B',9,128),
('2146','JUREL SIN VICERAS',0,0,'B',9,128),
('2147','PESCADO CARACHAMA',0,0,'B',9,128),
('2148','TOYO',0,0,'B',9,128),
('2149','PESCADO RAYA SECA',0,0,'B',9,128),
('215','PERFIL FIERRO GALVANIZADO 2 in X 2 in X 3/16 in X 0.70M',0,0,'B',3,112),
('2150','PESCADO PAICHE',0,0,'B',9,128),
('2151','PESCADO MACHETE',0,0,'B',9,128),
('2152','FILETE DE TILAPIA',0,0,'B',9,128),
('2153','PESCADO TIBURON',0,0,'B',9,128),
('2154','PESCADO CABRILLA',0,0,'B',9,128),
('2155','ALETA DE TIBURON',0,0,'B',9,128),
('2156','COCHAYUYO',0,0,'B',9,128),
('2157','YUYO',0,0,'B',9,128),
('2158','ALGA VERDE',0,0,'B',9,435),
('2159','CAMARON',0,0,'B',9,128),
('216','PLANCHA DE ACERO INOXIDABLE 1/16 in X 1.20 X 1.40 M',0,0,'B',3,112),
('2160','CANGREJO',0,0,'B',9,128),
('2161','CHORO',0,0,'B',9,343),
('2162','CONCHA',0,0,'B',9,128),
('2163','LANGOSTINO',0,0,'B',9,128),
('2164','PULPA DE CANGREJO',0,0,'B',9,128),
('2165','MIXTURA DE MARISCOS',0,0,'B',9,128),
('2166','CAMARON CHINO',0,0,'B',9,128),
('2167','MACHAS',0,0,'B',9,128),
('2168','HUEVERA DE PESCADO',0,0,'B',9,128),
('2169','CONCHA.',0,0,'B',9,112),
('217','PLANCHA DE ACERO INOXIDABLE 1/8 in X 1.20 X 1.40 M',0,0,'B',3,112),
('2170','CHOROS',0,0,'B',9,128),
('2171','CALAMAR',0,0,'B',9,128),
('2172','CARACOL',0,0,'B',9,128),
('2173','PULPO',0,0,'B',9,128),
('2174','POTA',0,0,'B',9,128),
('2175','CARACOL X 12 UNI',0,0,'B',9,343),
('2176','COLAPEZ ( GELATINA DE PESCADO X 200 GRS.',0,0,'B',9,335),
('2177','COLAPEZ O GELATINA DE PESCADO',0,0,'B',9,128),
('2178','SARDINA EN SALSA DE TOMATE X 425 GR X 24 UNIDADES',0,0,'B',9,337),
('2179','SARDINA GRATED LATA X 425 GRS. X 24 UNIDADES',0,0,'B',9,337),
('218','PLANCHA DE FIERRO GALVANIZADO 1/16 in X 1.20 X 2.40 M',0,0,'B',3,112),
('2180','CONSERVA DE FILETE DE ATUN X 185 GRS',0,0,'B',9,348),
('2181','SARDINAS EN SALSA DE TOMATE DE 425 G',0,0,'B',9,348),
('2182','PESCADO PICUDA',0,0,'B',9,128),
('2183','PESCADO SUCO',0,0,'B',9,128),
('2184','PESCADO SARDINA',0,0,'B',9,128),
('2185','PESCADO ANCHOVETA',0,0,'B',9,128),
('2186','PESCADO TOA',0,0,'B',9,128),
('2187','ATUN FILETE  LATA X 170 G',0,0,'B',9,112),
('2188','ATUN EN FILETE X 185 G',0,0,'B',9,348),
('2189','ATUN EN FILETE X 170 G X 48 UNI',0,0,'B',9,337),
('219','PLANCHA DE FIERRO 40 cm X 1.20 m X 1/6 in',0,0,'B',3,112),
('2190','ATUN EN FILETE X 184 G X 48 UNI',0,0,'B',9,337),
('2191','CONSERVA DE ANCHOVETA ENTERA EN AGUA Y SAL DE 0.425 G',0,0,'B',9,112),
('2192','SARDINA EN GRATED 170 G',0,0,'B',9,348),
('2193','ATUN GRATED X 170 G',0,0,'B',9,348),
('2194','ATUN EN FILETE X 184 G',0,0,'B',9,348),
('2195','CABALLA EN FILETE TROZADA X 170 G',0,0,'B',9,348),
('2196','ATUN EN FILETE TROZADO X 170 G',0,0,'B',9,348),
('2197','SARDINA EN FILETE X 198 G',0,0,'B',9,348),
('2198','ANCHOVETA EN GRATED X 120 g',0,0,'B',9,112),
('2199','ANCHOVETA EN ACEITE DE OLIVA X 90 g',0,0,'B',9,112),
('22','ALAMBRE DE FIERRO GALVANIZADO 1/16 in',0,0,'B',3,73),
('220','TUBO DE FIERRO GALVANIZADO DE 1 X 6.4 M.',0,0,'B',3,370),
('2200','ANCHOVETA EN ACEITE VEGETAL X 90 g',0,0,'B',9,112),
('2201','ANCHOVETA EN SALSA DE TOMATE X 90 g',0,0,'B',9,112),
('2202','ANCHOVETA EN SALSA DE ESCABECHE X 90 g',0,0,'B',9,112),
('2203','ANCHOVETA EN CREMA DE VINO TINTO X 90 g',0,0,'B',9,112),
('2204','PURE DE PAPAS DESHIDRATADO',0,0,'B',9,128),
('2205','PURE DE PAPAS X 125 G.',0,0,'B',9,112),
('2206','PAPILLA ENRIQUECIDA INSTANTANEA X 900 G',0,0,'B',9,335),
('2207','PURE DE PAPA EN POLVO X 5 KG',0,0,'B',9,335),
('2208','MODULO PROTEICO X 275 GRAM',0,0,'B',9,348),
('2209','CHAMPI?ONES EN CONSERVA X 1/2 KG',0,0,'B',9,348),
('221','TUBO DE FIERRO GALVANIZADO DE 1/2 in X 6.4 M.',0,0,'B',3,112),
('2210','CONSERVA DE FRIJOL X 560 G',0,0,'B',9,348),
('2211','CONSERVA DE AJI CON PIMEINTO X 500 G',0,0,'B',9,345),
('2212','CONSERVA DE PEPINILLO ENCURTIDO X 850 G',0,0,'B',9,345),
('2213','CONSERVA DE LENTEJAS X 620 G',0,0,'B',9,348),
('2214','CONSERVA DE AJI DE POLLO X 1 KG',0,0,'B',9,348),
('2215','CONSERVA PATE DE POLLO X 200 G',0,0,'B',9,348),
('2216','PURE DE PAPAS X 125 G',0,0,'B',9,112),
('2217','CONSERVA DE CHAMPI?ONES X 425 G',0,0,'B',9,348),
('2218','FREJOL CON TOCINO X 560 G',0,0,'B',9,348),
('2219','CONSERVA DE SALCHICHA DE POLLO X 425 G',0,0,'B',9,348),
('222','TUBO DE FIERRO GALVANIZADO DE 3/4 in X 6.4 M',0,0,'B',3,112),
('2220','CHAMPI?ONES EN CONSERVA X 425 G',0,0,'B',9,348),
('2221','CONSERVA FREJOL CON TOCINO X 550 G',0,0,'B',9,348),
('2222','DESAYUNO PARA PACIENTE',0,0,'B',9,112),
('2223','DESAYUNO PARA EL PERSONAL ASISTENCIAL',0,0,'B',9,112),
('2224','REFRIGERIO PARA EL PACIENTE',0,0,'B',9,112),
('2225','REFRIGERIO PARA EL PERSONAL ASISTENCIAL',0,0,'B',9,112),
('2226','REFRIGERIO ESPECIAL',0,0,'B',9,112),
('2227','DESAYUNO PARA GUARDIAS',0,0,'B',9,112),
('2228','CENA PARA GUARDIAS',0,0,'B',9,112),
('2229','CENA ESPECIAL',0,0,'B',9,112),
('223','TUBO DE FIERRO GALVANIZADO DE 1 1/2 X 6.4 M.',0,0,'B',3,112),
('2230','DESAYUNO PARA INTERNOS',0,0,'B',9,112),
('2231','CENA PARA INTERNOS',0,0,'B',9,112),
('2232','SUPLEMENTO NUTRICIONAL X 450 G',0,0,'B',9,348),
('2233','FORMULA MATERNIZADA S/LACTOSA',0,0,'B',9,128),
('2234','LECHE MATERNIZADA X 1  KILO?????',0,0,'B',9,348),
('2235','LECHE MATERNIZADA 2 X 450 g',0,0,'B',9,112),
('2236','FORMULA MATERNIZADA INFANTIL DE INICIO X 400 G.',0,0,'B',9,337),
('2237','SALVADO DE TRIGO CON AZUCAR x 400 g',0,0,'B',9,112),
('2238','SALVADO DE TRIGO S/AZUCAR x 250 g',0,0,'B',9,112),
('2239','LECHE FORMULA ESPECIAL PARA PREMATUROS PLV',0,0,'B',9,128),
('224','TUBO DE FIERRO GALVANIZADO DE 2 X 6.40 M.',0,0,'B',3,112),
('2240','MODULO PROTEICO DE ALTO VALOR BIOLOGICO 440 G',0,0,'B',9,356),
('2241','MODULO NUTRICIONAL COMPLETO CON TMC X 1 kg',0,0,'B',9,112),
('2242','FORMULA SEMI ELEMENTAL PARCIALMENTE HIDROLIZADA C/GLUTAMINA 456 G X 4 UNI',0,0,'B',9,337),
('2243','FORMULA SEMI ELEMENTAL PARCIALMENTE HIDROLIZADA S/GLUTAMINA 474 G X 4 UNI',0,0,'B',9,337),
('2244','FORMULA SEMI ELEMENTAL ESPECIALIZADA CON INMUNOMODULARES X 123 g',0,0,'B',9,112),
('2245','FORMULA SEMIELEMENTAL INMUNOMODULADORA X 123 g',0,0,'B',9,112),
('2246','FORMULA ELEMENTAL PARCIALMENTE HIDROLIZADA CON GLUTAMINA ARGININA 76 g X 6 SOBRE',0,0,'B',9,112),
('2247','FORMULA ELEMENTAL PARCIALMENTE HIDROLIZADA CON GLUTAMINA ARGININA X 76 g',0,0,'B',9,112),
('2248','CEREAL EN BARRA X 21 g',0,0,'B',9,112),
('2249','CHESSECAKE DE FRESA',0,0,'B',9,112),
('225','PLATINA DE FIERRO 1/2 in X 1/8 in X 6 m',0,0,'B',3,112),
('2250','BOLSAS DE VIVERES',0,0,'B',9,112),
('2251','BOLSA CON PRODUCTOS ALIMENTICIOS',0,0,'B',9,112),
('2252','CANASTA NAVIDE?A',0,0,'B',9,112),
('2253','CANASTA CON PRODUCTOS ALIMENTICIOS GRANDE',0,0,'B',9,112),
('2254','CANASTA CON PRODUCTOS ALIMENTICIOS MEDIANA',0,0,'B',9,112),
('2255','CANASTA CON PRODUCTOS ALIMENTICIOS CHICA',0,0,'B',9,112),
('2256','CANASTA CON PRODUCTOS ALIMENTICIOS (EMBUTIDOS)',0,0,'B',9,112),
('2257','CANASTA CON PRODUCTOS ALIMENTICIOS (PASTAS O FIDEOS)',0,0,'B',9,112),
('2258','CANASTA CON PRODUCTOS ALIMENTICIOS X 09 UNI',0,0,'B',9,112),
('2259','CANASTA CON PRODUCTOS ALIMENTICIOS',0,0,'B',9,112),
('226','PLATINA DE FIERRO 1? X 3/16 in X 6 MT.',0,0,'B',3,112),
('2260','CANASTA CON PRODUCTOS DE GOLOSINAS GRANDE',0,0,'B',9,112),
('2261','CANASTA CON PRODUCTOS DE GOLOSINAS MEDIANA',0,0,'B',9,112),
('2262','CANASTA CON PRODUCTOS DE GOLOSINAS CHICA',0,0,'B',9,112),
('2263','BOLSA DE VIVERES FRESCOS VARIOS',0,0,'B',9,352),
('2264','BOLSA DE PRODUCTOS',0,0,'B',9,112),
('2265','ARVEJAS',0,0,'B',9,128),
('2266','ARVEJAS AMERICANAS',0,0,'B',9,128),
('2267','ARVEJAS CHINAS',0,0,'B',9,128),
('2268','ARVEJITA AMERICANA 1/2 KG',0,0,'B',9,128),
('2269','BROCOLI.',0,0,'B',9,352),
('227','PLATINA DE FIERRO 1/8 X 3/4 X 6 m',0,0,'B',3,112),
('2270','CABEZA DE COL CHINA',0,0,'B',9,112),
('2271','CEBOLLA',0,0,'B',9,128),
('2272','CEBOLLA CHINA X 1/2 KG',0,0,'B',9,352),
('2273','CULANTRO',0,0,'B',9,128),
('2274','NABO',0,0,'B',9,112),
('2275','PEREJIL',0,0,'B',9,128),
('2276','ZANAHORIA',0,0,'B',9,128),
('2277','ARVEJA VERDE PARTIDA',0,0,'B',9,128),
('2278','LIMON',0,0,'B',9,128),
('2279','OREGANO ENTERO SECO X 5 KG',0,0,'B',9,335),
('228','PLATINA DE FIERRO 1/4 X 2 in',0,0,'B',3,73),
('2280','PEPINILLO (AL PESO)',0,0,'B',9,128),
('2281','CHOCLO ENTERO',0,0,'B',9,112),
('2282','HIERBA BUENA',0,0,'B',9,128),
('2283','HUACATAY',0,0,'B',9,128),
('2284','FRIJOL CHINO',0,0,'B',9,128),
('2285','FREJOL VERDE',0,0,'B',9,128),
('2286','CHOCLO DESGRANADO',0,0,'B',9,128),
('2287','PIMIENTO',0,0,'B',9,128),
('2288','CAIGUA TRIPA',0,0,'B',9,343),
('2289','CAIGUA CHILENA',0,0,'B',9,128),
('229','PLATINA DE FIERRO DE 1/8 X 1/2 in',0,0,'B',3,73),
('2290','HABAS VERDES FRESCAS',0,0,'B',9,128),
('2291','ROMERO',0,0,'B',9,128),
('2292','PAC CHOY ( COL CHICNA)',0,0,'B',9,128),
('2293','ARVERJA VERDE PARTIDA X 1/2 KG',0,0,'B',9,335),
('2294','CEBOLLA DE CABEZA',0,0,'B',9,128),
('2295','ALVERJITA CHINA ( JOLANTAU  )',0,0,'B',9,128),
('2296','NABO X KILO',0,0,'B',9,128),
('2297','CHOCLO ENTERO.',0,0,'B',9,128),
('2298','PALLAR VERDE',0,0,'B',9,128),
('2299','CHINCHO',0,0,'B',9,128),
('23','ALAMBRE DE FIERRO GALVANIZADO DE CONSTRUCCION N? 14',0,0,'B',3,128),
('230','PLATINA DE FIERRO 3/4 in X 1/8 in X 6M',0,0,'B',3,112),
('2300','LIMON ACIDO',0,0,'B',9,128),
('2301','PEPINILLO POR KILO',0,0,'B',9,128),
('2302','ARVEJA VERDE SECA PARTIDA',0,0,'B',9,128),
('2303','ARVEJA VERDE SECA ENTERA',0,0,'B',9,128),
('2304','ZAPALLO MACRE',0,0,'B',9,128),
('2305','KULANTAO ( VERDURA CHINA )',0,0,'B',9,128),
('2306','TOMATE X 25 KGRS.',0,0,'B',9,430),
('2307','PAPRIKA',0,0,'B',9,128),
('2308','TOMILLO',0,0,'B',9,128),
('2309','CAIGUA CRIOLLA',0,0,'B',9,128),
('231','PLATINA DE FIERRO 3/4 in X 3/16 inX 6 M',0,0,'B',3,112),
('2310','ARVEJON FRESCO',0,0,'B',9,128),
('2311','NABO CRIOLLO',0,0,'B',9,352),
('2312','LIMON X UND.',0,0,'B',9,112),
('2313','ARVEJA VERDE',0,0,'B',9,128),
('2314','APIO.',0,0,'B',9,435),
('2315','CILANTRO',0,0,'B',9,435),
('2316','COL CHINA.',0,0,'B',9,435),
('2317','HIERBA BUENA.',0,0,'B',9,435),
('2318','NABO.',0,0,'B',9,435),
('2319','PEREJIL.',0,0,'B',9,435),
('232','PLATINA DE FIERRO 1 in X 1/4 in X 6 m',0,0,'B',3,112),
('2320','PORO.',0,0,'B',9,435),
('2321','REPOLLO',0,0,'B',9,112),
('2322','ZAPALLO ITALIANO',0,0,'B',9,128),
('2323','CAIGUA REGIONAL',0,0,'B',9,112),
('2324','REPOLLO.',0,0,'B',9,128),
('2325','SACHA CULANTRO',0,0,'B',9,352),
('2326','COLANTAO',0,0,'B',9,112),
('2327','LIMON ACIDO.',0,0,'B',9,112),
('2328','CHONTA',0,0,'B',9,112),
('2329','CULANTRO.',0,0,'B',9,435),
('233','PLANCHA DE COBRE DE 60 X 50 CMT. X 1 MM. DE ESPESOR',0,0,'B',3,112),
('2330','HUACATAY.',0,0,'B',9,435),
('2331','PEREJIL FRESCO',0,0,'B',9,435),
('2332','PIMIENTO ROJO',0,0,'B',9,112),
('2333','PIMIENTO.',0,0,'B',9,112),
('2334','CABEZA DE COL CHINA X KG.',0,0,'B',9,128),
('2335','CHINCHO.',0,0,'B',9,112),
('2336','ASNAPA',0,0,'B',9,435),
('2337','PEPINILLO..',0,0,'B',9,112),
('2338','ARVEJA PARTIDA 50 KG',0,0,'B',9,378),
('2339','SARANDAJA VERDE',0,0,'B',9,128),
('234','PLANCHA DE FIERRO DE 1.20MT X2.40MT X 1/16 in',0,0,'B',3,112),
('2340','ZAPALLITO ITALIANO x KG',0,0,'B',9,128),
('2341','COLANTAO.',0,0,'B',9,128),
('2342','CEBOLLA DE RABO',0,0,'B',9,435),
('2343','CHOCLO SERRANO',0,0,'B',9,112),
('2344','TOMATE MARSANO',0,0,'B',9,128),
('2345','LENTEJA VERDE CON VAINA',0,0,'B',9,128),
('2346','ALVERJA VERDE CON VAINA',0,0,'B',9,128),
('2347','COL CRIOLLA',0,0,'B',9,128),
('2348','ROCOTO GRANDE',0,0,'B',9,128),
('2349','ROCOTO CHICO',0,0,'B',9,128),
('235','PLANCHA DE FIERRO DE 1.20MT X2.40MT X 1/20 in',0,0,'B',3,112),
('2350','CAIGUA PICADA',0,0,'B',9,128),
('2351','COL CHINA .',0,0,'B',9,352),
('2352','APIO .',0,0,'B',9,352),
('2353','NABO .',0,0,'B',9,352),
('2354','PORO .',0,0,'B',9,352),
('2355','ARVEJON CON CASCARA',0,0,'B',9,128),
('2356','PORO FRESCO',0,0,'B',9,128),
('2357','VAINITA FRESCA',0,0,'B',9,128),
('2358','LIMON GRANDE',0,0,'B',9,128),
('2359','CHOCLO FRESCO',0,0,'B',9,128),
('236','PLANCHA DE FIERRO DE 39 X 242 CM X 1/8 in',0,0,'B',3,112),
('2360','PIMIENTO GRANDE',0,0,'B',9,128),
('2361','CAIGUA CHILENA.',0,0,'B',9,112),
('2362','ZAPALLO X 1000 GR',0,0,'B',9,128),
('2363','CILANTRO X 1000 Gr',0,0,'B',9,128),
('2364','PEPINILLO X 12 UNI',0,0,'B',9,343),
('2365','ALCACHOFA.',0,0,'B',9,343),
('2366','CAIGUA.',0,0,'B',9,339),
('2367','COL CRESPA .',0,0,'B',9,343),
('2368','COLIFLOR.',0,0,'B',9,343),
('2369','LECHUGA AMERICANA.',0,0,'B',9,343),
('237','PLANCHA DE FIERRO DE 5 in X 8 in X 1/8 in',0,0,'B',3,112),
('2370','TOMATE X 28 KG',0,0,'B',9,430),
('2371','PIMIENTO MORRON X 12 KG',0,0,'B',9,430),
('2372','MENTA.',0,0,'B',9,435),
('2373','CHICLAYO VERDURA',0,0,'B',9,435),
('2374','PIMIENTO ROJO.',0,0,'B',9,128),
('2375','ZAPALLO MACRE',0,0,'B',9,112),
('2376','PEPINILLO',0,0,'B',9,128),
('2377','MU?A FRESCA (AL PESO)',0,0,'B',9,128),
('2378','MU?A SECA (AL PESO)',0,0,'B',9,128),
('2379','MU?A FRESCA (POR ATADO)',0,0,'B',9,112),
('238','PLANCHA DE FIERRO 1/4 in DE 1.20 X 2.40 MT',0,0,'B',3,112),
('2380','MENTA.',0,0,'B',9,128),
('2381','COL DE CORAZON (AL PESO)',0,0,'B',9,128),
('2382','BETERRAGA',0,0,'B',9,352),
('2383','RABANITO',0,0,'B',9,352),
('2384','OLLUCO AMARILLO',0,0,'B',9,128),
('2385','YUCA AMARILLA',0,0,'B',9,128),
('2386','YUCA BLANCA',0,0,'B',9,128),
('2387','RABANITO.',0,0,'B',9,435),
('2388','RABANITO .',0,0,'B',9,112),
('2389','PAPA CANCHAN ROSADA',0,0,'B',9,128),
('239','PLANCHA DE FIERRO ESTRIADO DE 3/32 in X 1.20 X 2.40 M',0,0,'B',3,112),
('2390','PAPA CANCHAN X 46 KGS',0,0,'B',9,378),
('2391','YUCA DE LA MONTA?A',0,0,'B',9,128),
('2392','BETERRAGA.',0,0,'B',9,435),
('2393','ALMIDON DE CAMOTE',0,0,'B',9,128),
('2394','ALMIDON DE PAPA ( CHU?O )',0,0,'B',9,128),
('2395','ALMIDON DE PAPA X 200 G (CHU?O)',0,0,'B',9,112),
('2396','ALMIDON DE YUCA',0,0,'B',9,128),
('2397','CHU?O INGLES',0,0,'B',9,128),
('2398','CHU?O X 25 KG',0,0,'B',9,335),
('2399','MU?A FRESCA',0,0,'B',9,128),
('24','ALAMBRE DE FIERRO GALVANIZADO DE CONSTRUCCION N? 16',0,0,'B',3,73),
('240','PLANCHA DE FIERRO ESTRIADA DE 2.40 x 1.20 x 1/8 in',0,0,'B',3,112),
('2400','CHU?O BLANCO',0,0,'B',9,128),
('2401','CHU?O NEGRO',0,0,'B',9,128),
('2402','CHU?O X 5 KG',0,0,'B',9,335),
('2403','CHU?O BLANCO ENTERO',0,0,'B',9,128),
('2404','CHU?O NEGRO MOLIDO',0,0,'B',9,128),
('2405','FARI?A',0,0,'B',9,128),
('2406','MORAYA SECA ENTERA',0,0,'B',9,128),
('2407','MU?A SECA',0,0,'B',9,128),
('2408','CHU?O A GRANEL',0,0,'B',9,128),
('2409','MU?A',0,0,'B',9,435),
('241','PLANCHA DE FIERRO DE 1 M X 29 CM  X 1.5 MM',0,0,'B',3,112),
('2410','PACHOY (AL PESO)',0,0,'B',9,128),
('2411','TE CANELA FILTRANTE X 25 SOBRES',0,0,'B',9,112),
('2412','MUNICION CALIBRE 12 MM PARA ESCOPETA',0,0,'B',10,338),
('2413','MUNICIONES PARA PISTOLA CALIBRE 9MM PARABELLUM',0,0,'B',10,112),
('2414','MUNICIONES PARA PISTOLA CALIBRE 9MM CORTO',0,0,'B',10,112),
('2415','CARTUCHERA DE CUERO PARA  PISTOLA',0,0,'B',10,112),
('2416','ESTUFA CALEFACTOR GRADUABLE CON 3 NIVELES DE POTENCIA',0,0,'B',11,112),
('2417','CAMARA DE REFRIGERACION DE 3 PUERTAS',0,0,'B',11,112),
('2418','CAMARA FRIGORIFICA ISOTERMICA',0,0,'B',11,112),
('2419','COMPRESOR DOMESTICO HERMETICO ',0,0,'B',11,112),
('242','PLATINA DE ALUMINIO 1/16 in X 3/4 in X 6M',0,0,'B',3,112),
('2420','CONGELADORA VERTICAL DE -20?C',0,0,'B',11,112),
('2421','CONGELADORA VERTICAL DE 300 L. DE CAPACIDAD',0,0,'B',11,112),
('2422','CONGELADORA ELECTRICA HORIZONTAL DE 300 L',0,0,'B',11,112),
('2423','CONGELADORA DE EMBRIONES',0,0,'B',11,112),
('2424','ULTRA CONGELADOR VERTICAL',0,0,'B',11,112),
('2425','CONGELADORA ELECTRICA HORIZONTAL DE 10 P3',0,0,'B',11,112),
('2426','CONGELADORA ELECTRICA VERTICAL DE 21 PIES',0,0,'B',11,112),
('2427','CONGELADORA ELECTRICA VERTICAL DE 10 P3',0,0,'B',11,112),
('2428','CONGELADORA ELECTRICA VERTICAL DE 80 P3',0,0,'B',11,112),
('2429','ULTRACONGELADOR ELECTRICA VERTICAL',0,0,'B',11,112),
('243','PLANCHA DE FIERRO DE 1/8 in X 2.40 M X 1.20 M',0,0,'B',3,112),
('2430','CONGELADORA ELECTRICA VERTICAL DE -20?C DE 23 ft3',0,0,'B',11,112),
('2431','CONGELADORA ELECTRICA VERTICAL DE -50?C A -86?C DE 23 ft3',0,0,'B',11,112),
('2432','CONSERVADOR DE MUESTRAS',0,0,'B',11,112),
('2433','EQUIPO DESHUMEDECEDOR ELECTRICO PARA AMBIENTE DE 115/60 HZ',0,0,'B',11,112),
('2434','DESHUMEDECEDOR DE AMBIENTAL DE 2000W',0,0,'B',11,112),
('2435','DESHUMEDECEDOR ELECTRICO DE FLUJO DE AIRE',0,0,'B',11,112),
('2436','DESHUMEDECEDOR  MODELO AD40G1',0,0,'B',11,112),
('2437','DESHUMEDECEDOR 3J CAP. 14.25L',0,0,'B',11,112),
('2438','DESHUMEDECEDOR DE AIRE AMBIENTE DE 220 V',0,0,'B',11,112),
('2439','DESHUMEDECEDOR PARA AMBIENTE TIPO COMERCIAL DE 5 HP',0,0,'B',11,112),
('244','PLANCHA DE FIERRO DE 1/27 in X 4\' X 8\'',0,0,'B',3,112),
('2440','DESHUMEDECEDOR DOMESTICO PARA AMBIENTE DE 1/6 HP',0,0,'B',11,112),
('2441','DESHUMEDECEDOR INDUSTRIAL PARA AMBIENTE DE 7.5 HP',0,0,'B',11,112),
('2442','DESHUMEDECEDOR PARA AMBIENTE TIPO COMERCIAL 18 LTS/DIA',0,0,'B',11,112),
('2443','EQUIPO DE AIRE ACONDICIONADO TIPO SPLIT',0,0,'B',11,112),
('2444','EQUIPO DE AIRE ACONDICIONADO TIPO VENTANA',0,0,'B',11,112),
('2445','EQUIPO DE AIRE ACONDICIONADO DE 12000 BTU SPLIT PARED',0,0,'B',11,112),
('2446','EQUIPO DE AIRE ACONDICIONADO DE 18000 BTU SPLIT PARED',0,0,'B',11,112),
('2447','EQUIPO DE AIRE ACONDICIONADO DE 24,000 BTU SPLIT PARED',0,0,'B',11,112),
('2448','EQUIPO DE AIRE ACONDICIONADO DE 24,000 BTU SPLIT PISO/TECHO',0,0,'B',11,112),
('2449','EQUIPO DE AIRE ACONDICIONADO DE 36,000 BTU SPLIT PISO/TECHO',0,0,'B',11,112),
('245','PLANCHA DE FIERRO DE 1/8 in X 15 CM X 15 CM',0,0,'B',3,112),
('2450','EQUIPO DE AIRE ACONDICIONADO DE 48,000 BTU SPLIT PISO/TECHO',0,0,'B',11,112),
('2451','EQUIPO DE AIRE ACONDICIONADO DE 60,000 BTU SPLIT PISO/TECHO',0,0,'B',11,112),
('2452','EQUIPO DE AIRE ACONDICIONADO DE 24 BTU 220 V.',0,0,'B',11,112),
('2453','EQUIPO DE AIRE ACONDICIONADO DE 18,000 BTU TIPO VENTANA',0,0,'B',11,112),
('2454','EQUIPO DE AIRE ACONDICIONADO DE 12,000 TIPO VENTANA ',0,0,'B',11,112),
('2455','EQUIPO DE AIRE ACONDICIONADO DE 24,000 TIPO VENTANA ',0,0,'B',11,112),
('2456','EQUIPO DE AIRE ACONDICIONADO DE 48,000 BTU TIPO VENTANA ',0,0,'B',11,112),
('2457','EQUIPO DE AIRE ACONDICIONADO DE 18,000 BTU SPLIT PISO/TECHO',0,0,'B',11,112),
('2458','EQUIPO DE AIRE ACONDICIONADO DE 5 HP  TIPO COMERCIAL',0,0,'B',11,112),
('2459','EQUIPO DE AIRE ACONDICIONADO DE 60,000 BTU/HR SPLIT DUCTO',0,0,'B',11,112),
('246','PLANCHA DE FIERRO DE 3/16 in X 4\' X 8\'',0,0,'B',3,112),
('2460','EQUIPO DE AIRE ACONDICIONADO DE 22,000 BTU SPLIT PARED',0,0,'B',11,112),
('2461','EQUIPO DE AIRE ACONDICIONADO DE 90,000 BTU/HR SPLIT DUCTO',0,0,'B',11,112),
('2462','EQUIPO DE AIRE ACONDICIONADO DE 60,000 BTU DUAL ',0,0,'B',11,112),
('2463','EQUIPO DE AIRE ACONDICIONADO DE 36,000 BTU SPLIT PARED',0,0,'B',11,112),
('2464','EQUIPO DE AIRE ACONDICIONADO DE 48,000 BTU SPLIT PARED',0,0,'B',11,112),
('2465','EQUIPO DE AIRE ACONDICIONADO DE 24,000 BTU/HR PARED  PRECISION ',0,0,'B',11,112),
('2466','EQUIPO DE AIRE ACONDICIONADO DE 48,000 BTU/HR SPLIT DUCTO',0,0,'B',11,112),
('2467','EQUIPO DE AIRE ACONDICIONADO DE 12000 BTU/HR SPLIT DUCTO',0,0,'B',11,112),
('2468','EQUIPO DE AIRE ACONDICIONADO DE 36,000 BTU/HR SPLIT PARED',0,0,'B',11,112),
('2469','EQUIPO DE AIRE ACONDICIONADO DE 22.000 BTU/HR SPLIT TECHO',0,0,'B',11,112),
('247','FILETE DE ALUMNIO 1 1/2 in',0,0,'B',3,73),
('2470','EQUIPO DE AIRE ACONDICIONADO DE 16000 BTU/HR SPLIT PARED',0,0,'B',11,112),
('2471','EQUIPO P/AIRE ACONDICIONADO DE 18000 BTU SPLIT PISO/TECHO',0,0,'B',11,112),
('2472','EQUIPO PARA AIRE ACONDICIONADO DE 18000 BTU TIPO VENTANA',0,0,'B',11,112),
('2473','EQUIPO DE AIRE ACONDICIONADO DE 24,000 BTU SPLIT VENTANA',0,0,'B',11,112),
('2474','EQUIPO DE AIRE ACONDICIONADO DE 12000 BTU SPLIT PISO/TECHO',0,0,'B',11,112),
('2475','EQUIPO DE AIRE ACONDICIONADO DE 24,000 BTU SPLIT TECHO',0,0,'B',11,112),
('2476','EQUIPO DE AIRE ACONDICIONADO DE 12000 BTU SPLIT VENTANA',0,0,'B',11,112),
('2477','EQUIPO DE AIRE ACONDICIONADO DE 30,000 BTU/HR TIPO SPLIT',0,0,'B',11,112),
('2478','EQUIPO DE AIRE ACONDICIONADO DE 60,189 BTU/HR SPLIT DUCTO',0,0,'B',11,112),
('2479','EQUIPO DE AIRE ACONDICIONADO DE 150,000 BTU TIPO PAQUETE ',0,0,'B',11,112),
('248','FILETE DE ALUMNIO 1 in',0,0,'B',3,73),
('2480','EQUIPO DE AIRE ACONDICIONADO DE 120000 BTU/HR SPLIT DUCTO',0,0,'B',11,112),
('2481','EQUIPO DE AIRE ACONDICIONADO DE 36,000 BTU/HR TIPO DUCTO',0,0,'B',11,112),
('2482','EQUIPO DE AIRE ACONDICIONADO DE 48,000 BTU/HR TIPO PAQUETE DUCTO',0,0,'B',11,112),
('2483','EQUIPO DE AIRE ACONDICIONADO 24000 BTU SPLIT DECORATIVO',0,0,'B',11,112),
('2484','EQUIPO DE AIRE ACONDICIONADO 12 000 BTU MINI SPLIT',0,0,'B',11,112),
('2485','EQUIPO DE AIRE ACONDICIONADO 18 000 BTU MINI SPLIT',0,0,'B',11,112),
('2486','EQUIPO DE AIRE ACONDICIONADO 18 000 BTU VENTANA',0,0,'B',11,112),
('2487','EQUIPO DE AIRE ACONDICIONADO 24 000 BTU SPLIT DECORATIVO',0,0,'B',11,112),
('2488','EQUIPO DE AIRE ACONDICIONADO 36 000 BTU SPLIT DECORATIVO',0,0,'B',11,112),
('2489','EQUIPO DE AIRE ACONDICIONADO 18,000 BTU/HR TIPO DUCTO',0,0,'B',11,112),
('249','PLANCHA ACERO INOXIDABLE 1.20 M X 2.40 M X 1 in',0,0,'B',3,112),
('2490','EQUIPO DE AIRE ACONDICIONADO DE 21000 BTU TIPO VENTANA',0,0,'B',11,112),
('2491','EQUIPO PARA AIRE ACONDICIONADO TIPO DOMESTICO DE 24000 TIPO SPLIT',0,0,'B',11,112),
('2492','EQUIPO PARA AIRE ACONDICIONADO TIPO DOMESTICO DE 28000 BTU',0,0,'B',11,112),
('2493','EQUIPO DE VENTILACION Y AIRE ACONDICIONADO',0,0,'B',11,112),
('2494','EQUIPO DE AIRE ACONDICIONADO PARA AMBIENTE DE 30 M2',0,0,'B',11,112),
('2495','EQUIPO DE AIRE ACONDICIONADO 1 DE 35 Y 2 DE 30 M2',0,0,'B',11,112),
('2496','EQUIPO DE AIRE ACONDICIONADO 2 DE 25 Y 1 DE 30 M2',0,0,'B',11,112),
('2497','EQUIPO DE AIRE ACONDICIONADO PARA 50 Y 25 M2',0,0,'B',11,112),
('2498','SISTEMA DE VENTILACION CON PRESION POSITIVA',0,0,'B',11,112),
('2499','EQUIPO DE AIRE ACONDICIONADO INDUSTRIAL DE POTENCIA 60000 BTU TIPLO SPLIT TECHO',0,0,'B',11,112),
('25','ALAMBRE DE FIERRO GALVANIZADO N? 10',0,0,'B',3,73),
('250','PLANCHA DE FIERRO ACANALADA 1.00 m X 2.40 m X 1.5 mm',0,0,'B',3,112),
('2500','EQUIPO DE AIRE ACONDICIONADO INDUSTRIAL DE 18000 BTU TIPO VENTANA',0,0,'B',11,112),
('2501','EQUIPO DE AIRE ACONDICIONADO TIPO INDUSTIAL DE 12,000 BTU',0,0,'B',11,112),
('2502','EQUIPO DE AIRE ACONDICIONADO TIPO SPLIT MASP-12 BT CAPACIDAD 12000 BTU/H',0,0,'B',11,112),
('2503','EQUIPO PARA AIRE ACONDICIONADO TIPO INDUSTRIAL DE 28000 BTU',0,0,'B',11,112),
('2504','EVAPORADOR DE AIRE CON 02 VENTILADORES  P/30 in',0,0,'B',11,112),
('2505','EVAPORADORA PARA SPLIT DUCTO 60,000 BTU/HR',0,0,'B',11,112),
('2506','EXTRACTOR DE AIRE 12 in TIPO AXIAL',0,0,'B',11,112),
('2507','EXTRACTOR DE AIRE TIPO DUCTO GC740',0,0,'B',11,112),
('2508','EXTRACTOR DE AIRE TIPO DUCTO GN320',0,0,'B',11,112),
('2509','EXTRACTOR DE AIRE TIPO DUCTO GN340',0,0,'B',11,112),
('251','TUBO DE FIERRO CUADRADO DE 4 in X 3MM X 6 MT DE LONG',0,0,'B',3,112),
('2510','EXTRACTOR DE AIRE TIPO DUCTO GN820',0,0,'B',11,112),
('2511','EXTRACTOR DE AIRE 12 in TIPO AXIAL CAPACIDAD  2120 M',0,0,'B',11,112),
('2512','EXTRACTOR DE AIRE 16 in',0,0,'B',11,112),
('2513','EXTRACTOR DE AIRE DE 500M3/HR',0,0,'B',11,112),
('2514','EXTRACTOR DE AIRE DE 15 in - 220V',0,0,'B',11,112),
('2515','EXTRACTOR DE AIRE TIPO COMERCIAL',0,0,'B',11,112),
('2516','EXTRACTOR DE AIRE TIPO DOMESTICO',0,0,'B',11,112),
('2517','EXTRACTOR DE AIRE 8 in',0,0,'B',11,112),
('2518','EXTRACTOR DE AIRE 12 in',0,0,'B',11,112),
('2519','EXTRACTOR DE AIRE DE EXTRACCION AXIAL',0,0,'B',11,112),
('252','TUBO DE FIERRO 8 in X 6MM X 5M',0,0,'B',3,112),
('2520','EXTRACTOR DE AIRE HELICOIDAL INDUSTRIAL',0,0,'B',11,112),
('2521','EXTRACTOR DE AIRE E INYECTOR ELECTRICO MONOFASICO 1/2 HP/220V/60HZ',0,0,'B',11,112),
('2522','EXTRACTOR DE AIRE 18 in TIPO AXIAL DE HELICE',0,0,'B',11,112),
('2523','EXTRACTOR DE AIRE DE 1,550 RPM TIPO AXIAL',0,0,'B',11,112),
('2524','EXTRACTOR DE AIRE DE 1,800 RPM TIPO AXIAL',0,0,'B',11,112),
('2525','EXTRACTOR DE AIRE TIPO AXIAL MONOFASICO CAUDAL DE 500 ft3/min',0,0,'B',11,112),
('2526','EXTRACTOR DE AIRE TIPO AXIAL MONOFASICO CAUDAL DE 700 ft3/min',0,0,'B',11,112),
('2527','EXTRACTOR DE AIRE TIPO AXIAL MONOFASICO CAUDAL DE 800 ft3/min',0,0,'B',11,112),
('2528','EXTRACTOR DE AIRE TIPO AXIAL MONOFASICO CAUDAL DE 1200 ft3/min',0,0,'B',11,112),
('2529','HUMEDECEDOR DE OXIGENO',0,0,'B',11,112),
('253','TUBO DE FIERRO GALVANIZADO 3/4 in X 5MTS.',0,0,'B',3,112),
('2530','HUMIDIFICADOR AMBIENTAL',0,0,'B',11,112),
('2531','VENTILADOR INYECTOR DE AIRE DE 15 in DE 220V',0,0,'B',11,112),
('2532','REFRIGERADORAS A GAS  DE 10 P3 P/ CADENA DE FRIO',0,0,'B',11,112),
('2533','REFRIGERADORA ELECTRICA DOMESTICA  14 P3 C/DESCONGELAMIENTO AUTOMATICO',0,0,'B',11,112),
('2534','REFRIGERADORA ELECTRICA DOMESTICA 8 P3',0,0,'B',11,112),
('2535','REFRIGERADORA ELECTRICA DOMESTICA 15 P3',0,0,'B',11,112),
('2536','REFRIGERADORA ELECTRICA DOMESTICA 22 P3',0,0,'B',11,112),
('2537','REFRIGERADORA ELECTRICA DOMESTICA 3 P3',0,0,'B',11,112),
('2538','REFRIGERADORA ELECTRICA DOMESTICA 12 P3',0,0,'B',11,112),
('2539','REFRIGERADORA ELECTRICA DOMESTICA 9 P3',0,0,'B',11,112),
('254','TUBO DE FIERRO 1 1/2 in X 6M',0,0,'B',3,112),
('2540','REFRIGERADORA ELECTRICA DOMESTICA 10 PIES DE 2 PUERTAS',0,0,'B',11,112),
('2541','REFRIGERADORA ELECTRICA DOMESTICA 18 P3',0,0,'B',11,112),
('2542','REFRIGERADORA PARA CONSERVACION DE MUESTRAS  16 in',0,0,'B',11,112),
('2543','REFRIGERADORA ELECTRICA DOMESTICA CON DESCONGELAMIENTO DE 18 P3',0,0,'B',11,112),
('2544','REFRIGERADORA ELECTRICA DOMESTICA 5 P3',0,0,'B',11,112),
('2545','REFRIGERADORA ELECTRICA DOMESTICA 13 P3',0,0,'B',11,112),
('2546','REFRIGERADORA ELECTRICA DOMESTICA 16 P3',0,0,'B',11,112),
('2547','REFRIGERADORA ELECTRICA DOMESTICA 10 P3',0,0,'B',11,112),
('2548','REFRIGERADORA ELECTRICA DOMESTICA 12 P3 C/ 2 PUERTAS',0,0,'B',11,112),
('2549','REFRIGERADORA ELECTRICA DOMESTICA 6 P3',0,0,'B',11,112),
('255','TUBO DE FIERRO NEGRO CUADRADO 1 1/2 in X 1.00MM X 6 MTS.',0,0,'B',3,112),
('2550','REFRIGERADORA ELECTRICA DOMESTICA 4.8 P3 (CAPAC.136 LTS./SISTEMA NO FROST/2 PUER',0,0,'B',11,112),
('2551','REFRIGERADORA ELECTRICA DOMESTICA CON DESCONGELAMIENTO DE 20.7 P3',0,0,'B',11,112),
('2552','FRIGOBAR (FRIOBAR) 4.6 P3',0,0,'B',11,112),
('2553','FRIGOBAR (FRIOBAR) 5.3 P3 C/ LLAVE 150 L',0,0,'B',11,112),
('2554','FRIGOBAR (FRIOBAR) 5.2 P3 C/ LLAVE',0,0,'B',11,112),
('2555','REFRIGERADORA ELECTRICA DOMESTICA 14 P3',0,0,'B',11,112),
('2556','REFRIGERADORA ELECTRICA DOMESTICA 9.6 P3',0,0,'B',11,112),
('2557','REFRIGERADORA ELECTRICA DOMESTICA 21 P3',0,0,'B',11,112),
('2558','REFRIGERADORA ELECTRICA DOMESTICA 20 P3 C/ 2 PUERTAS',0,0,'B',11,112),
('2559','REFRIGERADORA ELECTRICA DOMESTICA 16 P3 C/ 2 PUERTAS',0,0,'B',11,112),
('256','TUBO DE FIERRO GALVANIZADO 3/4 in X 6.40 MTS.',0,0,'B',3,402),
('2560','REFRIGERADORA ELECTRICA DOMESTICA 11.5 P3',0,0,'B',11,112),
('2561','REFRIGERADORA ELECTRICA DOMESTICA 8.5 P3',0,0,'B',11,112),
('2562','FRIGOBAR (FRIOBAR) 05 P3 C/ AUTOFROST DE 01PUERTA',0,0,'B',11,112),
('2563','REFRIGERADORA ELECTRICA DOMESTICA 24 P3',0,0,'B',11,112),
('2564','REFRIGERADORA ELECTRICA DOMESTICA 23 P3',0,0,'B',11,112),
('2565','REFRIGERADORA ELECTRICA INDUSTRIAL CON 04 PUERTAS 40 P3',0,0,'B',11,112),
('2566','THERMA ELECTRICA DE 100 LITROS',0,0,'B',11,112),
('2567','THERMA ELECTRICA DE 80 LITROS',0,0,'B',11,112),
('2568','THERMA A KEROSENE DE 50 LITROS',0,0,'B',11,112),
('2569','THERMA ELECTRICA DE 50 LITROS',0,0,'B',11,112),
('257','TUBO DE FIERRO CUADRADO 3/32 in X 1/2 in X 6 MTS',0,0,'B',3,112),
('2570','THERMA ELECTRICA 110 LITROS',0,0,'B',11,112),
('2571','THERMA SOLAR DE 600 LITROS',0,0,'B',11,112),
('2572','VENTILADOR - DIFUSOR PARA LA CAMARA DE CONSERVACION',0,0,'B',11,112),
('2573','VENTILADOR INDUSTRIAL TIPO AXIAL DE 36 in DE DIAMETRO C/ PALETAS METALICAS',0,0,'B',11,112),
('2574','VENTILADOR DE PIE DE 03 VELOCIDADES*',0,0,'B',11,112),
('2575','VENTILADOR DE PEDESTAL DE 16 in',0,0,'B',11,112),
('2576','VENTILADOR DE PEDESTAL MESA Y PARED DE 3 VELOCIDADES',0,0,'B',11,112),
('2577','VENTILADOR CON ACCESORIOS',0,0,'B',11,112),
('2578','VENTILADOR PORTATIL SUPER',0,0,'B',11,112),
('2579','VENTILADOR DE PIE DE 04 VELOCIDADES',0,0,'B',11,112),
('258','TUBO DE FIERRO CUADRADO 3/32 in X 3/4 in X 6 MTS.',0,0,'B',3,112),
('2580','VENTILADOR DE PEDESTAL DE 03 VELOCIDADES',0,0,'B',11,112),
('2581','VENTILADOR DE PIE PORTATIL',0,0,'B',11,112),
('2582','VENTILADOR CIRCULADOR DE AIRE',0,0,'B',11,112),
('2583','VENTILADOR DE MESA 16  in 3 VELOCIDADES',0,0,'B',11,112),
('2584','VENTILADOR ELECTRICO DE MESA',0,0,'B',11,112),
('2585','VENTILADOR DE PIE 18 in TRES VELOCIDADES',0,0,'B',11,112),
('2586','VENTILADOR ELECTRICO PARA PARED DE 16 in',0,0,'B',11,112),
('2587','VENTILADOR DE PARED DE 18 in DE 3 VELOCIDADES (SEMI INDUSTRIAL)',0,0,'B',11,112),
('2588','VENTILADOR AEREO DE TRES VELOCIDADES',0,0,'B',11,112),
('2589','VENTILADOR PARA TECHO DE 56 in X 5 VELOCIDADES',0,0,'B',11,112),
('259','TUBO DE FIERRO NEGRO DE 3/32 in X ? in X 6 MTS',0,0,'B',3,112),
('2590','VENTILADOR ELECTRICO TIPO TORRE',0,0,'B',11,112),
('2591','BOMBA DE TINTA PARA MIMEOGRAFO.',0,0,'B',12,112),
('2592','ESPONJA LITOGRAFICA',0,0,'B',12,112),
('2593','PLACA POSITIVA OFFSET TAMA?O A2  530 X 650 X 0.3 mm',0,0,'B',12,112),
('2594','RODAMIENTO DE MOTOR PRINCIPAL DE DUPLICADORA RICOH DX4542',0,0,'B',12,112),
('2595','CLISSE DEL JURADO NACIONAL DE ELECCIONES',0,0,'B',12,112),
('2596','PLACA POSITIVA TAMA?O OFICIO',0,0,'B',12,112),
('2597','KIT DE ENGRANAJE DE IMPRESORA FX-880',0,0,'B',12,112),
('2598','PLACA POSITIVA 25.4 cm X 38 cm PARA IMPRESION OFSET',0,0,'B',12,112),
('2599','MANIJA DE ACERO INOXIDABLE DE 10 cm',0,0,'B',13,112),
('26','ALAMBRE DE FIERRO GALVANIZADO N? 12',0,0,'B',3,73),
('260','TUBO FIERRO NEGRO PESADO DE 2 in X 6 M.',0,0,'B',3,112),
('2600','ACIDO MURIATICO.',0,0,'B',13,345),
('2601','ACIDO MURIATICO X 4 L',0,0,'B',13,346),
('2602','ACIDO MURIATICO AL 33% X 20 L',0,0,'B',13,112),
('2603','JABON LIQUIDO ANTIBACTERIANO PARA MANOS (X LITRO)',0,0,'B',13,112),
('2604','JABON LIQUIDO ANTIBACTERIANO X 500 ML X 18 UNI',0,0,'B',13,112),
('2605','JABON LIQUIDO ANTIBACTERIANO X 800 ML X 12 UNI',0,0,'B',13,112),
('2606','JABON LIQUIDO ANTIBACTERIAL AL 0.25% X 500 ML',0,0,'B',13,345),
('2607','JABON LIQUIDO CLORHEXIDINA AL 2%',0,0,'B',13,419),
('2608','ANTIBACTERIANO LIQUIDO PARA MANOS ( EN LITRO )',0,0,'B',13,112),
('2609','JABON LIQUIDO ANTIBACTERIAL CON TRICLOSAN X 500 ML',0,0,'B',13,112),
('261','TUBO DE FIERRO 2 in X 6 MTS',0,0,'B',3,112),
('2610','JABON LIQUIDO X 1 L',0,0,'B',13,112),
('2611','JABON LIQUIDO ANTIBACTERIAL X 2 L CON DISPENSADOR',0,0,'B',13,337),
('2612','JABON LIQUIDO ANTIBACTERIANO X 500 ML X 12 UNI',0,0,'B',13,112),
('2613','JABON LIQUIDO ANTIBACTERIAL CON ALOE X  800 ML',0,0,'B',13,112),
('2614','JABON LIQUIDO  X 1 L',0,0,'B',13,345),
('2615','JABON LIQUIDO X 500 ML',0,0,'B',13,112),
('2616','JABON LIQUIDO AL 10%',0,0,'B',13,419),
('2617','JABON LIQUIDO CON TRICLOSAN AL 2% X 800 mL',0,0,'B',13,112),
('2618','JABON LIQUIDO X 30 ML',0,0,'B',13,112),
('2619','JABON LIQUIDO GEL ANTIBACTERIAL CON TRICLOSAN 25% X 800 mL',0,0,'B',13,112),
('262','TUBO DE FIERRO 3/4 in X 6 MTS',0,0,'B',3,112),
('2620','JABON LIQUIDO ANTIBACTERIANO 800 ML CIRCUITO CERRADO',0,0,'B',13,112),
('2621','JABON LIQUIDO ANTIBACTERIAL CON TRICLOSAN AL 0.32% X 800 mL',0,0,'B',13,112),
('2622','JABON LIQUIDO ANTIBACTERIAL X 2 L',0,0,'B',13,345),
('2623','JABON LIQUIDO ANTIBACTERIANO x 1 L',0,0,'B',13,112),
('2624','JABON LIQUIDO GEL ANTIBACTERIAL CON TRICLOSAN 25% X 1 L X 12 UNI',0,0,'B',13,112),
('2625','JABON LIQUIDO CLORHEXIDINA AL 4 % X 500 mL C/DISPENSADOR',0,0,'B',13,112),
('2626','JABON LIQUIDO ANTIBACTERIANO CON TRICLOSAN AL 0.15 % X 1 L',0,0,'B',13,112),
('2627','JABON LIQUIDO ANTIBACTERIANO CON TRICLOSAN AL 1% X 1 L',0,0,'B',13,112),
('2628','JABON LIQUIDO CON TRICLOSAN AL 0.15 % X 800 mL',0,0,'B',13,112),
('2629','JABON LIQUIDO CON TRICLOSAN AL 1% X 800 mL',0,0,'B',13,112),
('263','TUBO DE FIERRO REDONDO DE 2 in X 6M.',0,0,'B',3,112),
('2630','JABON LIQUIDO CON TRICLOSAN AL 4% X 1.2 L',0,0,'B',13,112),
('2631','BENCINA RECTIFICADA X 18 L.',0,0,'B',13,333),
('2632','BENCINA.',0,0,'B',13,419),
('2633','BETUN EN PASTA C/MARRON X 100 ML',0,0,'B',13,112),
('2634','BETUN EN PASTA C/NEGRO X 100 ML',0,0,'B',13,112),
('2635','BETUN EN PASTA C/AZUL X 100 ML',0,0,'B',13,112),
('2636','BETUN EN PASTA C/NEUTRAL X 100 ML',0,0,'B',13,112),
('2637','BETUN EN PASTA X 100 mL',0,0,'B',13,112),
('2638','BETUN LIQUIDO CON APLICADOR X 90 mL',0,0,'B',13,112),
('2639','CERA AL AGUA PARA PISO (GALON)',0,0,'B',13,419),
('264','TUBO DE FIERRO NEGRO DE 2 1/2 in X 35 PIES',0,0,'B',3,112),
('2640','CERA AL AGUA PARA PISO C/AMARILLO (EN GALON)',0,0,'B',13,419),
('2641','CERA AL AGUA PARA PISO COLOR ROJO  ( EN GALON )',0,0,'B',13,419),
('2642','CERA AL AGUA PARA PISO X 5 GALONES.',0,0,'B',13,333),
('2643','CERA AL AGUA ROJA FLUIDA',0,0,'B',13,419),
('2644','CERA AL AGUA ROJA X 1 L',0,0,'B',13,112),
('2645','CERA AL AGUA PERFUMADA',0,0,'B',13,112),
('2646','CERA AL AGUA BLANCA',0,0,'B',13,419),
('2647','CERA AL AGUA ACRILICA',0,0,'B',13,419),
('2648','CERA AL AGUA PARA PISO C/ROJO',0,0,'B',13,128),
('2649','CERA AL AGUA X 3765 ML',0,0,'B',13,112),
('265','TUBO DE FIERRO NEGRO DE 3 in X 25 PIES',0,0,'B',3,112),
('2650','CERA AL AGUA PARA PISO X  55 gal',0,0,'B',13,112),
('2651','CERA EN PASTA AMARILLA PARA PISO',0,0,'B',13,346),
('2652','CERA EN PASTA PARA PISO COJIN X 325 g',0,0,'B',13,112),
('2653','CERA EN PASTA ROJA X 18 K',0,0,'B',13,112),
('2654','CERA EN PASTA C/ROJO X 4 L',0,0,'B',13,112),
('2655','CERA EN PASTA C/NEGRO X 4 L',0,0,'B',13,112),
('2656','CERA EN PASTA C/AMARILLO X 4 L',0,0,'B',13,112),
('2657','CERA EN PASTA COLORES DIVERSOS X 4 L',0,0,'B',13,112),
('2658','CERA EN PASTA C/AMARILLA X 5 GALONES',0,0,'B',13,333),
('2659','CERA EN PASTA NATURAL',0,0,'B',13,419),
('266','TUBO DE FIERRO N. DE 2 in X 6 M. PESADO',0,0,'B',3,112),
('2660','CERA EN PASTA C/BLANCO',0,0,'B',13,419),
('2661','CERA EN PASTA PARA PISO X 330 g',0,0,'B',13,112),
('2662','CERA EN PASTA PARA PISO TRANSPARENTE',0,0,'B',13,419),
('2663','CERA EN PASTA PARA PISO C/AMARILLO X 55 GALONES',0,0,'B',13,112),
('2664','DESINFECTANTE PINO X 1.41 CC',0,0,'B',13,112),
('2665','DESINFECTANTE LIQUIDO PARA PISO',0,0,'B',13,419),
('2666','DESINFECTANTE LIQUIDO PINO PARA PISO',0,0,'B',13,419),
('2667','DESINFECTANTE PINOTEK DE 650 ML EN  SPRAY',0,0,'B',13,112),
('2668','DESINFECTANTE LIMPIADOR X 900 CM.',0,0,'B',13,112),
('2669','DESINFECTANTE LIQUIDO PARA BA?O',0,0,'B',13,419),
('267','TUBO DE FIERRO NEGRO DE 1/2 in DE DIAMETRO SCH-80 X 6 MTS',0,0,'B',3,112),
('2670','DESINFECTANTE PINO',0,0,'B',13,419),
('2671','DESINFECTANTE PARA BA?O X 500 ML',0,0,'B',13,112),
('2672','LIMPIADOR DESINFECTANTE  DE 3 ONZAS',0,0,'B',13,112),
('2673','LIMPIADOR DESINFECTANTE X 60 GR.',0,0,'B',13,112),
('2674','DESINFECTANTE PINO PLUS',0,0,'B',13,419),
('2675','DESINFECTANTE DE PINO X 55 gal',0,0,'B',13,112),
('2676','DESINFECTANTE PINO X 5 L',0,0,'B',13,112),
('2677','DESINFECTANTE PINO X 20 L',0,0,'B',13,112),
('2678','DESINFECTANTE LIMPIADOR MULTIUSOS X 900 mL',0,0,'B',13,112),
('2679','DESINFECTANTE PINO X 5 gal',0,0,'B',13,112),
('268','TUBO DE FIERRO NEGRO DE 3/4 in DE DIAMETRO SCH-80 X 6 MTS',0,0,'B',3,112),
('2680','DESINFECTANTE PINO X GALON',0,0,'B',13,419),
('2681','DESINFECTANTE EN GENERAL',0,0,'B',13,419),
('2682','DESINFECTANTE PINO DE 2 LITROS',0,0,'B',13,112),
('2683','DESINFECTANTE Y DESODORANTE DE AMBIENTE X 1 GLN',0,0,'B',13,112),
('2684','DESINFECTANTE LIQUIDO PINO PARA PISO X 1 L',0,0,'B',13,112),
('2685','DESINFECTANTE PINO X 1000 ML',0,0,'B',13,112),
('2686','DESINFECTANTE PINO X 330 mL',0,0,'B',13,112),
('2687','DESINFECTANTE PINO X 900 mL',0,0,'B',13,112),
('2688','DESINFECTANTE LIQUIDO PARA PISOS Y PAREDES',0,0,'B',13,419),
('2689','DESINFECTANTE CONCENTRADO AMONIO + PINO',0,0,'B',13,419),
('269','TUBO DE FIERRO CUADRADO DE 1 in X 1.5 in X 6 M',0,0,'B',3,112),
('2690','DESINFECTANTE PARA AMBIENTE X 900 ML',0,0,'B',13,112),
('2691','DESMANCHADOR DE ROPA',0,0,'B',13,419),
('2692','DESMANCHADOR DE ROPA X 1 L',0,0,'B',13,112),
('2693','AROMATIZADOR DE AMBIENTE LIQUIDO ',0,0,'B',13,419),
('2694','AROMATIZADOR DE AMBIENTE PARA PEGAR EN PARED',0,0,'B',13,112),
('2695','DEODORIZADOR DE AMBIENTE CON PULVERIZADOR INCORPORADO X 1/2 LT.',0,0,'B',13,112),
('2696','PERFUMADOR DE AMBIENTE X 2.81ML',0,0,'B',13,112),
('2697','DEODORIZADOR  PARA AMBIENTE EN SPRAY X 440 ML',0,0,'B',13,112),
('2698','DESODORANTE DE AMBIENTE',0,0,'B',13,419),
('2699','AROMATIZADOR ANTITABACO EN SPRAY  X 400 ML',0,0,'B',13,112),
('27','ALAMBRE DE FIERRO GALVANIZADO N? 14',0,0,'B',3,73),
('270','TUBO DE FIERRO REDONDO DE 1/2 in X 6 MT',0,0,'B',3,112),
('2700','AMBIENTADOR LIQUIDO',0,0,'B',13,349),
('2701','DESODORANTE PARA BA?O EN PASTILLA X 60 GR',0,0,'B',13,112),
('2702','PERFUMADOR DE AMBIENTE X LITRO',0,0,'B',13,112),
('2703','DESODORANTE LIQUIDO',0,0,'B',13,419),
('2704','DESODORANTE PARA AMBIENTE CON PULVERIZADOR POR 1/2 LIT.',0,0,'B',13,345),
('2705','DESODORANTE PARA AMBIENTE CON PULVERIZADOR POR 1/4 LIT.',0,0,'B',13,112),
('2706','PERFUMADOR DE AMBIENTE X GALON',0,0,'B',13,419),
('2707','AMBIENTADOR SPRAY X 900 mL',0,0,'B',13,112),
('2708','AMBIENTADOR SPRAY X 450 mL',0,0,'B',13,112),
('2709','AMBIENTADOR SPRAY X 400 mL',0,0,'B',13,112),
('271','TUBO FIERRO GALVANIZADO 1/2 inX 5.50 MTS',0,0,'B',3,112),
('2710','AMBIENTADOR LIQUIDO FRAGANCIA FLORAL',0,0,'B',13,419),
('2711','AMBIENTADOR LIQUIDO FRAGANCIA LIMON',0,0,'B',13,419),
('2712','AMBIENTADOR LIQUIDO FRAGANCIA MIL FLORES',0,0,'B',13,419),
('2713','AMBIENTADOR LIQUIDO FRAGANCIA PINO',0,0,'B',13,419),
('2714','PERFUMADOR DE AMBIENTE CONCENTRADO X 20 L',0,0,'B',13,112),
('2715','AMBIENTADOR LIQUIDO X 20 L',0,0,'B',13,112),
('2716','PERFUMADOR DE AMBIENTE CON ROCEADOR X 1 L',0,0,'B',13,112),
('2717','PERFUMADOR DE AMBIENTE  X 15 ONZAS',0,0,'B',13,112),
('2718','AMBIENTADOR LIQUIDO.',0,0,'B',13,419),
('2719','AMBIENTADOR SPRAY X 360mL',0,0,'B',13,112),
('272','TUBO FIERRO GALVANIZADO 2 1/2 in X 3 MTS LARGO APROX.',0,0,'B',3,112),
('2720','DETERGENTE GRANULADO DOMESTICO',0,0,'B',13,128),
('2721','DETERGENTE GRANULADO P/VAJILLA X 1/4 KG',0,0,'B',13,112),
('2722','DETERGENTE GRANULADO X 1 KG',0,0,'B',13,112),
('2723','DETERGENTE GRANULADO X 1/4 KG',0,0,'B',13,112),
('2724','DETERGENTE INDUSTRIAL X 15KG',0,0,'B',13,112),
('2725','DETERGENTE X 200 GRAMOS',0,0,'B',13,112),
('2726','DETERGENTE ENZIMATICO EN POLVO (PAQUETE X 12 DOSIS DE 20 GRS. C/U)',0,0,'B',13,112),
('2727','DETERGENTE INDUSTRIAL',0,0,'B',13,128),
('2728','DETERGENTE MULTIENZIMATICO DE DOBLE RENDIMIENTO CON CUATRO ENZIMAS',0,0,'B',13,346),
('2729','DETERGENTE X 800 GR.',0,0,'B',13,112),
('273','TUBO FIERRO GALVANIZADO 1/4 in 2.66 MT',0,0,'B',3,112),
('2730','DETERGENTE DOMESTICO (BOLSA X 15 KILOS)',0,0,'B',13,112),
('2731','DETERGENTE ENZIMATICO CON 3 ENZIMAS',0,0,'B',13,346),
('2732','DETERGENTE ENZIMATICO BACTERICIDA X 12 DOSIS',0,0,'B',13,112),
('2733','DETERGENTE DOMESTICO X KILO',0,0,'B',13,112),
('2734','DETERGENTE LIQUIDO P/ROPA DE COLOR',0,0,'B',13,419),
('2735','EXTRAN  MA - 04 DESINFECTANTE X 2.5 LIT.',0,0,'B',13,112),
('2736','DETERGENTE EN POLVO POR 1 KILO',0,0,'B',13,112),
('2737','DETERGENTE EN POLVO X 250 GRS.',0,0,'B',13,112),
('2738','DETERGENTE INDUSTRIAL X 50 KGS',0,0,'B',13,112),
('2739','DETERGENTE A GRANEL X 15 KILOS',0,0,'B',13,112),
('274','TUBO FIERRO GALVANIZADO 3 in X 1.08 MT',0,0,'B',3,112),
('2740','DETERGENTE DOMESTICO X 13 KILOS',0,0,'B',13,112),
('2741','DETERGENTE PARA LIMPIEZA',0,0,'B',13,128),
('2742','DETERGENTE GRANULADO DOMESTICO X 15 KILOGRAMO',0,0,'B',13,112),
('2743','DETERGENTE X 2 200 GRS',0,0,'B',13,112),
('2744','DETERGENTE DOMESTICO X 900 GRS',0,0,'B',13,112),
('2745','DETERGENTE GRANEL',0,0,'B',13,128),
('2746','DETERGENTE ENZIMATICO BACTERIOSTATICO BIODEGRADABLE',0,0,'B',13,346),
('2747','DETERGENTE 225 GRS DE 48 UNIDADES',0,0,'B',13,112),
('2748','DETERGENTE DOMESTICO X 30 KILOS',0,0,'B',13,112),
('2749','DETERGENTE DOMESTICO X 5KG.',0,0,'B',13,112),
('275','TUBO DE FIERRO GALVANIZADO DE 1/2 in X 2 M.',0,0,'B',3,112),
('2750','DETERGENTE INDUSTRIAL GRANULADO',0,0,'B',13,128),
('2751','DETERGENTE EN POLVO X 180 GR',0,0,'B',13,112),
('2752','DETERGENTE EN POLVO DE 330 GR',0,0,'B',13,112),
('2753','DETERGENTE GRANULADO 170 G',0,0,'B',13,112),
('2754','DETERGENTE EN POLVO X 360 G.',0,0,'B',13,112),
('2755','DETERGENTE GRANULADO X 2.6 KG',0,0,'B',13,112),
('2756','DETERGENTE X 3 KG',0,0,'B',13,112),
('2757','DETERGENTE X 900 G',0,0,'B',13,112),
('2758','DETERGENTE X 225 G',0,0,'B',13,335),
('2759','DETERGENTE GRANULADO.',0,0,'B',13,128),
('276','TUBO FIERRO NEGRO 1/4 in  4.00 MT',0,0,'B',3,112),
('2760','DETERGENTE x 650 G',0,0,'B',13,112),
('2761','DETERGENTE EN POLVO X 250 G',0,0,'B',13,335),
('2762','DETERGENTE DOMESTICO',0,0,'B',13,128),
('2763','DETERGENTE ENZIMATICO EN POLVO 20 G',0,0,'B',13,112),
('2764','DETERGENTE X 50 G',0,0,'B',13,112),
('2765','DETERGENTE DOMESTICO X 250 G',0,0,'B',13,112),
('2766','DETERGENTE DOMESTICO X 360 G',0,0,'B',13,112),
('2767','DETERGENTE GRANULADO X 180 g',0,0,'B',13,112),
('2768','DETERGENTE EN PASTA LAVA VAJILLA X 1 KG',0,0,'B',13,356),
('2769','DETERGENTE EN PASTA PARA VAJILLA C/ESPONJA X 450 GR',0,0,'B',13,112),
('277','TUBO DE FIERRO CUADRADO DE 4 in X 4 in X 1/8 in X 6 MTS',0,0,'B',3,112),
('2770','DETERGENTE EN PASTA LAVA VAJILLA X 400 GR',0,0,'B',13,356),
('2771','INSECTICIDA SOLUBLE AL 5% X 10 GRS',0,0,'B',13,112),
('2772','INSECTICIDA EN SPRAY X 400 ML',0,0,'B',13,112),
('2773','INSECTICIDA EN SPRAY DE 300 ML',0,0,'B',13,112),
('2774','INSECTICIDA EN SPRAY DE 440 ML',0,0,'B',13,112),
('2775','INSECTICIDA EN SPRAY X 255 ML',0,0,'B',13,112),
('2776','INSECTICIDA EN SPRAY PARA CUCARACHA X 400 ML',0,0,'B',13,112),
('2777','INSECTICIDA EN SPRAY MATA MOSCA X 400 ML',0,0,'B',13,112),
('2778','INSECTICIDA EN SPRAY DE 360 mL',0,0,'B',13,112),
('2779','JABON PARA LAVAR ROPA X 450 GRS.',0,0,'B',13,112),
('278','TUBO DE FIERRO FUNDIDO DE 2 in X 1.80 MT',0,0,'B',3,112),
('2780','JABON  P/LAVAR ROPA X 2 BARRAS DE 200 GRS C/U',0,0,'B',13,112),
('2781','JABON PARA LAVAR ROPA X 500 GRS. X 20 UNID.',0,0,'B',13,112),
('2782','JABON PARA LAVAR ROPA X 260 G X 2 UNI',0,0,'B',13,112),
('2783','KRESO INDUSTRIAL AL 80%',0,0,'B',13,419),
('2784','KRESO INDUSTRIAL',0,0,'B',13,419),
('2785','KRESO DOMESTICO DE 1 L.',0,0,'B',13,112),
('2786','LEJIA CONCENTRADA AL 2.5%',0,0,'B',13,419),
('2787','LEJIA CONCENTRADA AL 5%',0,0,'B',13,419),
('2788','LEJIA CONCENTRADA AL 10% (BIDON X 5 GL)',0,0,'B',13,112),
('2789','LEJIA CONCENTRADA AL 10%',0,0,'B',13,419),
('279','TUBO DE FIERRO NEGRO DE 2.1/2 in X 6.40',0,0,'B',3,112),
('2790','LEJIA CONCENTRADA AL 8%',0,0,'B',13,419),
('2791','LEJIA (HIPOCLORITO DE SODIO) AL 5% X 60 ML',0,0,'B',13,112),
('2792','LEJIA CONCENTRADA AL 7%',0,0,'B',13,112),
('2793','LEJIA (HIPOCLORITO DE SODIO) A GRANEL AL 10%',0,0,'B',13,128),
('2794','LEJIA CONCENTRADA (HIPOCLORITO DE SODIO) AL 6% X 5 GALONES',0,0,'B',13,112),
('2795','LEJIA (HIPOCLORITO DE SODIO) AL 6%',0,0,'B',13,419),
('2796','LEJIA CONCENTRADA AL 7.5 %',0,0,'B',13,419),
('2797','LEJIA (HIPOCLORITO DE SODIO) 10%',0,0,'B',13,419),
('2798','LEJIA (HIPOCLORITO DE SODIO) AL 10% X GL',0,0,'B',13,419),
('2799','LEJIA CONCENTRADA AL 7% X 20 L',0,0,'B',13,112),
('28','ALAMBRE DE FIERRO GALVANIZADO N? 16',0,0,'B',3,73),
('280','TUBO DE FIERRO NEGRO SCH-40 S/COSTURA 2.1/2 in X 6.40 MT C/ROSCA',0,0,'B',3,112),
('2800','LEJIA (HIPOCLORITO DE SODIO) AL 10% X 250 mL (CAJA X 24 UNI)',0,0,'B',13,112),
('2801','HIPOCLORITO DE SODIO AL 1 % X 120 mL',0,0,'B',13,112),
('2802','LEJIA (HIPOCLORITO DE SODIO) A GRANEL AL 8%',0,0,'B',13,128),
('2803','HIPOCLORITO DE SODIO AL 1% X 25 mL',0,0,'B',13,112),
('2804','LEJIA (HIPOCLORITO DE SODIO) AL 7%',0,0,'B',13,128),
('2805','LEJIA (HIPOCLORITO DE SODIO) AL  8%',0,0,'B',13,346),
('2806','PULIDOR EN POLVO',0,0,'B',13,128),
('2807','PULITON  X 15 KL',0,0,'B',13,112),
('2808','PULITON TIPO CENIZA A GRANEL',0,0,'B',13,128),
('2809','LUSTRA MUEBLES 330 ML - SPRAY',0,0,'B',13,112),
('281','TUBO DE FIERRO NEGRO SCH-40 S/COSTURA 3 in X 6.10 MT',0,0,'B',3,112),
('2810','SOLUCION LIMPIADORA MULTIUSO X 650 GRS',0,0,'B',13,345),
('2811','LUSTRA MUEBLE X 400 ML',0,0,'B',13,112),
('2812','SILICONA PARA LIMPIAR MUEBLES X 440 ML',0,0,'B',13,112),
('2813','SILICONA EN SPRAY PARA BRILLO X 480 ML',0,0,'B',13,112),
('2814','SOLUCION PARA LIMPIAR VIDRIOS X 500 GR',0,0,'B',13,112),
('2815','LIMPIA VIDRIOS X GALON',0,0,'B',13,419),
('2816','LIMPIA VIDRIOS X 650 cm3',0,0,'B',13,112),
('2817','CERA LIQUIDA AMARILLA',0,0,'B',13,419),
('2818','CERA LIQUIDA AMARILLA X 5 GALONES',0,0,'B',13,112),
('2819','CERA LIQUIDA PARA PISO AUTOBRILLANTE',0,0,'B',13,419),
('282','TUBO DE FIERRO NEGRO SCH-40 S/COSTURA 1 in X 6 MT.',0,0,'B',3,112),
('2820','CERA LIQUIDA PARA PISO X 5 GALONES',0,0,'B',13,112),
('2821','CERA LIQUIDA ROSA X 5 GALONES',0,0,'B',13,112),
('2822','CERA LIQUIDA PARA PISO PERFUMADA',0,0,'B',13,419),
('2823','CERA LIQUIDA AL AGUA C/BLANCO ACRILICA X 5 GALONES',0,0,'B',13,112),
('2824','CERA LIQUIDA AMARILLA X 1 L',0,0,'B',13,112),
('2825','CERA NEUTRA EN PASTA PARA PISO',0,0,'B',13,419),
('2826','CERA LIQUIDA AMARILLA AUTOBRILLANTE',0,0,'B',13,419),
('2827','CERA LIQUIDA PARA PISO PERFUMADA BLANCA C/ SILICONA',0,0,'B',13,419),
('2828','CERA LIQUIDA PARA PISO TRANSPARENTE',0,0,'B',13,419),
('2829','CERA LIQUIDA PARA PISO X 20 L',0,0,'B',13,112),
('283','TUBO DE FIERRO RECTANGULAR DE 2 in X 4 in X 6 MTS',0,0,'B',3,112),
('2830','CERA EN PASTA PARA AUTOMOVIL X 270 G',0,0,'B',13,112),
('2831','SOLUCION LIMPIA VIDRIOS X 600 CC',0,0,'B',13,112),
('2832','SOLUCION LIMPIA VIDRIOS, FRASCO X 1 LT',0,0,'B',13,112),
('2833','SILICONA PARA VEHICULO 400 CC',0,0,'B',13,112),
('2834','SILICONA PARA VEHICULO 480 mL',0,0,'B',13,112),
('2835','SOLUCION LIMPIADORA X 550 ML',0,0,'B',13,112),
('2836','ALCOHOL ISOPROPILICO',0,0,'B',13,419),
('2837','ALCOHOL ISOPROPILICO X 2.5 L',0,0,'B',13,112),
('2838','ALCOHOL ISOPROPILICO X 1 L',0,0,'B',13,112),
('2839','ALCOHOL ISOPROPILICO',0,0,'B',13,419),
('284','TUBO DE FIERRO 1 in X 1/2 in X 5 METROS',0,0,'B',3,112),
('2840','ALCOHOL ISOPROPILICO X 600 mL',0,0,'B',13,112),
('2841','GLUCONATO DE CLORHEXIDINA 4% EN CIRCUITO CERRADO CON DISPENSADOR DE PEDAL X 1000',0,0,'B',13,345),
('2842','LIMPIA VIDRIOS EN SPRAY X 650 ML',0,0,'B',13,112),
('2843','SODA CAUSTICA',0,0,'B',13,128),
('2844','SOLUCION QUITA GRASA DE 500 ML',0,0,'B',13,112),
('2845','LAVA VAJILLA X 450 GRS',0,0,'B',13,112),
('2846','LAVA VAJILLA X 500 GRS',0,0,'B',13,112),
('2847','LAVA VAJILLA X 250 GRS',0,0,'B',13,112),
('2848','SODA CAUSTICA EN GRANO',0,0,'B',13,128),
('2849','LAVA VAJILLA X 15 KILOS',0,0,'B',13,112),
('285','TUBO DE FIERRO 3 in X 5 METROS',0,0,'B',3,112),
('2850','DESENGRASANTE LIQUIDO',0,0,'B',13,419),
('2851','DESENGRASANTE LIQUIDO.',0,0,'B',13,419),
('2852','SACA GRASA EN SPRAY X 650 ML',0,0,'B',13,112),
('2853','DESENGRASANTE MULTIUSO',0,0,'B',13,349),
('2854','LAVA VAJILLA X 1000 GR',0,0,'B',13,112),
('2855','LAVA VAJILLA X 600 ML',0,0,'B',13,419),
('2856','DESENGRASANTE LIQUIDO X 500 ML',0,0,'B',13,112),
('2857','LAVA VAJILLA X 225 G',0,0,'B',13,112),
('2858','QUITA SARRO.',0,0,'B',13,419),
('2859','LAVA VAJILLA X 200 G',0,0,'B',13,112),
('286','TUBO DE FIERRO 1 1/2 in X 5 METROS',0,0,'B',3,112),
('2860','LAVA VAJILLA X 360 G',0,0,'B',13,112),
('2861','QUITA SARRO EN GEL X 475 ML',0,0,'B',13,112),
('2862','LAVA VAJILLA LIQUIDA X 1 L',0,0,'B',13,112),
('2863','DETERGENTE INDUSTRIAL PARA ROPA BLANCA',0,0,'B',13,128),
('2864','DETERGENTE INDUSTRIAL PARA ROPA DE COLOR',0,0,'B',13,128),
('2865','JABON EN ESCAMAS EN CAJA X 1 KL',0,0,'B',13,112),
('2866','JABON EN ESCAMAS EN CAJA POR 1/2 KILO',0,0,'B',13,112),
('2867','JABON EN ESCAMAS EN CAJA  POR 1/4 KL.',0,0,'B',13,112),
('2868','DESHUMEDECEDOR PARA CALZADO 4 SACHEX20 GR',0,0,'B',13,112),
('2869','DESHUMEDECEDOR X 400 G ABSORVENTE',0,0,'B',13,112),
('287','TUBO DE FIERRO 2 in X 5 METROS',0,0,'B',3,112),
('2870','DESHUMEDECEDOR RECARGX400G',0,0,'B',13,112),
('2871','ABSORVENTE DE HUMEDAD X 28 G X 05 SOBRES',0,0,'B',13,112),
('2872','ABSORVENTE DE HUMEDAD X 28 G X 05 SOBRES.',0,0,'B',13,337),
('2873','ABSORVENTE DE HUMEDAD X 28 G X 05 SOBRES.',0,0,'B',13,337),
('2874','PROTECTOR PARA LA HUMEDAD DE EQUIPOS DE 100 GRS',0,0,'B',13,112),
('2875','JABON LIQUIDO DE 3 L.',0,0,'B',13,419),
('2876','JABON LIQUIDO LOCION PARA PIEL 800 ML CIRCUITO CERRADO',0,0,'B',13,112),
('2877','LIMPIADOR MULTIUSO X 650 ML',0,0,'B',13,112),
('2878','LIMPIADOR MULTIUSO LIQUIDO X 500 ML',0,0,'B',13,112),
('2879','JABON ANTIBACTERIAL X 80 G',0,0,'B',13,112),
('288','TUBO DE FIERRO 3/4 in X 5 METROS',0,0,'B',3,112),
('2880','JABON ANTIBACTERIAL X 100 G',0,0,'B',13,112),
('2881','JABON ANTIBACTERIAL X 150 G',0,0,'B',13,112),
('2882','BLANQUEADOR OPTICO',0,0,'B',13,128),
('2883','DETERGENTE ACIDO HIGIENIZANTE TIPO CELON',0,0,'B',13,128),
('2884','BALDE DE PLASTICO CON TAPA HERMETICA X 20 L',0,0,'B',13,112),
('2885','BALDE DE PLASTICO CON MANGO X 10 L',0,0,'B',13,112),
('2886','BALDE DE PLASTICO GRADUADO X 13 L',0,0,'B',13,112),
('2887','BALDE DE PLASTICO TRANSPARENTE CON TAPA X 4 L',0,0,'B',13,112),
('2888','BALDE DE PLASTICO X 10 L',0,0,'B',13,112),
('2889','BALDE DE PLASTICO X 15 L',0,0,'B',13,112),
('289','TUBO FIERRO 1 1/2 X 1/8 X 6 MTS',0,0,'B',3,112),
('2890','BALDE DE PLASTICO X 20 L',0,0,'B',13,112),
('2891','BALDE DE PLASTICO X 35 L',0,0,'B',13,112),
('2892','BALDE DE PLASTICO X 5 L',0,0,'B',13,112),
('2893','BALDE DE PLASTICO TIPO SANSON X 50 L',0,0,'B',13,112),
('2894','BALDE DE PLASTICO X 75 L',0,0,'B',13,112),
('2895','BALDE DE ZINC X 15 L',0,0,'B',13,112),
('2896','BALDE DE ZINC X 10 L',0,0,'B',13,112),
('2897','BALDE DE PLASTICO TIPO SANSON X 140 L',0,0,'B',13,112),
('2898','TINA DE PLASTICO X 100 L',0,0,'B',13,112),
('2899','TINA DE PLASTICO X 150 L',0,0,'B',13,112),
('29','ALAMBRE DE FIERRO GALVANIZADO N? 20',0,0,'B',3,73),
('290','TUBO DE FIERRO NEGRO SCH-40 SIN COSTURA DE 1 in 1/2 in X 6 METROS',0,0,'B',3,112),
('2900','TINA DE PLASTICO X 55 L',0,0,'B',13,112),
('2901','TINA DE PLASTICO X 80 L',0,0,'B',13,112),
('2902','BALDE DE PLASTICO TIPO SANSON X 120 L',0,0,'B',13,112),
('2903','BALDE DE PLASTICO X 6 L',0,0,'B',13,112),
('2904','BALDE DE PLASTICO X 7 L',0,0,'B',13,112),
('2905','BALDE DE PLASTICO X 8 L',0,0,'B',13,112),
('2906','BALDE DE PLASTICO X 13 L',0,0,'B',13,112),
('2907','TINA DE PLASTICO X 30 L',0,0,'B',13,112),
('2908','TINA DE PLASTICO X 40 L',0,0,'B',13,112),
('2909','SANSON DE 140 LITROS',0,0,'B',13,112),
('291','TUBO DE FIERRO NEGRO DE 3/4 in X 6 MT',0,0,'B',3,112),
('2910','BALDE DE ALUMINIO GALVANIZADO X 20 L',0,0,'B',13,112),
('2911','LAVATORIO DE PLASTICO CON TAPA CAP.10 LTS',0,0,'B',13,112),
('2912','TINA DE PLASTICO X 20 L',0,0,'B',13,112),
('2913','TINA DE PLASTICO X 50 L',0,0,'B',13,112),
('2914','TINA DE PLASTICO X 200 L',0,0,'B',13,112),
('2915','BALDE ACERO X 13 L',0,0,'B',13,112),
('2916','BALDE ACERO X 20 L',0,0,'B',13,112),
('2917','BALDE DE PLASTICO X 18 L',0,0,'B',13,112),
('2918','BALDE DE PLASTICO CON ASA Y TAPA X 24 L',0,0,'B',13,112),
('2919','BALDE DE ACERO X 15 L',0,0,'B',13,112),
('292','TUBO DE FIERRO NEGRO SCH-40 DE 1 1/2\' DIAMETRO X 6 METROS',0,0,'B',3,112),
('2920','TINA DE PLASTICO X 13 L',0,0,'B',13,112),
('2921','BALDE DE PLASTICO TIPO SANSON X 75 L',0,0,'B',13,112),
('2922','BALDE DE PLASTICO X 10 L.',0,0,'B',13,112),
('2923','BALDE DE PLASTICO X 15 L.',0,0,'B',13,112),
('2924','BALDE DE FIERRO ENLOZADO CON TAPA X 50 L',0,0,'B',13,112),
('2925','BALDE DE PLASTICO CON TAPA ENROSCABLE X 5 L ',0,0,'B',13,112),
('2926','LAVATORIO DE PLASTICO DE 6 LT. DIVERSOS COLORES',0,0,'B',13,112),
('2927','LAVATORIO DE PLASTICO DE 180 ONZAS C/ CELESTE',0,0,'B',13,112),
('2928','LAVATORIO DE PLASTICO DE 7 LITROS',0,0,'B',13,112),
('2929','LAVATORIO DE PLASTICO CON BOLSA PARA LAVADO 2000 CC',0,0,'B',13,112),
('293','TUBO DE FIERRO NEGRO 1/2 in SCH-80 X 6 MT S/COSTURA',0,0,'B',3,112),
('2930','BALDE DE PLASTICO CON TAPA X 25 L',0,0,'B',13,112),
('2931','BALDE PLASTICO SIN TAPA CON LOGOTIPO C/BLANCO X 20 L ',0,0,'B',13,112),
('2932','BALDE DE PLASTICO CON CA?O X 50 L',0,0,'B',13,112),
('2933','BALDE DE PLASTICO CON TAPA X 15 L',0,0,'B',13,112),
('2934','BIDON DE PLASTICO CON CA?O X 30 L',0,0,'B',13,112),
('2935','BALDE PLASTICO SIN TAPA CON LOGOTIPO C/BLANCO X 20 L.',0,0,'B',13,112),
('2936','BALDE DE PLASTICO X 1 L',0,0,'B',13,112),
('2937','BALDE DE PLASTICO X 4 L',0,0,'B',13,112),
('2938','BALDE DE ALUMINIO CON DOS ASAS X 15 L',0,0,'B',13,112),
('2939','BALDE DE POLIPROPILENO CON ASA S/GRIFO X 20 L',0,0,'B',13,112),
('294','TUBO DE FIERRO DE 3/8 in',0,0,'B',3,73),
('2940','TINA DE PLASTICO X 25 L',0,0,'B',13,112),
('2941','BALDE DE PLASTICO CON CA?O X 20 L',0,0,'B',13,112),
('2942','BALDE DE PLASTICO TIPO SANSON X 170 L',0,0,'B',13,112),
('2943','TINA DE PLASTICO CUADRADA DE 10 LT',0,0,'B',13,112),
('2944','BALDE DE PLASTICO X 30 L',0,0,'B',13,112),
('2945','BALDE DE PLASTICO NEGRO CON TAPA CAPACIDAD X 60 L',0,0,'B',13,112),
('2946','LAVATORIO DE PLASTICO DE 6 L FORMA CUADRADA C/ DIVERSOS',0,0,'B',13,112),
('2947','LAVATORIO DE PLASTICO  5500CC C/ CELESTE',0,0,'B',13,112),
('2948','LAVATORIO DE PLASTICO DE 6000 CC  C/CELESTE FORMA CIRCULAR',0,0,'B',13,112),
('2949','BALDE DE PLASTICO TIPO SANSON X 80 L',0,0,'B',13,112),
('295','TUBO DE FIERRO REDONDO DE 1 1/2 in X 6 METROS',0,0,'B',3,112),
('2950','BALDE DE PLASTICO DE 2 GALONES C/NATURAL',0,0,'B',13,112),
('2951','BALDE PLASTICO CAPACIDAD X 3 GALONES',0,0,'B',13,112),
('2952','BALDE DE PLASTICO X 12 L',0,0,'B',13,112),
('2953','TINA DE PLASTICO X 10 L',0,0,'B',13,112),
('2954','BALDE DE PLASTICO CON CA?O X 30 L',0,0,'B',13,112),
('2955','BALDE DE PLASTICO CON TAPA X 80 L',0,0,'B',13,112),
('2956','BALDE DE PLASTICO CON TAPA X 150 L',0,0,'B',13,112),
('2957','BALDE DE PLASTICO CON CA?O X 15 L',0,0,'B',13,112),
('2958','BALDE DE PLASTICO CON TAPA X 20 L',0,0,'B',13,112),
('2959','BALDE DE PLASTICO CON CA?O X 2 L',0,0,'B',13,112),
('296','TUBO DE FIERRO REDONDO DE 4/8 in X 6 METROS',0,0,'B',3,112),
('2960','BALDE DE ZINC X 12 L',0,0,'B',13,112),
('2961','BALDE DE PLASTICO CON CA?O Y TAPA X 10 L',0,0,'B',13,112),
('2962','BALDE DE PLASTICO CON CA?O X 8 L',0,0,'B',13,112),
('2963','BALDE DE PLASTICO CON CA?O Y TAPA X 20 L',0,0,'B',13,112),
('2964','LAVATORIO DE PLASTICO DE 18 L.',0,0,'B',13,112),
('2965','BALDE DE PLASTICO CON TAPA X 30 L',0,0,'B',13,112),
('2966','LAVATORIO DE PLASTICO DE 05 L. C/CREMA',0,0,'B',13,112),
('2967','LAVATORIO DE PLASTICO 05 L.',0,0,'B',13,112),
('2968','LAVATORIO DE PLASTICO DE 06 L. C/VERDE ',0,0,'B',13,112),
('2969','LAVATORIOS DE PLASTICO DE 04 L.',0,0,'B',13,112),
('297','TUBO DE FIERRO REDONDO DE 5/8 in X 6 METROS',0,0,'B',3,112),
('2970','LAVATORIO DE PLASTICO 03 L.',0,0,'B',13,112),
('2971','LAVATORIO DE PLASTICO DE 06 L. C/MOSTAZA',0,0,'B',13,112),
('2972','BALDE DE ACERO QUIRURGICO X 8 L',0,0,'B',13,112),
('2973','TINA DE PLASTICO X 8 L',0,0,'B',13,112),
('2974','BALDE DE PLASTICO CON TAPA DE 2 GALONES',0,0,'B',13,112),
('2975','BALDE DE PLASTICO CON TAPA CON MEDIDA X 20 L',0,0,'B',13,112),
('2976','LAVATORIO DE PLASTICO DE 15 L',0,0,'B',13,112),
('2977','BALDE DE PLASTICO CON TAPA X 5 L',0,0,'B',13,112),
('2978','BALDE DE PLASTICO DE 20 L CON EXPRIMIDOR',0,0,'B',13,112),
('2979','TINA DE PLASTICO X 18 L',0,0,'B',13,112),
('298','TUBO DE FIERRO REDONDO DE 6/8 in X 6 METROS',0,0,'B',3,112),
('2980','BALDE DE PLASTICO CON TAPA X 12 L',0,0,'B',13,112),
('2981','BALDE DE PLASTICO CON CA?O X 10 L',0,0,'B',13,112),
('2982','SECADOR EN NIDO DE ABEJA 54 CM X 53 CM',0,0,'B',13,112),
('2983','BALDE DE PLASTICO CON TAPA X 60 L',0,0,'B',13,112),
('2984','DESATORADOR DE JEBE 4 in',0,0,'B',13,112),
('2985','ESCOBA DE PAJA 2 PITAS 2 SUNCHOS',0,0,'B',13,112),
('2986','ESCOBA DE PLASTICO C/ PROTECTOR 30 CM',0,0,'B',13,112),
('2987','ESCOBILLA DE NYLON PARA SS.HH. CON RECIPIENTE',0,0,'B',13,112),
('2988','ESCOBILLA DE CERDA PLASTICA PARA LAVAR SS.HH.C/EXPRIMIDOR INCORPORADO',0,0,'B',13,112),
('2989','ESCOBILLA DE CERDA PLASTICA P/LAVAR FCOS. X CMT',0,0,'B',13,112),
('299','TUBO DE FIERRO CUADRADO DE 6/8 in X 6 METROS',0,0,'B',3,112),
('2990','ESCOBILLA PARA FRASCO Y BOTELLA 8.9 X 30.5CMT.',0,0,'B',13,112),
('2991','ESCOBILLA PARA LAVAR FRASCO 50 L',0,0,'B',13,112),
('2992','ESCOBILLA PARA LAVADO DE FRASCO Y BOTELLA N? 12.7 X 43',0,0,'B',13,112),
('2993','ESCOBILLA PARA LAVADO DE FRASCOS ROLLER DE NYLON',0,0,'B',13,112),
('2994','ESCOBILLA PARA LAVAR FRASCO 20 L',0,0,'B',13,112),
('2995','ESCOBILLA DE NYLON PARA LAVADO DE ROPA',0,0,'B',13,112),
('2996','ESCOBILLA PARA INODORO CON BASE',0,0,'B',13,112),
('2997','ESCOBILLA MEDIANA PARA LAVAR FRASCOS',0,0,'B',13,112),
('2998','ESCOBILLA DE NYLON DE 18 in PARA LAVAR PISO',0,0,'B',13,112),
('2999','ESCOBILLA MANUAL TIPO PARA LAVAR ROPA C/MANGO DE PLASTICO',0,0,'B',13,112),
('3','BROCA PARA CEMENTO 1/4',0,0,'B',2,112),
('30','ALAMBRE DE FIERRO GALVANIZADO DESNUDO N? 8',0,0,'B',3,73),
('300','TUBO DE FIERRO CUADRADO DE 1 3/16 in X 6 METROS',0,0,'B',3,112),
('3000','ESCOBILLAS ENTORCHADAS PARA LIMPIEZA DE BOTELLAS T/MEDIANO',0,0,'B',13,112),
('3001','ESCOBILLAS ENTORCHADAS PARA LIMPIEZA DE BOTELLAS T/CHICO',0,0,'B',13,112),
('3002','ESCOBILLA PARA LAVAR ROPA MANGO DE PLASTICO',0,0,'B',13,112),
('3003','ESCOBILLA DE CERDA PLASTICA PARA LAVAR BIBERONES X 30 CM',0,0,'B',13,112),
('3004','ESCOBILLON CIRCULAR 18 in PARA LUSTRAR',0,0,'B',13,112),
('3005','ESCOBILLON CIRCULAR 16 in PARA LUSTRAR',0,0,'B',13,112),
('3006','ESCOBILLA CIRCULAR PARA LAVAR 15 in',0,0,'B',13,112),
('3007','ESCOBILLA CIRCULAR PARA LAVAR 18 in',0,0,'B',13,112),
('3008','ESCOBILLA PARA WATER CON RECIPIENTE',0,0,'B',13,112),
('3009','ESCOBILLA PARA LAVAR PISOS N? 18',0,0,'B',13,112),
('301','TUBO DE FIERRO GALVANIZADO DE 1 in X 6 M',0,0,'B',3,112),
('3010','ESCOBILLA PARA LAVAR PISOS N? 17',0,0,'B',13,112),
('3011','ESCOBILLA PARA LAVAR ROPA C/ MANGO DE MADERA',0,0,'B',13,112),
('3012','BIDON PLASTICO CON TAPA X 60 L',0,0,'B',13,112),
('3013','BIDON PLASTICO CON TAPA X 55 L',0,0,'B',13,112),
('3014','BIDON PLASTICO X 18 L',0,0,'B',13,112),
('3015','BIDON PLASTICO CON CA?O X 20 L ',0,0,'B',13,112),
('3016','BIDON PLASTICO X 50 gal',0,0,'B',13,112),
('3017','BIDON PLASTICO CON TAPA X 140 L',0,0,'B',13,112),
('3018','BIDON DE PLASTICO X 90 L',0,0,'B',13,112),
('3019','BIDON DE POLIETILENO CON CA?O C/LOGOTIPO C/PLOMO X 20 L',0,0,'B',13,112),
('302','TUBO DE FIERRO NEGRO DE ?? DE 6 M PARA VAPOR',0,0,'B',3,112),
('3020','BIDON DE POLIETILENO CON CA?O C/LOGOTIPO C/PLOMO X 20 L.',0,0,'B',13,112),
('3021','BIDON DE PLASTICO X 100 L',0,0,'B',13,112),
('3022','BIDON DE PLASTICO TRANSPARENTE CON CA?O X 50 L',0,0,'B',13,112),
('3023','BIDON DE PLASTICO X 80 L',0,0,'B',13,112),
('3024','BIDON DE POLIETILENO X 20 L',0,0,'B',13,112),
('3025','BIDON PLASTICO X 240 L.',0,0,'B',13,112),
('3026','BIDON DE PLASTICO X 3.5 L',0,0,'B',13,112),
('3027','BIDON DE PLASTICO CON TAPA C/NARANJA X 4 L',0,0,'B',13,112),
('3028','BIDON DE PLASTICO CON TAPA C/AMBAR X 2.9 L. ',0,0,'B',13,112),
('3029','BIDON DE PLASTICO CON TAPA C/NARANJA X 3 L',0,0,'B',13,112),
('303','TUBO DE FIERRO DE 3/4 X 6 M X 2MM ESPESOR',0,0,'B',3,112),
('3030','BIDON DE PLASTICO X 20 L',0,0,'B',13,112),
('3031','BIDON DE PLASTICO CON DOSIFICADOR X 10 L',0,0,'B',13,112),
('3032','BIDON DE PLASTICO CON CA?O X 35 L',0,0,'B',13,112),
('3033','BIDON DE PLASTICO X 5 gal',0,0,'B',13,112),
('3034','BIDON DE PLASTICO X 131 L',0,0,'B',13,112),
('3035','BIDON DE PLASTICO X 40 L',0,0,'B',13,112),
('3036','ESCOBILLON DE CERDA NEGRA PARA PISO CON BIGOTE X 50 cm',0,0,'B',13,112),
('3037','ESCOBILLON DE CERDA NEGRA P/PISO 60 CM. X 12 UNIDADES',0,0,'B',13,112),
('3038','ESCOBILLON DE PLASTICO DE 40 CM',0,0,'B',13,112),
('3039','ESCOBILLON DE TECHO TIPO ERIZO DE 30 m X 60 cm',0,0,'B',13,112),
('304','TUBO DE FIERRO GALVANIZADO 1 in X 2 M.',0,0,'B',3,112),
('3040','ESCOBILLON DE CERDA PARA TECHO X 30 cm X 4 m',0,0,'B',13,112),
('3041','ESCOBILLON DE NYLON DE 4 HILERAS X 30 cm',0,0,'B',13,112),
('3042','ESCOBILLON DE NYLON DE 4 HILERAS X 40 cm',0,0,'B',13,112),
('3043','ESCOBILLON BALDEADOR ESPECIAL DE NYLON X 30 CM.',0,0,'B',13,112),
('3044','ESCOBILLON INDUSTRIAL DE CERDA X 60 CM',0,0,'B',13,112),
('3045','ESCOBILLON GRANDE DE CERDA DE 1 MTS',0,0,'B',13,112),
('3046','ESCOBILLON INDUSTRIAL 80 CM',0,0,'B',13,112),
('3047','ESCOBILLON PARA PISO DE 40 CM',0,0,'B',13,112),
('3048','ESCOBILLON DE CERDA PARA TECHO/PARED C/BIGOTE GATO X 30 CM',0,0,'B',13,112),
('3049','ESCOBILLON DE NYLON 25 CM CERDA FINA C/ MANGO MADERA',0,0,'B',13,112),
('305','TUBO DE FIERRO CUADRADO DE 1 in X 1 in X 1.5 MM X 6 M',0,0,'B',3,112),
('3050','ESCOBILLON DE CERDA PARA PISO X 50 CM',0,0,'B',13,112),
('3051','ESCOBILLON DE CERDA DE 80 CM X 5 FILAS',0,0,'B',13,112),
('3052','ESCOBILLON DE CERDA FINA PARA PISO X 50 cm',0,0,'B',13,112),
('3053','ESPONJA DE PLASTICO PARA LAVAR VAJILLAS',0,0,'B',13,112),
('3054','ESPONJA FIBRA SINTETICA',0,0,'B',13,112),
('3055','ESPONJA INOXIDABLE USO EN COCINAS',0,0,'B',13,112),
('3056','ESPONJA LISA ANTIBACTERIAL PARA LA COCINA UN LADO CON FIBRA ABRASIVA',0,0,'B',13,112),
('3057','ESPONJA MIXTAS  DE ACERO GALVANIZADO C/ PLASTICO, ESPECIAL P` OLLAS ENLOZADAS Y ',0,0,'B',13,112),
('3058','ESPONJA ABSORVENTE',0,0,'B',13,112),
('3059','ESPONJA PARA LIMPIEZA DOBLE USO SCOTH BRITTE',0,0,'B',13,112),
('306','TUBO DE FIERRO CUADRADO DE 1 1/8 in X 1 1/8 in X 1.5 MM X 6 M',0,0,'B',3,112),
('3060','ESPONJA VERDE LAVA VAJILLAS X 24 UNIDADES',0,0,'B',13,112),
('3061','ESPONJA DOBLE USO PARA VASOS',0,0,'B',13,112),
('3062','ESPONJA VERDE LAVA VAJILLAS X 15 UNIDADES',0,0,'B',13,112),
('3063','ESPONJA DE METAL',0,0,'B',13,112),
('3064','ESPONJA METALICA PRA BRILLO DE OLLAS X 3 UNIDADES',0,0,'B',13,112),
('3065','ESPONJA VERDE LAVA VAJILLA X 15 UNIDADES X BOLSA',0,0,'B',13,112),
('3066','ESPONJA VERDE LAVAVAJILLA X 12 BOLSAS',0,0,'B',13,112),
('3067','ESPONJA ABSORVENTE DE 12 X 15 X 45',0,0,'B',13,112),
('3068','ESPONJA ABSORVENTE DE 60 X 30 X 12',0,0,'B',13,112),
('3069','ESPONJA SUPER ABSORBENTE 180 X 205 MM X 3 UNI.',0,0,'B',13,112),
('307','TUBO DE FIERRO NEGRO CUADRADO DE  7/8 in X 6 MT',0,0,'B',3,112),
('3070','ESPONJA VERDE PARA OLLAS',0,0,'B',13,112),
('3071','ESPONJA SUPER ABSORBENTE 180 X 205 MM X 3 UNI',0,0,'B',13,352),
('3072','ESPONJA METALICA X 10 UNI',0,0,'B',13,112),
('3073','ESPONJA METALICA X 12 UNI',0,0,'B',13,112),
('3074','ESPONJA ABSORVENTE X 12 UNI',0,0,'B',13,112),
('3075','ESPONJA DE ESPUMA',0,0,'B',13,112),
('3076','ESPONJA DE ALAMBRE',0,0,'B',13,112),
('3077','ESPONJA DE ACERO',0,0,'B',13,112),
('3078','ESPONJA DE NYLON',0,0,'B',13,112),
('3079','ESPONJA DE NYLON X 4 UNI',0,0,'B',13,112),
('308','TUBO DE FIERRO GALVANIZADO 2.5 in X 1 M',0,0,'B',3,112),
('3080','ESPONJA DE COCINA 48 BOLSA X 20 UNIDADES C/U',0,0,'B',13,112),
('3081','ESPONJA FIBRA SINTETICA LAVA VAJILLA X 12 UNI',0,0,'B',13,112),
('3082','FELPUDO DE 0.80 X 0.60',0,0,'B',13,112),
('3083','FELPUDO DE 0.90 X 0.60',0,0,'B',13,112),
('3084','FELPUDO DE 0.90 X 0.80',0,0,'B',13,112),
('3085','FELPUDO DE 1.00 X 0.60',0,0,'B',13,112),
('3086','FELPUDO DE 1.20 X 0.80',0,0,'B',13,112),
('3087','FELPUDO DE 1.40 X 0.80',0,0,'B',13,112),
('3088','FELPUDO DE 1.70 X 1.10',0,0,'B',13,112),
('3089','FELPUDO DE 2.40 X 1.20',0,0,'B',13,112),
('309','TUBO DE FIERRO NEGRO DE 1/2 in X 2 MM X 6 M',0,0,'B',3,112),
('3090','FELPUDO DE ALTO TRANSITO',0,0,'B',13,112),
('3091','FELPUDO DE ALTO TRANSITO: 2 1/2 MTS LARGO X 1.70 MTS ANCHO',0,0,'B',13,112),
('3092','FELPUDO DE ALTO TRANSITO: 3MTS LARGO X 1.70MTS ANCHO',0,0,'B',13,112),
('3093','FELPUDO DE CAUCHO 1.0M X 0.50M.',0,0,'B',13,112),
('3094','FELPUDO DE CAUCHO DE 1.75M X 1.28M.',0,0,'B',13,112),
('3095','FELPUDO DE SOGA DE 2M X 1.28M.',0,0,'B',13,112),
('3096','FELPUDO DE ALTO TRANSITO 1.90 X 0.90 CMS',0,0,'B',13,73),
('3097','FELPUDO DE ALTO TRANSITO 3.60 X 1.73 MTS',0,0,'B',13,112),
('3098','FELPUDO DE ALTO TRANSITO 3.45 X 4.84 MTS',0,0,'B',13,112),
('3099','FELPUDO DE ALTO TRANSITO DE 1.20 X 1.00 M. COLOR GRIS OSCURO CON LOGOTIPO',0,0,'B',13,112),
('31','ALAMBRE DE FIERRO GALVANIZADO N? 10 AWG',0,0,'B',3,73),
('310','TUBO DE FIERRO NEGRO DE 2 in X 1.5 MM X 6 M',0,0,'B',3,112),
('3100','FELPUDO DE ALTO TRANSITO 2.10 X 1.60 M',0,0,'B',13,112),
('3101','FELPUDO DE ALTO TRANSITO 1.61 m X 1.11 m',0,0,'B',13,112),
('3102','FELPUDO DE ALTO TRANSITO 92 cm X 83 cm',0,0,'B',13,112),
('3103','FELPUDO DE ALTO TRANSITO 1.42 m X 1.09 m',0,0,'B',13,112),
('3104','FELPUDO DE ALTO TRANSITO 1.60 m X 1.46 m',0,0,'B',13,112),
('3105','FELPUDO DE ALTO TRANSITO 2.29 m X 1.40 m',0,0,'B',13,112),
('3106','FELPUDO DE ALTO TRANSITO 2.00 m X 1.00 m',0,0,'B',13,112),
('3107','FELPUDO DE ALTO TRANSITO 2.32 m X 1.22 m',0,0,'B',13,112),
('3108','FELPUDO DE ALTO TRANSITO 1.41 m X 1.10 m',0,0,'B',13,112),
('3109','RETAZO TELA ALGODON (FRANELA)  P/LIMPIEZA',0,0,'B',13,128),
('311','TUBO DE FIERRO NEGRO DE 2 in X 2 MM X 6 M',0,0,'B',3,112),
('3110','FRANELA BOMBASI DE 70 CM DE ANCHO',0,0,'B',13,73),
('3111','FRANELA ESTAMPADA MOT-VAR 1,50 ANCHO',0,0,'B',13,73),
('3112','FRANELA DE 70 CM ANCHO C/VERDE',0,0,'B',13,73),
('3113','RECOGEDOR DE PLASTICO PARA BASURA TAMA?O CHICO',0,0,'B',13,112),
('3114','REPUESTO DE TRAPEADOR X 50CM.',0,0,'B',13,112),
('3115','REPUESTO PARA TRAPEADOR MECHON X 50 CMS',0,0,'B',13,112),
('3116','REPUESTO PARA TRAPEADOR 30 X 300 GRS.',0,0,'B',13,112),
('3117','REPUESTO PARA TRAPEADOR (BASE 30 CM.)',0,0,'B',13,112),
('3118','REPUESTO PARA TRAPEADOR 30 X 500 GRS',0,0,'B',13,112),
('3119','REPUESTO PARA TRAPEADOR DE 30 CM X 1/2 KG',0,0,'B',13,112),
('312','TUBO DE FIERRO NEGRO DE 2 in X 3 MM X 6 M',0,0,'B',3,112),
('3120','REPUESTO PARA TRAPEADOR BASE 60 CM',0,0,'B',13,112),
('3121','REPUESTO PARA TRAPEADOR DE 50 cm X 500 g',0,0,'B',13,112),
('3122','REPUESTO PARA TRAPEADOR DE 50 cm X 1 kg',0,0,'B',13,112),
('3123','REPUESTO PARA TRAPEADOR 50 CM X 500 G',0,0,'B',13,112),
('3124','SERVILLETA DE PAPEL DE UNA HOJA X 100',0,0,'B',13,112),
('3125','SERVILLETA DE PAPEL DE DOBLE HOJA X 100',0,0,'B',13,112),
('3126','SERVILLETA DE PAPEL DE DOBLE HOJA X 25',0,0,'B',13,112),
('3127','SERVILLETA DE PAPEL DE DOBLE HOJA X 50',0,0,'B',13,112),
('3128','SERVILLETA DE PAPEL DE UNA HOJA X 25',0,0,'B',13,112),
('3129','SERVILLETA DE PAPEL DE UNA HOJA X 400',0,0,'B',13,112),
('313','TUBO DE FIERRO NEGRO DE 2.5 in X 3 MM X 6 M',0,0,'B',3,112),
('3130','SERVILLETA DE PAPEL DE UNA HOJA X 50',0,0,'B',13,112),
('3131','SERVILLETA PAPEL X 200 UNIDADES',0,0,'B',13,112),
('3132','SERVILLETA PAPEL X 400 UNIDADES',0,0,'B',13,112),
('3133','SERVILLETA PAPEL ( PAQUETE X 12 BOLSAS DE 400U).',0,0,'B',13,112),
('3134','SERVILLETA DE PAPEL DE UNA HOJA X 500',0,0,'B',13,112),
('3135','SERVILLETA DE PAPEL C/ BLANCO PAQUETE X 400 UNDS',0,0,'B',13,112),
('3136','SERVILLETA BLANCA X 48 PAQUETES DE 200 UNIDADES',0,0,'B',13,112),
('3137','SERVILLETA PAPEL X 400 UNIDADES X 6 PAQ.',0,0,'B',13,112),
('3138','SERVILLETA BLANCA DE 400 UNIDADES X 6 PAQUETES',0,0,'B',13,112),
('3139','SERVILLETA DE PAPEL DE 15 X 15 X 200 UND.',0,0,'B',13,112),
('314','TUBO DE FIERRO NEGRO DE 3 in X 1.5 MM X 6 M',0,0,'B',3,112),
('3140','SERVILLETA DE PAPEL DE 15 X 15 X 100 PQT.X 24 BOLSAS',0,0,'B',13,112),
('3141','SERVILLETA DE PAPEL DE 15 X 15 X 100 UND.',0,0,'B',13,112),
('3142','SERVILLETA DE PAPEL DE 15 X 15 X 400 UND.',0,0,'B',13,112),
('3143','SERVILLETA DE PAPEL DE 8.5 X 7.5 X 100 UNI',0,0,'B',13,112),
('3144','SERVILLETA DE PAPEL DE UNA HOJA X 400 UNI',0,0,'B',13,112),
('3145','SERVILLETA DE PAPEL DE UNA HOJA X 100 UNI',0,0,'B',13,339),
('3146','SERVILLETA EN BORLON DE 45 X45 CM',0,0,'B',13,112),
('3147','SERVILLETA DE PAPEL DE 15 BOLSAS X 400 UNI',0,0,'B',13,112),
('3148','SERVILLETA DE PAPEL DE UNA HOJA X 6000',0,0,'B',13,112),
('3149','TACHO DE BIO-SEGURIDAD CON PEDAL 40CM X 35CM',0,0,'B',13,112),
('315','TUBO DE FIERRO RECTANGULAR DE 1 in X 2 in X 6 M',0,0,'B',3,112),
('3150','TACHO DE PLASTICO BOCA ANCHA T/ROSCA X 60 LITROS',0,0,'B',13,112),
('3151','TACHO DE PLASTICO TIPO SANSON CAPACIDAD 140 LITROS',0,0,'B',13,112),
('3152','TACHO DE PLASTICO DE 25 LITROS',0,0,'B',13,112),
('3153','TACHO P/BASURA C/TAPA VAIVEN DE 50 LTR',0,0,'B',13,112),
('3154','TACHOS SANSON X 100LTS',0,0,'B',13,112),
('3155','TACHO DE PLASTICO DE 120 LITROS',0,0,'B',13,112),
('3156','TACHO DE PLASTICO DE 150 L SIN TAPA',0,0,'B',13,112),
('3157','TACHO  DE PLASTICO PARA BASURA VAIVEN DE 20 LITROS',0,0,'B',13,112),
('3158','TACHO DE PLASTICO PARA BASURA DE 15 LITROS',0,0,'B',13,112),
('3159','TACHO DE PLASTICO PARA BASURA VAIVEN DE 18 LITROS',0,0,'B',13,112),
('316','TUBO DE FIERRO RECTANGULAR DE 11/2 in X 1/2 in X 2 MM X 6 M',0,0,'B',3,112),
('3160','TACHO DE PLASTICO TIPO BUZON CON TAPA DE  VAIVEN (GRANDE) DE 80 LITROS',0,0,'B',13,112),
('3161','TACHO DE PLASTICO CON TAPA A PEDAL CAPACIDAD 5 GALONES',0,0,'B',13,112),
('3162','TACHO PARA BASURA CON TAPA DE 150 LITROS',0,0,'B',13,112),
('3163','TACHO DE PLASTICO DE 80 LITROS',0,0,'B',13,112),
('3164','TACHO DE PLASTICO PARA AGUA X 35 LITROS',0,0,'B',13,112),
('3165','TACHO PARA BASURA X 20 L',0,0,'B',13,112),
('3166','TACHO  DE PLASTICO PARA BASURA VAIVEN DE 45 LITROS',0,0,'B',13,112),
('3167','TACHO DE PLASTICO CON TAPA DE 10 L COLOR OSCURO',0,0,'B',13,112),
('3168','TACHO DE PLASTICO CON TAPA DE 20 LITROS',0,0,'B',13,112),
('3169','TACHO DE PLASTICO CON TAPA Y RUEDAS X 190 L',0,0,'B',13,112),
('317','TUBO DE FIERRO CUADRADO DE 2 in X  2.5 MM X 6 M',0,0,'B',3,112),
('3170','TACHO DE PLASTICO TIPO SANSON CAPACIDAD 60 LITROS',0,0,'B',13,112),
('3171','TACHO DE PLASTICO DE 50 L.',0,0,'B',13,112),
('3172','TACHO DE PLASTICO DE 140 L.',0,0,'B',13,112),
('3173','TACHO DE PLASTICO CON TAPA DE 140 L.',0,0,'B',13,112),
('3174','TACHO DE PLASTICO CON TAPA DE 50 L.',0,0,'B',13,112),
('3175','TACHO DE PLASTICO TIPO SANSON CAPACIDAD DE 50 L',0,0,'B',13,112),
('3176','TACHO DE PLASTICO PARA BASURA DE 35 L',0,0,'B',13,112),
('3177','TACHO DE PLASTICO DE 240 L',0,0,'B',13,112),
('3178','TACHO DE PLASTICO CON TAPA Y CA?O A BOTON 24 L',0,0,'B',13,112),
('3179','TACHO DE PLASTICO CON TAPA Y CA?O A BOTON 20 L',0,0,'B',13,112),
('318','TUBO DE FIERRO CUADRARO DE 5/8 in X 2.5 MM X 6 M',0,0,'B',3,112),
('3180','TACHO DE PLASTICO CON TAPA VAIVEN DE 10 L',0,0,'B',13,112),
('3181','TACHO DE PLASTICO DE 75 L',0,0,'B',13,112),
('3182','PAPELERA DE PLASTICO CON TAPA VAIVEN DE 8 L',0,0,'B',13,112),
('3183','TACHO DE PLASTICO CON TAPA VAIVEN 75 L',0,0,'B',13,112),
('3184','TACHO DE PLASTICO DE 55 L',0,0,'B',13,112),
('3185','TACHO PARA BASURA CON TAPA DE 200 L',0,0,'B',13,112),
('3186','TACHO  DE PLASTICO PARA BASURA CON TAPA VAIVEN X 30 L',0,0,'B',13,112),
('3187','TACHO DE PLASTICO TIPO SANSON CAPACIDAD 150 L',0,0,'B',13,112),
('3188','TACHO DE PLASTICO PARA BASURA DE 90 L',0,0,'B',13,112),
('3189','TACHO DE PLASTICO TIPO SANSON CON TAPA X 40 L',0,0,'B',13,112),
('319','TUBO DE FIERRO CUADRADO DE 1 1/2 in  X 2 in X 6 M',0,0,'B',3,112),
('3190','TRAPEADOR DE PAVILO DE 50 CMS',0,0,'B',13,112),
('3191','TRAPEADOR DE PABILO X 30 CM',0,0,'B',13,112),
('3192','TRAPEADOR DE PABILO 60 cm X 500 g',0,0,'B',13,112),
('3193','ASERRIN X 50 KG',0,0,'B',13,378),
('3194','PORTA TOALLA DE MADERA',0,0,'B',13,112),
('3195','JAVA DE PLASTICO  DE 80 X 45 X 30 CM',0,0,'B',13,112),
('3196','GANCHOS PARA ROPA (COLOR:AZUL, ROJO, AMARILLO Y VERDE)',0,0,'B',13,112),
('3197','CANASTILLA DE PLASTICO CON TAPA X 50 L',0,0,'B',13,112),
('3198','PISO DE JEBE DE 60 CM ANCHO X 20 MTS. LARGO',0,0,'B',13,112),
('3199','MOPA DE BARRIDO 80 CM',0,0,'B',13,112),
('32','ALAMBRE DE FIERRO GALVANIZADO N? 16 AWG',0,0,'B',3,73),
('320','TUBO DE FIERRO NEGRO CUADRADO DE 2 in X 2 in X 2 MM X 6 M',0,0,'B',3,112),
('3200','ORGANIZADOR DE PLASTICO CON TAPA HERMETICA 50 X 35 X 30 CM',0,0,'B',13,112),
('3201','ORGANIZADOR DE PLASTICO CON TAPA HERMETICA 35 X 20 X 12 CM',0,0,'B',13,112),
('3202','WAYPE',0,0,'B',13,128),
('3203','GANCHO DE MADERA PARA COLGAR ROPA X 24 UNIDADES',0,0,'B',13,112),
('3204','PINZA DE PLASTICO PARA TENDER ROPA X 10 UNI',0,0,'B',13,112),
('3205','BALDE ESCURRIDOR PRESA MOPAS 15 L',0,0,'B',13,112),
('3206','HISOPO DE MADERA CON TORUNDA DE ALGODON X 100',0,0,'B',13,112),
('3207','SECADOR ( WETEX)',0,0,'B',13,112),
('3208','SECADOR EN TELA BRAMANTE CRUDO X 0.20',0,0,'B',13,112),
('3209','SECADOR EN TELA BRAMANTE CRUDO X 0.40',0,0,'B',13,112),
('321','TUBO DE FIERRO CUADRADO DE 2 in X 2 in X 1/8 in X 6 M',0,0,'B',3,112),
('3210','SECADORES DE NIDO DE ABEJA 1.17 X 0.76',0,0,'B',13,112),
('3211','SECADOR PARA VAJILLA DE TOCULLO DE 60 X 60 CMS',0,0,'B',13,112),
('3212','SECADOR DE TOCUYO (LARGO 1 MT.)',0,0,'B',13,112),
('3213','SECADOR EN NIDO DE ABEJA C/BLANCO 0.72 X 0.40 DE ANCHO',0,0,'B',13,112),
('3214','SECADOR DE POLYPIMA CELESTE DE 0.50 CM',0,0,'B',13,112),
('3215','SECADOR EN TELA BRAMANTE CRUDO DE 0.50 CM',0,0,'B',13,112),
('3216','SECADOR DE FELPA DE 1.50 X 0.40 CM C/BLANCO',0,0,'B',13,112),
('3217','SECADOR DE TELA GRANITED 10 CM C/BLANCO',0,0,'B',13,112),
('3218','SECADOR DE TELA GRANITED 35 CM C/BLANCO',0,0,'B',13,112),
('3219','SECADOR EN NIDO DE ABEJA 20 CM C/BLANCO',0,0,'B',13,112),
('322','TUBOS DE FIERRO NEGRO CUADRADO DE  4 in X 2 in X 6 M',0,0,'B',3,112),
('3220','SECADOR DE TOCUYO 50 CM',0,0,'B',13,112),
('3221','SECADOR DE TELA COTEN RAYADO',0,0,'B',13,112),
('3222','SECADOR DE FELPA 50 X 75 CM',0,0,'B',13,112),
('3223','PA?O ABRASIVO VERDE 9 X 15CM',0,0,'B',13,112),
('3224','PA?OS HUMEDOS X 60 UNIDADES',0,0,'B',13,112),
('3225','PA?O ABSORVENTE 20 X 18 CM REFORZADO',0,0,'B',13,112),
('3226','PA?O MULTIUSO DE 55CM X 53CM  X 6 UNIDADES',0,0,'B',13,112),
('3227','PA?O ABSORVENTE DE LIQUIDOS X 5 UNIDADES',0,0,'B',13,112),
('3228','PA?O ABSORVENTE - SECADOR X 5 UNIDADES',0,0,'B',13,112),
('3229','PA?OS HUMEDOS X 160 UNIDADES',0,0,'B',13,112),
('323','TUBO DE FIERRO NEGRO DE 1 1/4 in X 6.00 M',0,0,'B',3,112),
('3230','PA?UELOS FACIALES X 140 UNIDADES',0,0,'B',13,112),
('3231','PA?OS HUMEDOS X 70 UNIDADES',0,0,'B',13,112),
('3232','PA?OS HUMEDOS X 140 UNIDADES',0,0,'B',13,112),
('3233','PA?UELOS FACIALES  X 130 DOBLES  DE 21,5 X 20 CMS',0,0,'B',13,112),
('3234','PA?O ABSORVENTE PRECORTADO X 55 CC X 33 CC',0,0,'B',13,112),
('3235','PA?O ABSORVENTE DESCARTABLE COLORES',0,0,'B',13,112),
('3236','PA?OS ABSORBENTES DESECHABLES ( BOLSA X 6 UNIDADES)',0,0,'B',13,112),
('3237','PA?O PARA LIMPIEZA X 08 TOALLAS',0,0,'B',13,112),
('3238','PA?O ABSORBENTE PARA LIMPIEZA DE 12 X 12 CM.',0,0,'B',13,112),
('3239','PA?OS HUMEDOS X 60 UNI',0,0,'B',13,112),
('324','TUBO DE FIERRO RECTANGULAR 2 in X 4 in X 20\'',0,0,'B',3,112),
('3240','PA?OS HUMEDOS X 20 UNI',0,0,'B',13,112),
('3241','PA?O SECATODO',0,0,'B',13,112),
('3242','PA?OS HUMEDOS X 75 UNI',0,0,'B',13,112),
('3243','PA?O ABSORVENTE ANTIBACTERIAL X 55 CM X 33 CM X 6 UNI',0,0,'B',13,112),
('3244','PA?O ABSORVENTE DE 20 X 17.5 CM',0,0,'B',13,112),
('3245','PA?O ABSORVENTE DE 20 X 18 CM',0,0,'B',13,112),
('3246','PA?OS HUMEDOS PARA NI?OS X 60 ',0,0,'B',13,112),
('3247','PA?OS HUMEDOS PARA ADULTOS X 60 ',0,0,'B',13,112),
('3248','GUANTES DE USO DOMESTICO EN GENERAL TALLA 9',0,0,'B',13,112),
('3249','GUANTE DE JEBE USO DOMESTICO N? 6 1/2',0,0,'B',13,112),
('325','TUBO DE FIERRO GALVANZADO 1 ?? DE DIAMETRO, 6 m DE LONGITUD',0,0,'B',3,112),
('3250','GUANTE DE JEBE USO DOMESTICO N? 7 1/2',0,0,'B',13,112),
('3251','GUANTE DE JEBE INDUSTRIAL N? 7 1/2',0,0,'B',13,112),
('3252','GUANTE DE JEBE INDUSTRIAL N? 10',0,0,'B',13,112),
('3253','GUANTE DE JEBE INDUSTRIAL N? 60',0,0,'B',13,112),
('3254','GUANTES INDUSTRIAL N? 8 CALIBRE 35',0,0,'B',13,112),
('3255','GUANTE DE JEBE INDUSTRIAL N? 8',0,0,'B',13,112),
('3256','GUANTE DE JEBE INDUSTRIAL N? 9',0,0,'B',13,112),
('3257','GUANTE DE JEBE USO DOMESTICO N? 7',0,0,'B',13,112),
('3258','GUANTE DE JEBE USO DOMESTICO N? 8',0,0,'B',13,112),
('3259','GUANTE DE JEBE USO DOMESTICO N? 8 1/2',0,0,'B',13,112),
('326','TUBO DE FIERRO NEGRO  4 in X 6 M X 0.05 MM',0,0,'B',3,112),
('3260','GUANTE DE JEBE USO DOMESTICO N? 9',0,0,'B',13,112),
('3261','GUANTE DE JEBE INDUSTRIAL N? 8 1/2',0,0,'B',13,112),
('3262','GUANTES MEDIUM INDUSTRIALES',0,0,'B',13,112),
('3263','GUANTE DE JEBE INDUSTRIAL N? 9 1/2',0,0,'B',13,112),
('3264','GUANTES DE USO DOMESTICO N? 07',0,0,'B',13,112),
('3265','GUANTE DE JEBE USO DOMESTICO N? 6',0,0,'B',13,112),
('3266','GUANTE DE JEBE USO DOMESTICO C-35 L-13 T/9 1/2',0,0,'B',13,112),
('3267','GUANTE DE JEBE INDUSTRIAL N? 25',0,0,'B',13,112),
('3268','GUANTE SEMI INDUSTRIAL N? 7',0,0,'B',13,112),
('3269','GUANTE SEMI INDUSTRIAL N? 6',0,0,'B',13,112),
('327','TUBO DE FIERRO CUADRADO DE 1 1/2 in X 1 1/2 in X 2 MM X 6 M',0,0,'B',3,112),
('3270','GUANTE DE JEBE USO DOMESTICO N? 10 CALIBRE 25',0,0,'B',13,112),
('3271','GUANTE SEMI INDUSTRIAL N? 7?',0,0,'B',13,112),
('3272','GUANTE SEMI INDUSTRIAL N? 9',0,0,'B',13,112),
('3273','GUANTE DE JEBE INDUSTRIAL N? 9 CALIBRE 25 DE 12 in',0,0,'B',13,112),
('3274','GUANTE DE JEBE USO DOMESTICO N?  10',0,0,'B',13,112),
('3275','GUANTE SEMI INDUSTRIAL N? 8 CALIBRE 25',0,0,'B',13,112),
('3276','GUANTE DE JEBE INDUSTRIAL N? 8 1/2 X UNIDAD',0,0,'B',13,112),
('3277','GUANTE DE JEBE INDUSTRIAL N? 10 CALIBRE 35 C/ NEGRO',0,0,'B',13,112),
('3278','GUANTE DE JEBE INDUSTRIAL N? 8 1/2 - CALIBRE 35',0,0,'B',13,112),
('3279','GUANTE DE JEBE INDUSTRIAL N? 9  - CALIBRE 35',0,0,'B',13,112),
('328','TUBO DE FIERRO CUADRADO DE 1 1/8 in X 1 1/8 in X 2 MM X 6 M',0,0,'B',3,112),
('3280','GUANTES INDUSTRIALES CALIBRE 25 N? 8 ?',0,0,'B',13,112),
('3281','GUANTES INDUSTRIALES CALIBRE 25 N? 8',0,0,'B',13,112),
('3282','GUANTES INDUSTRIALES CALIBRE 25 N? 9',0,0,'B',13,112),
('3283','GUANTES DE USO DOMESTICO TALLA M',0,0,'B',13,112),
('3284','GUANTES DE USO DOMESTICO TALLA S',0,0,'B',13,112),
('3285','GUANTES DE USO DOMESTICO TALLA L',0,0,'B',13,112),
('3286','GUANTE DE JEBE INDUSTRIAL N? 10 CALIBRE 35 CA?A LARGA',0,0,'B',13,112),
('3287','GUANTE DE JEBE INDUSTRIAL N? 10 CALIBRE 35 CA?A CORTA',0,0,'B',13,112),
('3288','GUANTE DE JEBE INDUSTRIAL N? 10 CALIBRE 45',0,0,'B',13,112),
('3289','GUANTES DE USO DOMESTICO N? 7 1/2',0,0,'B',13,112),
('329','TUBO DE FIERRO CUADRADO DE 3/4 in X 3/4 in X 1.5 MM X 6 M',0,0,'B',3,112),
('3290','GUANTES DE USO DOMESTICO N? 8',0,0,'B',13,112),
('3291','GUANTES DE USO DOMESTICO N? 8 1/2',0,0,'B',13,112),
('3292','GUANTES DE USO INDUSTRIAL N? 9',0,0,'B',13,112),
('3293','GUANTES DE USO DOMESTICO N? 9',0,0,'B',13,112),
('3294','GUANTES DE USO DOMESTICO N? 7 1/2 CA?A LARGA',0,0,'B',13,112),
('3295','GUANTES DE USO DOMESTICO N? 7 CA?A LARGA',0,0,'B',13,112),
('3296','GUANTES DE JEBE INDUSTRIAL N? 8',0,0,'B',13,353),
('3297','GUANTES DE JEBE INDUSTRIAL T/M',0,0,'B',13,112),
('3298','MASCARILLA DE POPELINA C/CELESTE P/PERSONAL DE C.DE ESTERILIZACION',0,0,'B',13,112),
('3299','MASCARILLAS POPELINA COLOR BLANCO PARA PERSONAL DE LAVANDERIA',0,0,'B',13,112),
('33','ALAMBRE DE FIERRO GALVANIZADO PARA ENGRAPADORA N? 20',0,0,'B',3,73),
('330','TUBO DE FIERRO CUADRADO DE 1 in X 1 in X 15 MM X 6 M',0,0,'B',3,112),
('3300','MASCARILLA CON DOBLE FILTRO N? 95 X 20 UNI',0,0,'B',13,112),
('3301','PULVERIZADOR DE PLASTICO 2 L',0,0,'B',13,112),
('3302','PULVERIZADOR DE PLASTICO 1/2 L',0,0,'B',13,112),
('3303','MANGUERA PARA ASEO Y LIMPIEZA DE 1/2 in',0,0,'B',13,73),
('3304','MANGUERA DE PLASTICO TRANSPARENTE DE 1/2 in DIAMETRO',0,0,'B',13,73),
('3305','CILINDRO DE PLASTICO CON TAPA X 250 L',0,0,'B',13,112),
('3306','CILINDRO DE PLASTICO CON TAPA DE 55 GALONES',0,0,'B',13,112),
('3307','CILINDRO DE PLASTICO X 55 GALONES',0,0,'B',13,112),
('3308','CILINDRO DE PLASTICO CON TAPA X 200 L',0,0,'B',13,112),
('3309','CILINDRO DE PLASTICO CON TAPA VAIVEN X 140 L',0,0,'B',13,112),
('331','TUBO DE ACERO ASTM 192-A- DE 2 in  X 25  PIES DE LARGO',0,0,'B',3,112),
('3310','CILINDRO DE PLASTICO CON TAPA X 15 GALONES',0,0,'B',13,112),
('3311','CILINDRO DE PLASTICO CON TAPA X 50 GALONES',0,0,'B',13,112),
('3312','BOLSAS DE PLASTICO C/AMARILLO PARA DESHECHOS X 25 X 35 CM X 100 UNI',0,0,'B',13,112),
('3313','BOLSAS DE PLASTICO C/NEGRO PARA DESHECHOS X 25 X 35 CM X 100 UNI',0,0,'B',13,112),
('3314','BOLSAS DE PLASTICO C/ROJO PARA DESHECHOS X 25 X 35 CM X 100 UNI',0,0,'B',13,112),
('3315','BOLSA DE PLASTICO C/ROJO PARA ROPA SUCIA X 108 X 71 CM',0,0,'B',13,112),
('3316','BOLSA DE PLASTICO PARA DESECHO HOSPITALARIO X 82 X 53 CM',0,0,'B',13,112),
('3317','BOLSA PARA BASURA C/ROJO X 26  X 30 ',0,0,'B',13,112),
('3318','BOLSA PARA BASURA X 80 X 60 CM X 100 UNI CAPACIDAD DE 25 KG',0,0,'B',13,112),
('3319','BOLSA PARA BASURA C/NEGRO X 26 X 40  X 100 UNI',0,0,'B',13,112),
('332','PERFIL DE ALUMINIO PLANO DE 3/4 in',0,0,'B',3,73),
('3320','BOLSA DOBLE C/AZUL X 57 CM X 1.17 M',0,0,'B',13,112),
('3321','BOLSA DE PLASTICO C/AZUL X 1.20 X 1 X 100 UNI',0,0,'B',13,112),
('3322','BOLSA DE POLIETILENO C/AMARILLO X 40 X 26 X 2 CM X 100 UNI',0,0,'B',13,112),
('3323','BOLSA DOBLE C/AZUL X 71 CM X 1.16 M',0,0,'B',13,112),
('3324','BOLSA DE PLASTICO PARA DESECHO HOSPITALARIO C/ROJO X 82 X 53 CM',0,0,'B',13,112),
('3325','BOLSA DE PLASTICO PARA DESECHO HOSPITALARIO C/NEGRO X 82 X 53 CM',0,0,'B',13,112),
('3326','BOLSA DE PLASTICO PARA DESECHO HOSPITALARIO C/AMARILLO X 82 X 53 CM',0,0,'B',13,112),
('3327','BOLSA DE PLASTICO PARA DESECHO HOSPITALARIO C/ANARANJADO X 82 X 53 CM',0,0,'B',13,112),
('3328','BOLSA DE PLASTICO PARA DESECHO DE BIO SEGURIDAD DESCARTABLES X 0.91 CM X 0.51 CM',0,0,'B',13,112),
('3329','BOLSA DE PLASTICO TRANSPARENTE CON LIGA PARA DESECHOS X 112 CM x 0.96 CM',0,0,'B',13,112),
('333','PERFIL DE ALUMINIO EN  inL in DE 1/2 in X 1/2 in X 6 MT',0,0,'B',3,112),
('3330','BOLSA DE PLASTICO TRANSPARENTE CON LIGA X 44 in x 36 in ',0,0,'B',13,112),
('3331','BOLSA DE PLASTICO PARA DESECHO DE BIO SEGURIDAD DESCARTABLES X 112 CM X 114 CM',0,0,'B',13,112),
('3332','BOLSA DE PLASTICO TRANSPARENTE PARA DESECHOS X 0.91 CM x 0.64 CM',0,0,'B',13,112),
('3333','BOLSA DE PLASTICO PARA BASURA CONTAMINADA X 1.2 X 1.24 M',0,0,'B',13,112),
('3334','BOLSA DE POLIETILENO PARA BASURA 24 X 24 CM X 3.5 MICRAS C/NEGRO',0,0,'B',13,112),
('3335','BOLSA DE PLASTICO PARA DESECHO HOSPITALARIO 0.60 CM X 0.90 CM 2 MICRAS',0,0,'B',13,112),
('3336','BOLSA DE PLASTICO PARA DESECHO 30 CM X 50 CM C/NEGRO X 100 UNI',0,0,'B',13,112),
('3337','MOPA DE ALGODON DE 25 cm CON PALO',0,0,'B',13,112),
('3338','MOPA DE ALGODON DE 60 cm CON PALO ',0,0,'B',13,112),
('3339','MOPA DE ALGODON DE 100 cm CON PALO',0,0,'B',13,112),
('334','PERFIL DE ALUMINIO TIPO ANGULO DE 1 in X 1/8 in X 6 m',0,0,'B',3,112),
('3340','REPUESTO DE MOPA DE ALGODON DE 25 cm',0,0,'B',13,112),
('3341','REPUESTO DE MOPA DE ALGODON DE 60 cm',0,0,'B',13,112),
('3342','REPUESTO DE MOPA DE ALGODON DE 100 cm',0,0,'B',13,112),
('3343','BROCHA PARA JABON DE AFEITAR',0,0,'B',13,112),
('3344','TIJERA PARA PELUQUERO DE METAL 5 1/2',0,0,'B',13,112),
('3345','ESPEJO BA?O, MARCO MADERA',0,0,'B',13,112),
('3346','ESPEJO ESPIA TIPO CONCAVO 60CM ?',0,0,'B',13,112),
('3347','ESPEJOS SIMPLE PARA BA?O CON MARCO DE ,MADERA',0,0,'B',13,112),
('3348','ESPEJOS SIMPLE PARA BA?O CON MARCO DE METAL',0,0,'B',13,112),
('3349','ESPEJO BISELADO DE 0.45 X 0.60',0,0,'B',13,112),
('335','PERFIL DE ALUMINIO TIPO PLATINA DE 1 in X 1/8 in X 6 m',0,0,'B',3,112),
('3350','ESPEJO DE PARED DE 0.50 X 0.80 CM',0,0,'B',13,112),
('3351','ESPEJO DE PARED DE 1.50 MTS LARGO X 1.00 MTS',0,0,'B',13,112),
('3352','ESPEJO BISELADO CRISTAL 4MM. DE 16 in X 24 in',0,0,'B',13,112),
('3353','ESPEJO BISELADO 1.20 MT X 0.80M',0,0,'B',13,112),
('3354','ESPEJO MEDIO DOBLE 70 in X 36 in',0,0,'B',13,112),
('3355','ESPEJO MEDIO DOBLE 54 in X 36 in',0,0,'B',13,112),
('3356','ESPEJO DE 2.00 X 1.40 MT',0,0,'B',13,112),
('3357','ESPONJA PARA BA?O DE 15 X 10 X 7 CM.',0,0,'B',13,112),
('3358','ESPEJO MEDIO DOBLE 1.40 X 0.90 CM',0,0,'B',13,112),
('3359','ESPEJO DE PARED DE 1.40 X 0.90 CM CON MARCO DE MADERA',0,0,'B',13,112),
('336','PERFIL RECTANGULAR DE ALUMINIO 2 in X 1 in X 6 m',0,0,'B',3,112),
('3360','ESPEJO BISELADO CON CUADRO DE MADERA 1.3 X 0.9 CM',0,0,'B',13,112),
('3361','ESPEJO DE 1.50 X 1.20 M',0,0,'B',13,112),
('3362','ESPEJO MEDIO DOBLE DE 188.5 X 180 CM',0,0,'B',13,112),
('3363','ESPEJO MEDIO DOBLE DE 188 X 180 CM',0,0,'B',13,112),
('3364','ESPEJO MEDIO DOBLE DE 244 X 180 CM',0,0,'B',13,112),
('3365','ESPEJO CON MARCO DE MARMOLINA',0,0,'B',13,112),
('3366','ESPEJO MEDIO DOBLE DE 41 X 61',0,0,'B',13,112),
('3367','ESPEJO MEDIO DOBLE DE 21 X 14',0,0,'B',13,112),
('3368','ESPEJO MEDIO DOBLE INCOLORO DE 0.40 X 0.925 CM',0,0,'B',13,112),
('3369','ESPEJO DE 1.36 X 1.90 M X 4 MM',0,0,'B',13,112),
('337','PERFIL DE ALUMINIO RECTO CERRADO 1 1/2 in X 1 1/2 in X 1.50 M',0,0,'B',3,112),
('3370','ESPEJO DE 1.90 X 0.93 CM X 4 MM',0,0,'B',13,112),
('3371','MAQUINA DE AFEITAR DOBLE HOJA',0,0,'B',13,112),
('3372','BROCHA PARA RUBOR DE PELO DE MARTHA',0,0,'B',13,112),
('3373','VINCHA DE TELA SANDERSON',0,0,'B',13,112),
('3374','ESPONJA DE ESPUMA SINTETICA PARA LAVADO DEL CUERPO',0,0,'B',13,112),
('3375','ESPONJA PARA BA?O',0,0,'B',13,112),
('3376','MOTAS PARA SOMBRAS',0,0,'B',13,112),
('3377','ESPONJA DE DUNLOPILLO MEDIANA',0,0,'B',13,112),
('3378','ESPONJA DE FIBRA SINTETICA',0,0,'B',13,112),
('3379','ESPONJA PARA BEBE POROSA SUAVE',0,0,'B',13,112),
('338','PERFIL DE ALUMINIO CANAL DE 3 1/4 in X 1 in X 6 m',0,0,'B',3,112),
('3380','ESPONJA PARA BA?O DE PACIENTE C/JABON',0,0,'B',13,112),
('3381','GORRO DE LANA TIPO PASAMONTA?A',0,0,'B',13,112),
('3382','AGUA DE COLONIA REFRESCANTE X 500 ML',0,0,'B',13,112),
('3383','CHAMPU PARA CABELLO X 40 ONZAS',0,0,'B',13,112),
('3384','CHAMPU PARA CABELLO NATURAL X 400 ML',0,0,'B',13,112),
('3385','CHAMPU PARA CABELLO NATURAL',0,0,'B',13,419),
('3386','CHAMPU PARA CABELLO X 444 mL',0,0,'B',13,112),
('3387','CHAMPU PARA CABELLO X 643 mL ',0,0,'B',13,112),
('3388','CHAMPU PARA CABELLO X 4 ONZAS',0,0,'B',13,112),
('3389','CHAMPU PARA CABELLO DE MANZANILLA X 100',0,0,'B',13,112),
('339','PERFIL DE ALUMINIO CANAL DE 1 1/2 in X 1 1/2 in X 6 m',0,0,'B',3,112),
('3390','CHAMPU PARA CABELLO NEUTRO X 100 ML ',0,0,'B',13,112),
('3391','CHAMPU CON ACONDICIONADOR 2 EN 1 X 237 mL',0,0,'B',13,112),
('3392','CHAMPU PARA CABELLO X 22.2 mL',0,0,'B',13,112),
('3393','CHAMPU PARA CABELLO X 1.5 0NZAS',0,0,'B',13,112),
('3394','CHAMPU ACONDICIONADOR X 75 ONZAS',0,0,'B',13,112),
('3395','CHAMPU PARA CABELLO NATURAL X 665 ML',0,0,'B',13,112),
('3396','CHAMPU PARA CABELLO NORMAL X 325 ML',0,0,'B',13,112),
('3397','CHAMPU PARA CABELLO NATURAL X 444 ML',0,0,'B',13,112),
('3398','CHAMPU ACONDICIONADOR X 1.5 ONZAS',0,0,'B',13,112),
('3399','CHAMPU ACONDICIONADOR X 1 L ',0,0,'B',13,112),
('34','ALAMBRE GALVANIZADO REDONDO N? 20',0,0,'B',3,73),
('340','PERFIL DE ALUMINIO CANAL DE 3 1/4 in X 1 1/2 in X 6 m',0,0,'B',3,112),
('3400','CHAMPU PARA CABELLO NATURAL X 444 ML.',0,0,'B',13,345),
('3401','CHAMPU PARA CABELLO RAMADA X 22 ML',0,0,'B',13,112),
('3402','CHAMPU PARA CABELLO PLUS X 535 ML',0,0,'B',13,112),
('3403','CHAMPU ACONDICIONADOR X 0.75 ONZAS',0,0,'B',13,112),
('3404','CHAMPU CON ACONDICIONADOR 2 EN 1 X 22.2 mL',0,0,'B',13,112),
('3405','CHAMPU PARA CABELLLO X 300 ML ',0,0,'B',13,112),
('3406','CHAMPU PARA CABELLO X 120 ML',0,0,'B',13,112),
('3407','CHAMPU ACONDICIONADOR X 1 ONZA',0,0,'B',13,112),
('3408','CHAMPU PARA CABELLO NATURAL X 18 ML ',0,0,'B',13,112),
('3409','CHAMPU DE CABELLO X 56.18 ML',0,0,'B',13,112),
('341','PERFIL DE ALUMINIO JUNQUILLO DE 1 in X 1/2 in X 6 m',0,0,'B',3,112),
('3410','CHAMPU PARA CABELLO X 8 0NZAS',0,0,'B',13,112),
('3411','CHAMPU CON ACONDICIONADOR 2 EN 1 X 591 mL',0,0,'B',13,112),
('3412','CHAMPU PARA CABELLO X 1 ONZA',0,0,'B',13,112),
('3413','CHAMPU PARA CABELLO X 60 mL',0,0,'B',13,112),
('3414','CHAMPU ACONDICIONADOR X 643 ML',0,0,'B',13,112),
('3415','CHAMPU DIVERSOS AROMAS X 444 ML',0,0,'B',13,112),
('3416','CHAMPU DIVERSOS AROMAS X 643 ML',0,0,'B',13,112),
('3417','CHAMPU LIQUIDO X 4 ONZAS',0,0,'B',13,112),
('3418','CHAMPU PARA CABELLO X 500 ML',0,0,'B',13,112),
('3419','CHAMPU NEUTRO X 700 ML',0,0,'B',13,112),
('342','PERFIL DE ALUMINIO TAPA DE 1 in X 1/2 in X 6 m',0,0,'B',3,112),
('3420','CHAMPU CON BALSAMO X 350 ML',0,0,'B',13,112),
('3421','CHAMPU CON BALSAMO X 250 ML',0,0,'B',13,112),
('3422','CHAMPU CON BALSAMO X 500 ML',0,0,'B',13,112),
('3423','CHAMPU ENJUAGUE X 1000 ML',0,0,'B',13,112),
('3424','CHAMPU ENJUAGUE X 950 ML',0,0,'B',13,112),
('3425','CHAMPU PARA CABELLO CON BALSAMO X 1000 ML',0,0,'B',13,112),
('3426','CHAMPU PARA CABELLO CON BALSAMO  X 75 G',0,0,'B',13,112),
('3427','CHAMPU PARA CABELLO X 60 G',0,0,'B',13,112),
('3428','CHAMPU PARA CABELLO DE 10 ML X 20 UNI',0,0,'B',13,112),
('3429','CHAMPU PARA CABELLO DE MANZANILLA X 300 ML',0,0,'B',13,112),
('343','VARILLA DE FIERRO DE 3/8 in X 6 m',0,0,'B',3,112),
('3430','CHAMPU PARA ADULTO X 10 ML',0,0,'B',13,112),
('3431','CHAMPU PARA CABELLO 10ML X  24 SACHET',0,0,'B',13,112),
('3432','CHAMPU PARA CABELLO X 440 ML',0,0,'B',13,112),
('3433','CHAMPU PARA CABELLO TE?IDO X 200 ML',0,0,'B',13,112),
('3434','CHAMPU PARA BEBE X 250 ML',0,0,'B',13,112),
('3435','CHAMPU PARA CABELLO NORMAL X 8 ML',0,0,'B',13,112),
('3436','CHAMPU PARA CABELLO NORMAL X 200 ML',0,0,'B',13,112),
('3437','CHAMPU 2 EN 1 PARA CABELLO SECO Y/O MALTRATADO X 400 ML',0,0,'B',13,112),
('3438','CHAMPU 2 EN 1 PARA CABELLO SECO Y/O MALTRATADO X 200 ML',0,0,'B',13,112),
('3439','CHAMPU 2 EN 1 PARA CABELLO SECO Y/O MALTRATADO X 200 ML',0,0,'B',13,112),
('344','VARILLA DE FIERRO LISO DE 1/2 in X 6 m',0,0,'B',3,112),
('3440','DESODORANTE EN CREMA 10 Gr. X 20 SACHET',0,0,'B',13,112),
('3441','JABON LIQUIDO GEL X 800 ML',0,0,'B',13,112),
('3442','JABON LIQUIDO PERFUMADO',0,0,'B',13,419),
('3443','JABON LIQUIDO X 4 LITROS',0,0,'B',13,419),
('3444','JABON LIQUIDO X 800 ML',0,0,'B',13,112),
('3445','JABON LIQUIDO PERFUMADO X 1 LTS',0,0,'B',13,349),
('3446','JABON LIQUIDO X 800 ML X BOLSA',0,0,'B',13,112),
('3447','JABON GERMICIDA X LT.',0,0,'B',13,349),
('3448','JABON LIQUIDO COSMETICO',0,0,'B',13,419),
('3449','JABON LIQUIDO 5 LTS',0,0,'B',13,419),
('345','VARILLA DE FIERRO GALVANIZADO TEE TERCIARIA DE 3 mm X 1 in X 3.60 m',0,0,'B',3,112),
('3450','JABON LIQUIDO GEL',0,0,'B',13,419),
('3451','JABON GEL 1000 ML X 10 UNI',0,0,'B',13,112),
('3452','JABON GEL 800 ML X 12 UNI AROMAS SURTIDOS',0,0,'B',13,112),
('3453','JABON DE TOCADOR X 150 g X 12 UNI',0,0,'B',13,112),
('3454','JABON GERMICIDA X 500 ML',0,0,'B',13,112),
('3455','JABON LIQUIDO PERFUMADO X 500 mL',0,0,'B',13,112),
('3456','PAPEL HIGIENICO X 10 UNIDADES COLOR BLANCO',0,0,'B',13,112),
('3457','PAPEL HIGIENICO (CAJA X 12 X 305 MT)',0,0,'B',13,112),
('3458','PAPEL HIGIENICO (CAJA X 12 X 600 MT)',0,0,'B',13,112),
('3459','PAPEL HIGIENICO MINI X 610 MT',0,0,'B',13,112),
('346','VARILLA DE FIERRO GALVANIZADO PERIMETRAL DE 3 mm X 1 in X 3.60 m',0,0,'B',3,112),
('3460','PAPEL HIGIENICO X 06 UNIDADES COLOR BLANCO',0,0,'B',13,112),
('3461','PAPEL HIGIENICO X 06 UNIDADES COLORES',0,0,'B',13,112),
('3462','PAPEL HIGIENICO X 10 UNIDADES COLOR',0,0,'B',13,112),
('3463','PAPEL HIGIENICO X 20 UNIDADES COLOR BLANCO',0,0,'B',13,112),
('3464','PAPEL HIGIENICO X 20 UNIDADES DE COLOR',0,0,'B',13,112),
('3465','PAPEL HIGIENICO BLANCO X ROLLO',0,0,'B',13,112),
('3466','PAPEL HIGIENICO X 2 ROLLOS',0,0,'B',13,112),
('3467','PAPEL HIGIENICO (TOALLA) JUMBO PARA DISPENSADOR X 300 METROS',0,0,'B',13,112),
('3468','PAPEL HIGIENICO JUMBO COLOR BLANCO GROFADO DE 550 MTS X 12 ROLLOS',0,0,'B',13,112),
('3469','PAPEL HIGIENICO COLOR BLANCO X 40 m',0,0,'B',13,112),
('347','VARILLA DE FIERRO EN T DE 1 in X 6 m',0,0,'B',3,112),
('3470','PAPEL HIGIENICO X 550 MTS',0,0,'B',13,357),
('3471','PAPEL HIGIENICO GRANDE X 550 MTS',0,0,'B',13,112),
('3472','PAPEL HIGIENICO JUMBO 1 X 600 MTS',0,0,'B',13,112),
('3473','PAPEL HIGIENICO DE 5000 MTS X 12 UNIDADES',0,0,'B',13,112),
('3474','PAPEL HIGIENICO DOBLE HOJA X 20 UNIDADES COLOR BLANCO',0,0,'B',13,112),
('3475','PAPEL HIGIENICO JUMBO DE 550 M.',0,0,'B',13,112),
('3476','PAPEL HIGIENICO C/BLANCO',0,0,'B',13,112),
('3477','PAPEL HIGIENICO DOBLE HOJA C/BLANCO',0,0,'B',13,112),
('3478','PAPEL HIGIENICO DE 550 M X 12 UNI',0,0,'B',13,112),
('3479','PAPEL HIGIENICO SIMPLE HOJA C/BLANCO',0,0,'B',13,112),
('348','VARILLA DE FIERRO DE 3/4 in X 6 m',0,0,'B',3,112),
('3480','PAPEL HIGIENICO JUMBO X 400 M C/BLANCO',0,0,'B',13,112),
('3481','TALCO PARA GUANTE X 1KL',0,0,'B',13,112),
('3482','TALCO DE 250 GRS',0,0,'B',13,112),
('3483','TALCO CON FECULA DE MAIZ X 100MG',0,0,'B',13,112),
('3484','TALCO CON FECULA DE MAIZ X 200MG',0,0,'B',13,112),
('3485','TALCO PERFUMADO X 140 GR.',0,0,'B',13,112),
('3486','TALCO PERFUMADO X 600 GR',0,0,'B',13,112),
('3487','TALCO PERFUMADO X 623 G X 12 UNI',0,0,'B',13,112),
('3488','TALCO PARA BEBE X 100 G',0,0,'B',13,112),
('3489','TALCO PERFUMADO PARA NI?OS X 100 g',0,0,'B',13,112),
('349','VARILLA DE FIERRO GALVANIZADO TEE TERCIARIA DE 1 in X 1 in X 60 cm',0,0,'B',3,112),
('3490','TALCO PERFUMADO PARA NI?OS X 200 g',0,0,'B',13,112),
('3491','TALCO PERFUMADO X 1 KG',0,0,'B',13,112),
('3492','TALCO PERFUMADO X 200 G',0,0,'B',13,112),
('3493','TALCO SIN PERFUME.',0,0,'B',13,128),
('3494','TALCO PERFUMADO X 623 g',0,0,'B',13,112),
('3495','TALCO PARA PIES X 240 G',0,0,'B',13,112),
('3496','PAPEL TOALLA MAXI X 200 MT',0,0,'B',13,112),
('3497','PAPEL TOALLA MINI X 80 MT',0,0,'B',13,112),
('3498','PAPEL TOALLA MULTIFOLIADO (PQTE. X 200)',0,0,'B',13,112),
('3499','PAPEL TOALLA PARA COCINA/BA?O',0,0,'B',13,112),
('35','ALAMBRE TW N? 10',0,0,'B',3,73),
('350','PLANCHA DE DURALUMINIO DE 1/8 in X 1 1/2 in X 1 m',0,0,'B',3,112),
('3500','TOALLA DE FELPA DE  29 X 38 CMT.',0,0,'B',13,112),
('3501','TOALLA DE FELPA DE 1.8 MTS. X 90.CM.',0,0,'B',13,112),
('3502','TOALLA DE MANO 0.30 X 0.30 MT',0,0,'B',13,112),
('3503','TOALLA DE MANO 0.55 X 0.90 MT',0,0,'B',13,112),
('3504','TOALLA DE MANO 0.60 X 0.40 MT',0,0,'B',13,112),
('3505','TOALLA FACIAL PAPEL TISSUE X 75 HOJAS',0,0,'B',13,112),
('3506','TOALLAS DE FELPA PARA BA?O GRANDE',0,0,'B',13,112),
('3507','TOALLA DE FELPA PARA BA?O MEDIANA',0,0,'B',13,112),
('3508','TOALLAS DE FELPA PARA MANO 1.10 X 0.55 MT',0,0,'B',13,112),
('3509','TOALLA DE FELPA BLANCA DE 0.60 X 0.80 MTS',0,0,'B',13,112),
('351','PLATINA DE ALUMINIO DE 1/8 in X 1  3/16 in',0,0,'B',3,73),
('3510','TOALLA DE FELPA BLANCA DE 0.40 X 1.50 MTS',0,0,'B',13,112),
('3511','TOALLA GRANDE',0,0,'B',13,112),
('3512','TOALLA DE MANO',0,0,'B',13,112),
('3513','TOALLAS PARA MANO 30 X 60',0,0,'B',13,112),
('3514','PAPEL TOALLA X PAQUETE X 200 HOJAS',0,0,'B',13,112),
('3515','TOALLA DE FELPA BLANCA X 0.70 CM',0,0,'B',13,112),
('3516','TOALLA DE FELPA BLANCA X 0.25 CMS',0,0,'B',13,112),
('3517','TOALLA DE FELPA PARA CARA',0,0,'B',13,112),
('3518','TOALLA DE FELPA PARA MANOS',0,0,'B',13,112),
('3519','PAPEL TOALLA HOJA DOBLE',0,0,'B',13,112),
('352','CINTA DE ALUMINIO DE 2 in X  50 yd',0,0,'B',3,112),
('3520','TOALLA DE FELPA DE MANO 76 X 62 CM C/BLANCO',0,0,'B',13,112),
('3521','TOALLA DE FELPA 0.70 X 0.75 C/BLANCO',0,0,'B',13,112),
('3522','TOALLA DE FELPA 0.80 X 0.90 C/BLANCO',0,0,'B',13,112),
('3523','TOALLA DE FELPA 0.93 X 0.75 C/BLANCO',0,0,'B',13,112),
('3524','TOALLA DE FELPA 1.00 X 0.75 CM',0,0,'B',13,112),
('3525','TOALLA DE FELPA 0.50 X 0.75 CM',0,0,'B',13,112),
('3526','TOALLAS DE PAPEL USO FACIAL X 70 HOJAS DOBLES',0,0,'B',13,112),
('3527','TOALLA P/ MANOS MEDIANA',0,0,'B',13,112),
('3528','TOALLA ABSORVENTE DESCARTABLE 45  X 35 CM. APROX (CAJA X 200)',0,0,'B',13,112),
('3529','TOALLAS CHICAS',0,0,'B',13,112),
('353','CINTA DE ALUMINIO CON HILO REFORZADO DE 2 in X 50 yd',0,0,'B',3,112),
('3530','TOALLA FELPA COLOR CLARO 1.40 X 70 CM',0,0,'B',13,112),
('3531','TOALLA DE FELPA BLANCA  0.40 X 1.50 MTS',0,0,'B',13,112),
('3532','TOALLA DE FELPA TAMA?O GRANDE',0,0,'B',13,112),
('3533','TOALLA DE FELPA PARA BA?O 1.20 X 0.80',0,0,'B',13,112),
('3534','TOALLA DE FELPA PARA MANOS 40 X 50 CM',0,0,'B',13,112),
('3535','TOALLA DE FELPA 0.72 X 0.75',0,0,'B',13,112),
('3536','TOALLA DE FELPA 0.72 X 0.80',0,0,'B',13,112),
('3537','TOALLA DE FELPA C/  BLANCO PESO 605 GRS. 1.40 X 0.70 MT',0,0,'B',13,112),
('3538','TOALLAS DE FELPA C/ BLANCO PESO 165 GRS. 0.70 X 0.40 MT',0,0,'B',13,112),
('3539','TOALLA DE MANO X 12 UNIDADES',0,0,'B',13,112),
('354','CINTA DE ALUMINIO DE 25 mm X 50 m',0,0,'B',3,112),
('3540','TOALLA DE FELPA BLANCA MEDIANA PARA BA?O 1.10 X 0.60 MTS',0,0,'B',13,112),
('3541','PAPEL TOALLA MAXI DE 250 MTS X 6 ROLLOS',0,0,'B',13,112),
('3542','TOALLA SECADOR',0,0,'B',13,112),
('3543','TOALLA DE FELPA COLOR BLANCO X 0.05 MTS',0,0,'B',13,112),
('3544','TOALLA DE FELPA 0.50 M C/BLANCO',0,0,'B',13,112),
('3545','TOALLA DE FELPA 0.65 M C/BLANCO',0,0,'B',13,112),
('3546','TOALLA DE FELPA DE 0.90 X 0.60 MTS',0,0,'B',13,112),
('3547','TOALLA DE FELPA COLOR BLANCO X 0.08 MTS',0,0,'B',13,112),
('3548','TOALLA DE FELPA 32 CM C/BLANCO',0,0,'B',13,112),
('3549','TOALLA DE FELPA 36 CM C/BLANCO',0,0,'B',13,112),
('355','CINTA DE ALUMINIO DE 25 mm X 1 m',0,0,'B',3,112),
('3550','TOALLA DE FELPA 42 CM C/BLANCO',0,0,'B',13,112),
('3551','TOALLA DE FELPA COLOR DE 0.85 X 0.75 CM',0,0,'B',13,112),
('3552','PAPEL TOALLA COLOR BLANCO DE I HOJA DE 300 MT X 25CM',0,0,'B',13,112),
('3553','TOALLA DE ALGODON DE 0.60 X 1.10 COLOR BLANCO',0,0,'B',13,112),
('3554','TOALLA DE ALGODON DE 0.60 X 1.10 COLORES VARIOS',0,0,'B',13,112),
('3555','TOALLA MEDIANA DE 1.00 X 0.65 CM',0,0,'B',13,112),
('3556','TOALLA DE FELPA 1.00 X 0.65 CM',0,0,'B',13,112),
('3557','TOALLA DE FELPA PARA BA?O',0,0,'B',13,112),
('3558','TOALLA DE FELPA PARA BA?O MEDIANA',0,0,'B',13,112),
('3559','TOALLA DE FELPA COLOR BLANCO DE 0.75 CM',0,0,'B',13,112),
('356','CINTA DE ALUMINIO DE 25 mm X 100 m',0,0,'B',3,112),
('3560','TOALLA DE MANO C/AZUL',0,0,'B',13,112),
('3561','PAPEL TOALLA DE 13 in X  19 in X 500 UNI',0,0,'B',13,112),
('3562','PAPEL TOALLA DE 8.5 X 7CM X 100 UNI',0,0,'B',13,112),
('3563','PAPEL TOALLA DE 13 in X 18 in X 500 UNI.',0,0,'B',13,112),
('3564','TOALLA DE LIMPIEZA PARA BEBE X 80 UNI',0,0,'B',13,112),
('3565','PAPEL TOALLA DE 60 X 30 CM X 290 UNI',0,0,'B',13,112),
('3566','PAPEL TOALLA 1 HOJA DE 300 M X 20 CM C/BLANCO',0,0,'B',13,112),
('3567','TOALLA DE FELPA BLANCA DE 0.80 X 1.50',0,0,'B',13,112),
('3568','TOALLA DE FELPA 40 CM X 60 CM C/BLANCO',0,0,'B',13,112),
('3569','TOALLA DE FELPA 45 CM X 30 CM C/BLANCO',0,0,'B',13,112),
('357','CINTA DE ALUMINIO DE 7.6 mm X 1.20 m',0,0,'B',3,112),
('3570','TOALLA DE FELPA 35 CM C/BLANCO',0,0,'B',13,112),
('3571','PAPEL TOALLA DOBLE HOJA X 22 CM X 20 CM X 50 HOJAS',0,0,'B',13,112),
('3572','TOALLA DE FELPA 0.80 X 0.75 CM',0,0,'B',13,112),
('3573','TOALLA DE FELPA 0.75 X 1.50 M',0,0,'B',13,112),
('3574','TOALLA DE FELPA 0.72 CM X 1.38 M',0,0,'B',13,112),
('3575','TOALLA DE FELPA 0.38 X 0.38 CM',0,0,'B',13,112),
('3576','TOALLA DE MANO 0.40 X 0.50 CM',0,0,'B',13,112),
('3577','TOALLA DE BA?O 1.20 X 0.80 CM',0,0,'B',13,112),
('3578','TOALLA DE FELPA 1.30 X 0.70 M',0,0,'B',13,112),
('3579','TOALLA DE FELPA 1.80 X 1.00 M',0,0,'B',13,112),
('358','CINTA DE ALUMINIO ADHESIVA DE 10 cm X 50 m',0,0,'B',3,112),
('3580','TOALLA DE ALGODON 0.30 X 0.50 CM',0,0,'B',13,112),
('3581','TOALLA DE FELPA 30 CM C/BLANCO',0,0,'B',13,112),
('3582','TOALLA DE FELPA 17 CM C/BLANCO',0,0,'B',13,112),
('3583','TOALLA HIPOALERGICA PARA BEBE 7 in X 8 in X 80 UNI',0,0,'B',13,112),
('3584','TOALLA HIPOALERGICA PARA BEBE C/ALOE Y VITAMINA E X 80 UNI',0,0,'B',13,112),
('3585','TOALLA DE FELPA PARA BA?O 1.60 X 1.00',0,0,'B',13,112),
('3586','TOALLA DE FELPA PARA ROSTRO 1.20 X 0.60',0,0,'B',13,112),
('3587','PAPEL TOALLA X 82 m',0,0,'B',13,112),
('3588','TOALLAS HIGUIENICAS X 10 UNIDADES SIN ALAS',0,0,'B',13,352),
('3589','TOALLAS HIGUIENICAS X 10 UNIDADES CON ALAS',0,0,'B',13,352),
('359','VARILLA DE ALUMINIO TEE PRINCIPAL DE 3 mm X 1 in X 3.6 m',0,0,'B',3,112),
('3590','TOALLA HIGIENICA INDIVIDUAL CON ALAS',0,0,'B',13,112),
('3591','TOALLA HIGIENICA AUTOADHESIVA',0,0,'B',13,112),
('3592','TOALLA HIGIENICA EXTRA LARGE NO ESTERIL DE 3 in X 11 in X 12 UNIDADES',0,0,'B',13,112),
('3593','TOALLA HIGIENICA HOSPITALARIA X 12 UNI',0,0,'B',13,112),
('3594','TOALLA HIGIENICA CON ALAS X 192 UND',0,0,'B',13,112),
('3595','TOALLA HIGIENICA T/XL X 12 UNI',0,0,'B',13,112),
('3596','TOALLA HIGIENICA PARA DAMA DE 3 in X 11 in X 12 UNI',0,0,'B',13,112),
('3597','TOALLA HIGIENICA T/L X 12 UNI',0,0,'B',13,112),
('3598','TOALLA HIGIENICA CON ALAS X UNI.',0,0,'B',13,112),
('3599','TOALLA HIGIENICA CON ALAS X 10 UNI',0,0,'B',13,352),
('36','ALAMBRE TW N? 12',0,0,'B',3,73),
('360','VARILLA DE ALUMINIO TEE PRINCIPAL 3 mm X 1 in X 3 m',0,0,'B',3,112),
('3600','ACEITE PARA BEBE X 60 ML.',0,0,'B',13,345),
('3601','ACEITE PARA BEBE X 50 ML.',0,0,'B',13,345),
('3602','ACEITE PARA BEBE X 100 ML.',0,0,'B',13,345),
('3603','ACEITE PARA BEBE X 180 ML.',0,0,'B',13,345),
('3604','ACEITE PARA BEBE X 110 ML.',0,0,'B',13,345),
('3605','ACEITE PARA BEBE X 200 ML.',0,0,'B',13,345),
('3606','ACEITE PARA BEBE X 120 ML.',0,0,'B',13,345),
('3607','COLONIA X 1 L',0,0,'B',13,345),
('3608','ACEITE PARA BEBE X 300 ML.',0,0,'B',13,345),
('3609','COLONIA PARA BEBE CON ALCOHOL X 100 ML',0,0,'B',13,345),
('361','VARILLA DE ALUMINIO TEE SECUNDARIA 3 mm X 1 in X 1.20 m',0,0,'B',3,112),
('3610','KIT DE ASEO (2 TOALLAS DE MANO Y 2 JABONES DE TOCADOR)',0,0,'B',13,112),
('3611','KIT DE ASEO (CEPILLO, JABON Y TOALLA CHICA )',0,0,'B',13,347),
('3612','CREMA HUMECTANTE PARA BEBES X 50 ML',0,0,'B',13,112),
('3613','PA?O DE PAPEL FACIAL X 100 UNI',0,0,'B',13,112),
('3614','PA?O PREHUMEDECIDO PARA ADULTO DE 9 X 13 in X 50 UNI',0,0,'B',13,112),
('3615','PA?UELOS FACIALES X 90 UNI',0,0,'B',13,112),
('3616','ACONDICIONADOR PARA CABELLO X 400 ML',0,0,'B',13,112),
('3617','ACEITE PARA BEBE X 60 ML',0,0,'B',13,112),
('3618','ACEITE PARA BEBE X 50 ML',0,0,'B',13,112),
('3619','ACEITE PARA BEBE X 100 ML',0,0,'B',13,112),
('362','VARILLA DE ALUMINIO TEE TERCIARIA 3 mm X 1 in X 60 cm',0,0,'B',3,112),
('3620','ACEITE PARA BEBE X 180 ML',0,0,'B',13,112),
('3621','ACEITE PARA BEBE X 110 ML',0,0,'B',13,112),
('3622','ACEITE PARA BEBE X 200 ML',0,0,'B',13,112),
('3623','ACEITE PARA BEBE X 120 ML',0,0,'B',13,112),
('3624','ACEITE PARA BEBE X 300 ML',0,0,'B',13,112),
('3625','CREMA HIDRATANTE INTENSIVA DE 50 mL',0,0,'B',13,112),
('3626','CREMA HIDRATANTE ACTIVA DE 50 ML',0,0,'B',13,112),
('3627','CREMA CORPORAL HIDRACTANTE SOFT LOTION X 400 ML',0,0,'B',13,112),
('3628','CREMA PARA TRATAMIENTO VITAVILIZADOR X 430 ML',0,0,'B',13,112),
('3629','ESMALTE DE U?AS INCOLORO X 7 mL',0,0,'B',13,112),
('363','ANGULO DE ALUMINIO DE 1 1/2 in X 1/8 in X 6 m',0,0,'B',3,112),
('3630','GEL PARA BA?O DE BEBE X 265 ML',0,0,'B',13,112),
('3631','LAPIZ LABIAL 6 GR  (ESTUCHE X 2 UND.)',0,0,'B',13,112),
('3632','LAPIZ LABIAL (ESTUCHE X 2 UND.) 6 GR.',0,0,'B',13,112),
('3633','LAPIZ DELINEADOR DE OJOS CELESTE',0,0,'B',13,112),
('3634','LAPIZ DELINEADOR DE OJOS ARMY',0,0,'B',13,112),
('3635','LAPIZ DELINEADOR DE OJOS CHOCOLATE',0,0,'B',13,112),
('3636','LAPIZ DELINEADOR DE OJOS COFFE',0,0,'B',13,112),
('3637','LAPIZ DELINEADOR DE OJOS AZUL OSCURO',0,0,'B',13,112),
('3638','LAPIZ DELINEADOR DE OJOS AZUL CLARO',0,0,'B',13,112),
('3639','LAPIZ DELINEADOR DE OJOS PLOMO CLARO',0,0,'B',13,112),
('364','ALAMBRE DE ALUMINIO DE 16 mm2',0,0,'B',3,73),
('3640','LAPIZ DELINEADOR DE OJOS GRIS',0,0,'B',13,112),
('3641','LAPIZ DELINEADOR DE OJOS ORQUIDEA',0,0,'B',13,112),
('3642','LAPIZ DELINEADOR DE OJOS BLANCO',0,0,'B',13,112),
('3643','LAPIZ DELINEADOR DE OJOS ORO',0,0,'B',13,112),
('3644','LAPIZ DELINEADOR DE CEJAS MARRON',0,0,'B',13,112),
('3645','LAPIZ DELINEADOR DE CEJAS NEGRO',0,0,'B',13,112),
('3646','LAPIZ DELINEADOR DE LABIOS MOKA',0,0,'B',13,112),
('3647','LAPIZ DELINEADOR DE LABIOS ROJO',0,0,'B',13,112),
('3648','LAPIZ DELINEADOR DE LABIOS MORADO',0,0,'B',13,112),
('3649','LAPIZ DELINEADOR DE LABIOS VINO',0,0,'B',13,112),
('365','ALAMBRE DE COBRE TW N? 16 AWG X 100 m',0,0,'B',3,112),
('3650','LAPIZ DELINEADOR DE LABIOS TERRACOTA',0,0,'B',13,112),
('3651','LAPIZ DELINEADOR DE LABIOS FUCSIA',0,0,'B',13,112),
('3652','LAPIZ DELINEADOR DE LABIOS COG?AC',0,0,'B',13,112),
('3653','LOCION DEPILADORA X 150 ML',0,0,'B',13,112),
('3654','TINTES',0,0,'B',13,112),
('3655','EDIFICIOS DE 3 PISOS',0,0,'B',14,112),
('3656','EDIFICIOS DE 4 PISOS',0,0,'B',14,112),
('3657','EDIFICIOS DE 5 PISOS',0,0,'B',14,112),
('3658','EDIFICIOS DE 6 PISOS',0,0,'B',14,112),
('3659','EDIFICIOS DE 10 PISOS',0,0,'B',14,112),
('366','ALAMBRE DE COBRE TW N? 12',0,0,'B',3,73),
('3660','TERNERA',0,0,'B',14,112),
('3661','EL MUNDO DE LA ECOLOGIA / OCEANO',0,0,'B',14,112),
('3662','GENETICA / OCEANO',0,0,'B',14,112),
('3663','EL POR QUE DE LAS COSAS',0,0,'B',14,112),
('3664','MI LIBRO DE EXPERIMENTOS',0,0,'B',14,112),
('3665','MANUAL DE GESTION EN LA TECNOLOGIA 2 TOMOS',0,0,'B',14,112),
('3666','EXPERIMENTOS SENCILLOS CON ANIMALES Y PLANTAS',0,0,'B',14,112),
('3667','EXPERIMENTOS SENCILLOS DE GEOLOGIA Y BIOLOGIA',0,0,'B',14,112),
('3668','QUIMICA CONCEPTOS Y APLICACIONES - MGH',0,0,'B',14,112),
('3669','EXPERIMENTOS SENCILLOS DE QUIMICA',0,0,'B',14,112),
('367','ALAMBRE DE COBRE TW N? 16',0,0,'B',3,73),
('3670','EXPERIMENTOS SENCILLOS DE QUIMICA EN LA COCINA',0,0,'B',14,112),
('3671','EXPERIMENTOS SENCILLOS CON ELECTRICIDAD',0,0,'B',14,112),
('3672','EXPERIMENTOS SENCILLOS SOBRE EL CIELO Y LA TIERRA',0,0,'B',14,112),
('3673','EXPERIMENTOS SENCILLOS SOBRE LEYES DE LA NATURALEZA',0,0,'B',14,112),
('3674','EXPERIMENTOS SENCILLOS CON LA NATURALEZA',0,0,'B',14,112),
('3675','COMPENDIO ESTADISTICO 1999-2000',0,0,'B',14,112),
('3676','COMPENDIO DEPARTAMENTAL 1988-1999',0,0,'B',14,112),
('3677','COMPENDIO ESTADISTICO',0,0,'B',14,112),
('3678','NORMAS INTERNACIONALES DE AUDITORIA.',0,0,'B',14,112),
('3679','COMENTARIO AL CODIGO PROCESAL CONSTITUCIONAL, AMPARO Y HABEAS CORPUS',0,0,'B',14,112),
('368','ALAMBRE DE COBRE N? 10 AWG X 100 m',0,0,'B',3,112),
('3680','PM FASTRACK: PMP EXAM SIMULATION SOFTWARE',0,0,'B',14,112),
('3681','PMP: PROJECT MANAGEMENT PROFESSIONAL STUDY GUIDE',0,0,'B',14,112),
('3682','PROJECT MANAGEMENT: A SYSTEMS APPROACH TO PLANNING, SCHEDULING',0,0,'B',14,112),
('3683','HUMAN RESOURCE SKILLS FOR THE PROJECT MANAGER: THE HUMAN ASPECT OF PROJECT MANAG',0,0,'B',14,112),
('3684','THE PMP EXAM: HOW TO PASS ON YOUR FIRST TRY',0,0,'B',14,112),
('3685','PMP EXAM PREP',0,0,'B',14,112),
('3686','NUEVA LEY DEL SISTEMA NACIONAL DE PRESUPUESTO Y ADM. FINANCIERA DEL ESTADO 2005',0,0,'B',14,112),
('3687','ETICA EN LOS NEGOCIOS',0,0,'B',14,112),
('3688','LIBRO DE COMUNICACION ORAL',0,0,'B',14,112),
('3689','INTRODUCCION A LA CONTABILIDAD FINANCIERA',0,0,'B',14,112),
('369','ALAMBRE DE COBRE N? 14 AWG X 100 m',0,0,'B',3,112),
('3690','PLANEACION ESTRATEGICA DE CAPACITACION EMPRESARIAL',0,0,'B',14,112),
('3691','CONCEPTOS FINACIEROS Y DE COSTOS EN LA INDUSTRIA DE LA CONSTRUCCION',0,0,'B',14,112),
('3692','ADMINISTRACION DE OPERACIONES DE CONSTRUCCION',0,0,'B',14,112),
('3693','AUDITORIA EN INFORMATICA ECHENIQUE',0,0,'B',14,112),
('3694','LIBRO: DIRECCION ESTRATEGICA',0,0,'B',14,112),
('3695','ADMINISTRACION GUBERNAMENTAL III TOMO',0,0,'B',14,112),
('3696','DICCIONARIO DE LA REAL ACADEMIA ESPA?OLA',0,0,'B',14,112),
('3697','CONSTITUCION POLITICA DEL PERU 1993',0,0,'B',14,112),
('3698','COMPENDIO NORMATIVO DEL SISTEMA NACIONAL DE CONTROL',0,0,'B',14,112),
('3699','LEY ORGANICA DEL MINISTERIO PUBLICO Y DEL PODER JUDICIAL',0,0,'B',14,112),
('37','ALAMBRE DE FIERRO GALVANIZADO N? 8',0,0,'B',3,73),
('370','ALAMBRE DE COBRE N? 14 AWG',0,0,'B',3,73),
('3700','DICCIONARIO JURIDICO',0,0,'B',14,112),
('3701','CODIGO CIVIL COMENTADO.',0,0,'B',14,112),
('3702','TRIBUTACION LEGISLACION Y JURISPRUDENCIA',0,0,'B',14,112),
('3703','LEGISLACION GENERAL DEL TRABAJO',0,0,'B',14,112),
('3704','CODIGO PREOCESAL CONSTITUCIONAL COMENTADO',0,0,'B',14,112),
('3705','PLENOS JURISDICCIONALES.',0,0,'B',14,112),
('3706','RESPONSABILIDAD CIVIL',0,0,'B',14,112),
('3707','DERECHO PENAL-PARTE GENERAL',0,0,'B',14,112),
('3708','ESTUDIOS SOBRE LOS DELITOS DE OMISION',0,0,'B',14,112),
('3709','\"LECCIONES DE DERECHO PENAL \"\"DELITOS COMETIDOS POR FUNCIONARIOS Y SERVIDORES PU',0,0,'B',14,112),
('371','ALAMBRE DE COBRE TW N? 10',0,0,'B',3,73),
('3710','PRESCRIPCION EXTINTIVA CADUCIDAD',0,0,'B',14,112),
('3711','COMENTARIOS A LA LEY GENERAL DE SOCIEDADES',0,0,'B',14,112),
('3712','EL CONTRATO DE LOCACION DE SERVICIOS',0,0,'B',14,112),
('3713','MANUAL DE DERECHO ADMINISTRATIVO',0,0,'B',14,112),
('3714','PRECESO CONTENCIOSO ADMINISTRATIVO',0,0,'B',14,112),
('3715','PLAN CONTABLE GUBERNAMENTAL',0,0,'B',14,112),
('3716','FORMULACION, ANALISIS E INTERPRETACION DE LOS ESTADOS FINANCIEROS',0,0,'B',14,112),
('3717','AUDITORIA GUBERNAMENTAL',0,0,'B',14,112),
('3718','REGLAMENTO NACIONAL DE CONSTRUCCIONES',0,0,'B',14,112),
('3719','AUDITORIA INFORMATICA',0,0,'B',14,112),
('372','PLANCHA DE COBRE DE 60 X 50 CMT. X 1 MM. DE ESPESOR',0,0,'B',3,112),
('3720','HISTORIA DEL ABASTECIMIENTO DE AGUA POTABLE DE LIMA 1535-1996',0,0,'B',14,112),
('3721','EL PAIS DE LAS LAGUNAS, HISTORIA Y ECOLOGIA DE LA PUNA DE JUNIN',0,0,'B',14,112),
('3722','ECOLOGIA DEL PERU',0,0,'B',14,112),
('3723','ANUARIO ESTADISTICO',0,0,'B',14,112),
('3724','LIBRO DE GEOLOGIA?',0,0,'B',14,112),
('3725','LEY DE PROCEDIMIENTOS ADMINISTRATIVOS GENERAL',0,0,'B',14,112),
('3726','CONSTITUCION POLITICA DEL PERU.',0,0,'B',14,112),
('3727','COMENTARIOS AL REGLAMENTO DE LA LEY (TUO) DE CONTRATACIONES Y ADQUISICIONES DEL ',0,0,'B',14,112),
('3728','PROYECTOS DE INVERSION PUBLICA',0,0,'B',14,112),
('3729','LEY ORGANICA DE MUNICIPALIDADES',0,0,'B',14,112),
('373','BRUJULA COMPAS',0,0,'B',4,112),
('3730','AUDITORIA DE LOS PROCESOS DE SELECCION',0,0,'B',14,112),
('3731','DELITOS CONTRA LA ADMINISTRACION PUBLICA',0,0,'B',14,112),
('3732','GERENCIA DE PROYECTOS PAUTAS PARA SU GESTION,ELABORACION Y ELABORACION SOCIAL',0,0,'B',14,112),
('3733','INVERSION PUBLICA:FUNDAMENTOS Y CASOS APLICATIVOS DEL SNP',0,0,'B',14,112),
('3734','CONTABILIDAD SOCIAL Y AMBIENTAL',0,0,'B',14,112),
('3735','SISTEMA NACIONAL DE PERSONAL',0,0,'B',14,112),
('3736','CONTRATACIONES Y ADQUISICIONES DEL ESTADO Y NORMAS DE CONTROL',0,0,'B',14,112),
('3737','INTRODUCCION A LOS PROCESOS CONSTITUCIONALES : COMENTARIOS AL CODIGO PROCESAL CO',0,0,'B',14,112),
('3738','LA CAPACITACION : UN RECURSO DINAMIZADOR DE LAS ORGANIZACIONES',0,0,'B',14,112),
('3739','PLANIFICACION ESTRATEGICA  Y GESTION PUBLICA POR OBJETIVOS',0,0,'B',14,112),
('374','BRUJULA PORTATIL',0,0,'B',4,112),
('3740','THE ESSENTIAL HANDBOOK OF INTERNAL AUDITING',0,0,'B',14,112),
('3741','SISTEMA NACIONAL DE PERSONAL A?O 2005',0,0,'B',14,112),
('3742','THE PROJECT MANAGER COMPETENCY DEVELOPMENT FRAMEWORK',0,0,'B',14,112),
('3743','FORMULACION Y ACTUALIZACION DE COSTOS DE LA CONSTRUCCION',0,0,'B',14,112),
('3744','COSTOS Y TIEMPOS EN CARRETERAS',0,0,'B',14,112),
('3745','MANUAL PARA LA ADMINISTRACION DE BIENES PATRIMONIALES',0,0,'B',14,112),
('3746','SIX SIGMA TOOL NAVIGATOR : THE MASTER GUIDE FOR TEAMS',0,0,'B',14,112),
('3747','THE CERTIFIED SIX SIGMA BLACK BELT HANDBOOK',0,0,'B',14,112),
('3748','THE SIX SIGMA HANDBOOK :THE COMPLETE GUIDE FOR GREENBELTS BLACKBELTS AND MANAGER',0,0,'B',14,112),
('3749','DESIGN FOR SIX SIGMA FOR GREEN BELTS AND CHAMPIONS : APPLICATIONS FOR SERVICE OP',0,0,'B',14,112),
('375','BRUJULA DE METAL',0,0,'B',4,112),
('3750','DERECHO ADMINSITRATIVO',0,0,'B',14,112),
('3751','PRINCIPIOS DE DERECHO PUBLICO ECONOMICO',0,0,'B',14,112),
('3752','DERECHO ADMINISTRATIVO SANCIONADOR',0,0,'B',14,112),
('3753','LIBROS Y TEXTOS PARA BIBLIOTECAS RELACIONADOS CON EL DERECHO',0,0,'B',14,112),
('3754','LIBROS Y TEXTOS PARA BIBLIOTECAS RELACIONADOS CON LAS CIENCIAS CONTABLES Y ECONO',0,0,'B',14,112),
('3755','LIBROS Y TEXTOS PARA BIBLIOTECAS RELACIONADOS CON LA SALUD',0,0,'B',14,112),
('3756','LIBROS Y TEXTOS PARA BIBLIOTECAS RELACIONADOS CON LAS CIENCIAS SOCIALES',0,0,'B',14,112),
('3757','LIBROS Y TEXTOS PARA BIBLIOTECAS RELACIONADOS CON LA EDUCACION',0,0,'B',14,112),
('3758','LIBROS Y TEXTOS PARA BIBLIOTECAS RELACIONADOS CON LA BIOLOGIA Y LA AGRONOMIA ',0,0,'B',14,112),
('3759','LIBROS Y TEXTOS PARA BIBLIOTECAS RELACIONADOS CON LA SICOLOGIA',0,0,'B',14,112),
('376','BRUJULA PROFESIONAL',0,0,'B',4,112),
('3760','LIBROS Y TEXTOS PARA BIBLIOTECAS RELACIONADOS CON LA ADMINISTRACION',0,0,'B',14,112),
('3761','INFECTIONS OF THE CENTRAL NERVOUS SYSTEM THIRD EDITION',0,0,'B',14,112),
('3762','EL CONTRATO EN GENERAL - DE LA PUENTE Y LAVALLE',0,0,'B',14,112),
('3763','EL DELITO DEL PECULADO - HUGO ALVAREZ JORGE',0,0,'B',14,112),
('3764','JURISPRUDENCIA PENAL DEL TRIBUNAL CONSTITUCIONAL - AVALOS RODRIGUEZ',0,0,'B',14,112),
('3765','LA PRUEBA DOCUMENTAL EN EL PROCESO CIVIL - HINOSTROZA MINGUEZ ALBERTO',0,0,'B',14,112),
('3766','LEY DE TITULOS VALORES ACTUALIZADA - MONTOYA ALBERTI HERNANDO',0,0,'B',14,112),
('3767','PROCESOS DEL CONOCIMIENTO - HINOSTROZA MINGUEZ ALBERTO',0,0,'B',14,112),
('3768','RESOLUCION JUDICIAL Y/O COSA JUZGADA - HINOSTROZA MINGUEZ ALBERTO',0,0,'B',14,112),
('3769','LIBRO PSICOLOGIA DE LA EDUCACION DEL ADULTO DE MENIN OVIDE',0,0,'B',14,112),
('377','BRUJULA PARA INGENIERO',0,0,'B',4,112),
('3770','LIBRO CURSO DE DERECHO ADMINISTRATIVO ,02 TOMOS DE GARCIA DE ENTERRIA EDUARDO.',0,0,'B',14,112),
('3771','LIBRO EL DELITO DE BLANQUEO DE CAPITALES EN ESPA?A Y BRASIL DE CALLEGARI ANDRES ',0,0,'B',14,112),
('3772','LIBRO CASOS DE ADM. GRAL EN ORGANIZACIONES QUE OPERAN EN EL PERU: TOMO XII DE MI',0,0,'B',14,112),
('3773','MANUAL DE AUDITORIA INTERNA Y GUIA DE ESTUDIO- EXAMEN CIA.-INST. DE AUDIT. INTER',0,0,'B',14,112),
('3774','LIBRO FUNDAMENTOS DE DERECHO TRIBUTARIO DE BRAVO CUCCI JORGE',0,0,'B',14,112),
('3775','LIBRO EL CONTR. DISE?O DESARR. HOSTING DE UN SITIO INTERNET DE PINA VALENZUELA D',0,0,'B',14,112),
('3776','LIBRO DEMOCRACIA, LEY E INMUNIDAD DEL PODER DE GARCIA DE ENTERRIA EDUARDO.',0,0,'B',14,112),
('3777','LIBRO PRACTICAS MORALES DE PUIG ROVIRA J.M.',0,0,'B',14,112),
('3778','LIBRO DERECHO DEL CONSUMIDOR DE DURAND CARRION JULIO BALTAZAR',0,0,'B',14,112),
('3779','LIBRO GESTALT DE VANGUARDIA DE NARANJO',0,0,'B',14,112),
('378','MOTOGUADA?A.',0,0,'B',4,112),
('3780','LIBRO PROBLEMAS CONSTITUCIONALES DEL ESTADO  DE DERECHO DE VALADES DIEGO',0,0,'B',14,112),
('3781','LIBRO LA ARGUMENTACION DEL DERECHO DE MARINA GASCON',0,0,'B',14,112),
('3782','LIBRO RESOLUCIONES JUDICIALES Y COSA JUZGADA DE HINOSTROZA MINGUEZ ALBERTO',0,0,'B',14,112),
('3783','LIBRO LENGUAJE JURIDICO FILOSOFIA DEL LENGUAJE DE H. VOLPE MARCO.',0,0,'B',14,112),
('3784','LIBRO EMBRIAGUEZ Y RESPONSABILIDAD PENAL DE AGUDELO BETANCUR NODIER',0,0,'B',14,112),
('3785','LIBRO TRAYECTORIAS CONTEMPORANEAS DE FILOSOFIA Y LA TEORIA DEL DERECHO DE PEREZ ',0,0,'B',14,112),
('3786','LIBRO LA CONSTITUCION ABIERTA Y SU INTERPRETACION DE DIAZ REVORIO JAVIER',0,0,'B',14,112),
('3787','LIBRO CAUSAS Y CONSECUENCIAS ECONOMICAS DE LA CORRUPCION DE ZEGARRA  LUIS',0,0,'B',14,112),
('3788','LIBRO INSTITUCIONES EDUCATIVAS DE FERNANDEZ L.',0,0,'B',14,112),
('3789','LIBRO EL TEST DE ZULLIGER EN LA EVALUACION DE PERSONAL DE L. ZDUNIC ANGELICA',0,0,'B',14,112),
('379','MOTOGUADA?A',0,0,'B',4,112),
('3790','LIBRO APRENDER A GESTIONAR EL CAMBIO DE EMILIO RONCO',0,0,'B',14,112),
('3791','LIBRO INNOVACION EDUCATIVA INSTITUCIONAL DE GRANDE',0,0,'B',14,112),
('3792','LIBRO EL TALLER: UNA ALTERNATIVA DE RENOVACION PEDAGOGICA DE EGG ANDER',0,0,'B',14,112),
('3793','LIBRO LA EMPRESA Y EL EMPLEADOR DE GOMEZ FRANCISCO',0,0,'B',14,112),
('3794','LIBRO EL DELITO DEL PECULADO DE HUGO ALVAREZ JORGE',0,0,'B',14,112),
('3795','MANUAL MANUAL DE DERECHO PROCESAL -02 TOMOS DE FALCON ENRIQUE',0,0,'B',14,112),
('3796','LIBRO DERECHOS FUNDAMENTALES Y RELACIONES LABORALES DE RODRIGUEZ MANZINI',0,0,'B',14,112),
('3797','LIBRO CONTRATACIONES Y ADQUISICIONES DEL ESTADO Y NORMAS DE CONTROL DE RETAMOZO ',0,0,'B',14,112),
('3798','LIBRO PROBLEMAS DEL PROCESO CIVIL DE ADRIAN DEHO',0,0,'B',14,112),
('3799','LIBRO DERECHO PENAL DEL ENEMIGO DE JAKOBS GUNTHER',0,0,'B',14,112),
('38','ALAMBRE DE FIERRO GALVANIZADO N? 18',0,0,'B',3,128),
('380','DESTRUCTOR ELECTRICO DE INSECTOS',0,0,'B',4,112),
('3800','LIBRO LA ACEPTACION POR EL ABOGADO DEFENSOR  DE HON.  MACULADOS, LAVADO DE DINER',0,0,'B',14,112),
('3801','LIBRO TERMINACION ANTICIPADA DEL PROCESO DE PE?A CABRERA',0,0,'B',14,112),
('3802','LIBRO EL REGIMEN JURIDICO  DE LOS CONTRATOS ESTATALES DE PINO RICCI JORGE',0,0,'B',14,112),
('3803','LIBRO ESTADO Y SERVICIOS PUBLICOS DE SORACE DOMENICO',0,0,'B',14,112),
('3804','LIBRO VIDEO Y EDUCACION DE FERRES J.',0,0,'B',14,112),
('3805','LIBRO EL TUTOR: PROCESOS DE TUTELA ENTRE ALUMNOS DE BAUDRIT ALAIN',0,0,'B',14,112),
('3806','LIBRO COMUNICACION NO VERBAL Y EDUCACION DE PAREJO  J.',0,0,'B',14,112),
('3807','LIBRO COMO ESTUDIAR PARA APRENDER DE MEENES M.',0,0,'B',14,112),
('3808','LIBRO LA FORMACION DE MAESTROS Y PROFESORES HOJA DE RUTA - DIKER',0,0,'B',14,112),
('3809','LIBRO PLANIFICACION  CONGNITIVA - J.P. DAS Y OTROS',0,0,'B',14,112),
('381','MOTOSIERRA PEQUE?A 250',0,0,'B',4,112),
('3810','LIBRO APRENDER A LIDERAR EQUIPOS DE RAFAEL GOBERNA',0,0,'B',14,112),
('3811','LIBRO TALLERES DE ACTI. CEREBRAL Y ENTRENAMIENTO DE LA MEMORIA DE ACU?A M.M.',0,0,'B',14,112),
('3812','LIBRO APRENDER A ORGANIZAR EL TIEMPO DE LLUIS CASADO',0,0,'B',14,112),
('3813','LIBRO APRENDIZAJE ESCOLAR  Y CONSTRUCCION DEL CONOCIMIENTO - VARIOS',0,0,'B',14,112),
('3814','LIBRO LA CAPACITACION: ? UNA PRACTICA  SIN EVALUACION ? DE DEVALLE  DE RENDO',0,0,'B',14,112),
('3815','LIBRO FILOSOFIA DEL DERECHO  SELECCION DE LECTURA DE CARRUITERO LECCA',0,0,'B',14,112),
('3816','LIBRO LA INNOVACION DE LA ENSE?ANZA DE MARTA LIBEDINSKY',0,0,'B',14,112),
('3817','LIBRO CAPACITACION A DISTANCIA : ACERCAR LA LEJANIA, HERRAMIENTAS P/ EL DESARROL',0,0,'B',14,112),
('3818','LIBRO TEORIA GENERAL DEL ESTADO DE JELLINEK GEORG',0,0,'B',14,112),
('3819','LIBRO APRENDER A PLANIFICAR LA FORMACION DE LOPEZ CAMPS JORDI',0,0,'B',14,112),
('382','MOTOSIERRA 070 ESP / CAD 90 CM',0,0,'B',4,112),
('3820','LIBRO DERECHO ROMANO DE RABINOVICH',0,0,'B',14,112),
('3821','LIBRO PRACTICA FORENSE CIVIL DE LUIS OLMEDO DE SILVA',0,0,'B',14,112),
('3822','LIBRO COMENTARIOS AL CODIGO TRIBUTARIO DE HUAMANI ROSENDO',0,0,'B',14,112),
('3823','LIBRO APRECIACION JUDICIAL DE LAS PRUEBAS DE GORPHE FRANCOIS',0,0,'B',14,112),
('3824','LIBRO COMO SE ESCRIBE UNA TESIS DE SCAVONE',0,0,'B',14,112),
('3825','LIBRO CRIMINOLOGIA Y SISTEMA PENAL DE BARATTA ALESSANDRO',0,0,'B',14,112),
('3826','LIBRO LA IMPUTACION OBJETIVA EN EL DELITO CULPOSO DE RESULTADO DE CASTALDO ANDRE',0,0,'B',14,112),
('3827','LIBRO CODIGO PROCESAL PENAL DE FIDEL ROJAS VARGAS',0,0,'B',14,112),
('3828','LIBRO CODIGO PROCESAL PENAL COMENTADO DE CACERES J. ROBERTO',0,0,'B',14,112),
('3829','LIBRO JUSTICIA, CONSTITUCION Y PLURALISMO DE PIZZORUSSO ALESSANDRO',0,0,'B',14,112),
('383','MOTOSIERRA 660 ESP / CAD 90C 404',0,0,'B',4,112),
('3830','LIBRO HISTORIA DE LAS IDEAS POLITICAS DE GONZALES OJEDA MAGDIEL',0,0,'B',14,112),
('3831','LIBRO TRATADO DE DERECHO TRIBUTARIO DE BARROS CARVALHO PAULO',0,0,'B',14,112),
('3832','LIBRO DETERMINACION JUDICIAL DE LA PENA DE MAIER JULIO B.J.',0,0,'B',14,112),
('3833','LIBRO EL DELITO DE INSOLVENCIA FRAUDULENTA DE MORENO F.R.',0,0,'B',14,112),
('3834','LIBRO DERECHO PROCESAL DEL TRABAJO DE ROMERO MONTES JOSE.',0,0,'B',14,112),
('3835','LIBRO DERECHO Y DERECHOS DE FAMILIA DE CORRAL TALCIANI HERNAN.',0,0,'B',14,112),
('3836','LIBRO EL PROCESO PENAL ANTE EL ESTADO DE DERECHO DE GOSSEL KARL HEINZ.',0,0,'B',14,112),
('3837','LIBRO DERECHO DEL CONSUMIDOR DE ALPA GUIDO',0,0,'B',14,112),
('3838','LIBRO CONSTITUCION Y PROCESOS CONSTITUCIONALES DE SAMUEL ABAD YUPANQUI',0,0,'B',14,112),
('3839','LIBRO CONTROL DIFUSO Y PROCEDIMIENTO ADMINISTRATIVO DE DEL POZO CLAUDIA',0,0,'B',14,112),
('384','MOTOSIERRA 24 in',0,0,'B',4,112),
('3840','LIBRO TRANSFORMACION DEL DERECHO PENAL Y LA CRIMINOLOGIA HACIA LA VICTIMOLOGIA  ',0,0,'B',14,112),
('3841','LIBRO ACCION PAULIANA O REVOCATORIA DE LABAURE CASARAVILLA',0,0,'B',14,112),
('3842','LIBRO REFORMAS AL CODIGO PENAL: ANALISIS DOCTRINARIO Y PRAXIS JUDICIAL DE ABOSO ',0,0,'B',14,112),
('3843','LIBRO LOS INSTITUTOS DE LA SUSP. Y SUSTIT. DE LAS PENAS PRIVATIVAS DE LIBERTAD D',0,0,'B',14,112),
('3844','LIBRO SISTEMA DE DERECHOS, MAGISTRATURA Y PROCESOS CONSTIT. EN AMERICA LATINA DE',0,0,'B',14,112),
('3845','LIBRO DERECHO POLITICO TOMO I Y II DE FAYT',0,0,'B',14,112),
('3846','LIBRO EL PERITAJE JUDICIAL DOCTRINA Y JURISPRUDENCIA  DE RAVINOVICH',0,0,'B',14,112),
('3847','LIBRO RESPONSABILIDAD DISCIPLINARIA DE LOS MAGISTRADOS DE KIPER.',0,0,'B',14,112),
('3848','LIBRO INTRODUCCION AL RAZONAMIENTO JURIDICO DE LEVI EDWARD',0,0,'B',14,112),
('3849','LIBRO RAZONAMIENTO JUDICIAL Y REGLAS DE RODENAS ANGELES',0,0,'B',14,112),
('385','SISTEMA DE?FILTRADO DE AGUA DE PISCINA',0,0,'B',4,112),
('3850','LIBRO SISTEMAS PENALES EUROPEOS-CONSEJO GENERAL DEL PJ -ESPA?A',0,0,'B',14,112),
('3851','LIBRO CONSTITUCION Y GARANTIAS PENALES- CONSEJO GENERAL DEL PJ -ESPA?A',0,0,'B',14,112),
('3852','LIBRO DERECHO PENITENCIARIO II -CONSEJO GENERAL DEL PJ- ESPA?A',0,0,'B',14,112),
('3853','LIBRO SINIESTRALIDAD LABORAL Y DERECHO PENAL -CONSEJO GENERAL DEL PJ- ESPA?A',0,0,'B',14,112),
('3854','LIBRO EL JUEZ Y SU IMAGEN EN LA SOCIEDAD- CONSEJO GENERAL DEL PJ- ESPA?A',0,0,'B',14,112),
('3855','LIBRO LAS REFORMAS PROCESALES- CONSEJO GENERAL DEL PJ- ESPA?A',0,0,'B',14,112),
('3856','LIBRO ETICA DEL JUEZ Y GARANTIAS PENALES- CONSEJO GENERAL DEL PJ- ESPA?A',0,0,'B',14,112),
('3857','LIBRO LOS JUICIOS RAPIDOS ORDEN DE  PRPOECCION, ANALISIS Y BALANCE- CONSEJO GRAL',0,0,'B',14,112),
('3858','LIBRO EL DELITO IMPRUDENTE. CRITERIOS DE IMPUTACION DEL RESULTADO DE CORCOY BIDA',0,0,'B',14,112),
('3859','LIBRO LOS JUECES, EL MINISTERIO FISCAL Y LA ACTUACION POLICIAL DE OLMEDO',0,0,'B',14,112),
('386','SISTEMA DE AGUA CALIENTE CON 2 VALVULAS',0,0,'B',4,112),
('3860','LIBRO ACTIVIDAD JURIDICA DE LOS MENORES DE EDAD DE ANTONIO DANIEL HUGO.',0,0,'B',14,112),
('3861','LIBRO CALIFICACION LEGAL DE LOS ACTOS DE CORRUPCION EN LA ADMINISTRACION PUBLICA',0,0,'B',14,112),
('3862','LIBRO CODIGO CIVIL COMENTADO- CONTRATOS PARTE GENERAL DE MOSSET ITURRASOE',0,0,'B',14,112),
('3863','LIBRO CODIGO CIVIL COMENTADO - TITULO PRELIMINARES DE RIVERA JULIO CESAR',0,0,'B',14,112),
('3864','LIBRO DERECHO PROCESAL CIVIL Y COMERCIAL -TOMO I DE ARAZI ROLAND',0,0,'B',14,112),
('3865','LIBRO DERECHO PROCESAL CIVIL Y COMERCIAL -TOMO II DE ARAZI ROLAND',0,0,'B',14,112),
('3866','LIBRO DERECHO PROCESAL PENAL TOMO I DE CLARIA OLMEDO JORGE.',0,0,'B',14,112),
('3867','LIBRO DERECHO PENAL- PARTE ESPECIAL- TOMO I DE DONNA EDGARDO',0,0,'B',14,112),
('3868','LIBRO DERECHO PENAL- PARTE ESPECIAL- TOMO II B DE DONNA EDGARDO',0,0,'B',14,112),
('3869','LIBRO JUSTICIA PENAL Y MEDIOS DE COMUNICACION - FRASCAROLI  M.S.',0,0,'B',14,112),
('387','SISTEMA DE FILTRACION DE CAMPO',0,0,'B',4,112),
('3870','LIBRO LA CULPABILIDAD EN MATERIA PENAL DE RIGHI, E.',0,0,'B',14,112),
('3871','LIBRO LA CAUSALIDAD EN LA OMISION IMPROPIA Y LA LLAMADA OMISION POR COMISION DE ',0,0,'B',14,112),
('3872','MANUAL MANUAL DE QUIMICA FORENSE DE CARO PATRICIA',0,0,'B',14,112),
('3873','MANUAL MANUAL DE ARMAS Y DE TIRO DE LARREA JUAN',0,0,'B',14,112),
('3874','LIBRO RESPONSABILIDAD DE LOS JUECES Y JUZGAMIENTO DE FUNCIONARIOS DE GHERSI CARL',0,0,'B',14,112),
('3875','LIBRO TEORIA Y PRAC. DEL DEL.DE ENRIQ. ILICITO DE FUNCION.PUB.DE BRUZZONE G.A.',0,0,'B',14,112),
('3876','LIBRO TRATADO DE CRIMINOLOGIA DE TIEGHI, OSVALDO',0,0,'B',14,112),
('3877','LIBRO EL DESPIDO LABORAL EN EL DERECHO PERUANO DE BLANCAS BUSTAMANTE  CARLOS',0,0,'B',14,112),
('3878','MANUAL EL MANUAL DE LEGISLACION LABORAL EN LA ACTIVIDAD PUBLICA Y PRIVADA',0,0,'B',14,112),
('3879','LIBRO CONSTITUCION Y SOCIEDAD DE LA INFORMACION DE SUAREZ MANUEL.',0,0,'B',14,112),
('388','SISTEMA DE FILTRADO DE AGUA',0,0,'B',4,112),
('3880','MANUAL MANUAL DE DERECHO AMBIENTAL MEXICANO DE BRA?ES RAUL',0,0,'B',14,112),
('3881','LIBRO TECNICA DE INTERROGATORIO DE TESTIGO DE YOUNG TOMAS',0,0,'B',14,112),
('3882','LIBRO INVESTIGACION DOCUMENTOLOGICA DE BONILLA, CARLOS',0,0,'B',14,112),
('3883','LIBRO INTRODUCCION AL DERECHO DE VESCOVI, ENRIQUE',0,0,'B',14,112),
('3884','LIBRO LA DOCTRINA DE LOS ACTOS PROPIOS DE LOPEZ MESA, MARCELO',0,0,'B',14,112),
('3885','LIBRO A UNA DECADA DE LA REFORMA CONSTITUCIONAL DE BIDART CAMPOS, GERMAN',0,0,'B',14,112),
('3886','LIBRO COLECCION MAESTROS DEL DERECHO PENAL (20 VOL.) DE FERNANDEZ',0,0,'B',14,112),
('3887','LIBRO GRABACIONES,ESCUCHAS TELEFONICAS Y FILMACIONES DE CARBONE, CARLOS ALBERTO',0,0,'B',14,112),
('3888','LIBRO LA MOTIVACION DE LA SENTENCIA PENAL Y OTROS ESTUDIOS DE DIAZ CATON FERNAND',0,0,'B',14,112),
('3889','LIBRO MAFIA Y CRIMEN ORGANIZADO DE MONTOYA M. D.',0,0,'B',14,112),
('389','BOTE DE ALUMINIO CON MOTOR FUERA DE BORDA',0,0,'B',4,112),
('3890','LIBRO CRIMENES EXCELENTES, DELITOS DE CUELLO BLANCO DE VIRGOLINI, JULIO',0,0,'B',14,112),
('3891','LIBRO COMENTARIOS A LA LEY DEL PROCESO CONTENCIOSO ADMINISTRATIVO- PRIORI   POSA',0,0,'B',14,112),
('3892','LIBRO CRIMINOLIA CLINICA DE RODRIGUEZ MANZANERA.',0,0,'B',14,112),
('3893','LIBRO EL SISTEMA DE JUSTICIA PENAL Y SU REFORMA DE GONZALES SAMUEL.',0,0,'B',14,112),
('3894','LIBRO DERECHO PROCESAL PENAL TOMO II DE CLARIA OLMEDO JORGE.',0,0,'B',14,112),
('3895','LIBRO LEY PROCESAL DEL TRABAJO DE GOMEZ FRANCISCO.',0,0,'B',14,112),
('3896','LIBRO CUADERNOS DE POLITICA CRIMINAL (2005) (03 NUM.)- CENTRO DE ESTUDIOS SUPERI',0,0,'B',14,112),
('3897','LIBRO JUECES PARA LA DEMOCRACIA (2005)',0,0,'B',14,112),
('3898','LIBRO ANUARIO DE FILOSOFIA DEL DERECHO No.XXI',0,0,'B',14,112),
('3899','LIBRO EL DEVENIR DEL DERECHO INTERNACIONAL DE VIRALLY',0,0,'B',14,112),
('39','ALAMBRE DE FIERRO GALVANIZADO N? 16 X 100 M',0,0,'B',3,112),
('390','ROSAL',0,0,'B',5,112),
('3900','LIBRO EL NUEVO SISTEMA INTERNACIONAL - LEON JOSE LUIS',0,0,'B',14,112),
('3901','LIBRO INTRODUCCION AL DERECHO DE LOS TRATADOS DE REUTER PAUL',0,0,'B',14,112),
('3902','LIBRO LOS PARTIDOS POLITICOS DE DUVERGER MAURICE',0,0,'B',14,112),
('3903','LIBRO LAS MEDIDAS CAUTELARES EN EL DERECHO PERUANO DE RIVAS ADOLFO ARMANDO',0,0,'B',14,112),
('3904','LIBRO LA UTILIZACION FRAUDULENTA DE LA PERSONA JURIDICA DE CARHUATOCTO SANDOVAL ',0,0,'B',14,112),
('3905','LIBRO DELITOS CONTRA LA ADMINISTRACION PUBLICA DE SALAZAR SANCHEZ NELSON',0,0,'B',14,112),
('3906','LIBRO EL SENTIDO DE LA CODIFICACION CIVIL DE  LEON LEYSSER',0,0,'B',14,112),
('3907','LIBRO INTERPRETACION JURIDICA Y CREACION JUDICIAL DEL DERECHO DE PRIETO SANCHIS ',0,0,'B',14,112),
('3908','LIBRO EL JUEZ PRECONSTITUIDO POR LEY DE ROMBOLI ROBERTO',0,0,'B',14,112),
('3909','LIBRO MEDIDAS COERCITIVAS Y TUTELA DE LOS DERECHOS DE CHIARLONI SEGIO',0,0,'B',14,112),
('391','POINSETIAS O FLORES DE PASCUA',0,0,'B',5,112),
('3910','LIBRO CODIGO PROCESAL CIVIL ABREVIADO DE MAGUI?A CUEVA VICTOR',0,0,'B',14,112),
('3911','LIBRO MEDICINA LEGAL  DE CARRERA PALAO ROSA',0,0,'B',14,112),
('3912','LIBRO CONSULTORIO JURIDICO FAMILIAR',0,0,'B',14,112),
('3913','MANUAL MANUAL DE DERECHO ROMANO DE ARGUELLO LUIS',0,0,'B',14,112),
('3914','LIBRO DERECHO PENAL: PARTE GENERAL DE VILLAVICENCIO TERREROS FELIPE',0,0,'B',14,112),
('3915','LIBRO LOS PROCESOS CONSTITUCIONALES EN EL NUEVO CODIGO PROCESAL CONST. DE PRADA ',0,0,'B',14,112),
('3916','LIBRO JURISPRUDENCIA DEL CODIGO TRIBUTARIO DE IANNACONE SILVA FELIPE',0,0,'B',14,112),
('3917','MANUAL MANUAL DE DERECHO PROCESAL PENAL DE ROSAS YATACO JORGE',0,0,'B',14,112),
('3918','LIBRO COMENTARIOS AL NUEVO CODIGO PROCESAL PENAL DE TALAVERA ELGUERA PABLO',0,0,'B',14,112),
('3919','LIBRO CONSTITUCION POLITICA DEL PERU 1993 DE CESAR LANDA ARROYO, VELAZCO LOZADA.',0,0,'B',14,112),
('392','CUCARDAS',0,0,'B',5,112),
('3920','LIBRO DERECHO INTERNACIONAL PUBLICO TOMO III_AUATOR NOVAK FABIAN',0,0,'B',14,112),
('3921','LIBRO HISTORIA DE LAS CONSTITUCIONES NACIONALES (1812-1979) DE PAREJA PAZ SOLDAN',0,0,'B',14,112),
('3922','MANUAL DE DERECHO ARBITRAL DE VIDAL RAMIREZ FERNANDO',0,0,'B',14,112),
('3923','LIBRO EL ACTO JURIDICO SEGUN EL CODIGO CIVIL PERUANO DE MOREYRA GARCIA SAYAN',0,0,'B',14,112),
('3924','LIBRO DERECHO INTERNACIONAL DE LOS REFUGIADOS DE NAMIHAS SANDRA (COORD.)',0,0,'B',14,112),
('3925','LIBRO DERECHO INTERNACIONAL PUBLICO .TOMO II - VOL. 02 DE NOVAK FABIAN',0,0,'B',14,112),
('3926','LIBRO EL ESTADO CONSTITUCIONAL DE HABERLE PETER',0,0,'B',14,112),
('3927','LIBRO SOLUCION DE DIFERENCIAS EN LA ORGANIZACION MUNDIAL DE COM. DE PIEROLA CAST',0,0,'B',14,112),
('3928','LIBRO SISTEMA DE TITULACION DE LA PROPIEDAD DE ARRU?ADA BENITO.',0,0,'B',14,112),
('3929','LIBRO DERECHO AERONAUTICO  DOCTRINA Y  LEGISLACION DE CACERES MEDRANO',0,0,'B',14,112),
('393','SAUCE ERECTO',0,0,'B',5,112),
('3930','LIBRO SISTEMA DE ABASTECIMIENTO, CONTRATACIONES Y ADQUISICIONES DEL ESTADO DE  C',0,0,'B',14,112),
('3931','LIBRO DERECHO PROCESAL  CONSTITUCIONAL (2DA. EDICION ACTUALIZADA) DE ABAD  YUPAN',0,0,'B',14,112),
('3932','LIBRO LA INFRACCION CONSTITUCIONAL DE MONTOYA CHAVEZ, VICTORHUGO',0,0,'B',14,112),
('3933','LIBRO LAS SENTENCIAS Y LAS NORMAS EXTRANJERAS EN EL PROCESO CIVIL DE CAPPELLETTI',0,0,'B',14,112),
('3934','LIBRO PSICOLOGIA FORENSE. CONSIDERACIONES SOBRE TEMATICAS  CENTRALES DE VARELA, ',0,0,'B',14,112),
('3935','LIBRO CODIGO TRIBUTARIO. DOCTRINA Y COMENTARIO DE ROBLES MORENO, CARMEN',0,0,'B',14,112),
('3936','LIBRO CONTROL JUDICIAL DE CONSTITUCIONALIDAD DE SOLA, JUAN VICENTE',0,0,'B',14,112),
('3937','LIBRO TEORIA GENERAL DEL DERECHO DE CARNELUTTI, FRANCESCO',0,0,'B',14,112),
('3938','LIBRO NORMAS ANTIDUMPING Y ANTITRUST EN LOS PROCESOS DE INTEGRACION DE ABDIAS SO',0,0,'B',14,112),
('3939','LIBRO ESTUDIOS DE DERECHO MARITIMO  DE CHAMI, DIEGO ESTEBAN Y OTROS',0,0,'B',14,112),
('394','FICUS BENJAMINA',0,0,'B',5,112),
('3940','LIBRO ESTUDIO DE LEY DE REGULACION DE EDIFICACIONES, DEL PROCEDIMIENTO DE LICENC',0,0,'B',14,112),
('3941','LIBRO CONSTITUCIONES DEL PERU 1823-1993 DE PALACIOS',0,0,'B',14,112),
('3942','LIBRO SISTEMA DE ABASTECIMIENTO CONTRATACIONES Y ADQUISICIONES DEL ESTADO + 1CD_',0,0,'B',14,112),
('3943','MANUAL PRACTICO DEL PROCESO PENAL DE SANCHEZ DIAZ, MANUEL',0,0,'B',14,112),
('3944','LIBRO LOS DELITOS ADUANEROS DE GALLARDO MIRAVAL, JUVENAL',0,0,'B',14,112),
('3945','LIBRO EL PRECEDENTE JUDICIAL DE MORAL SORIANO, LEONOR',0,0,'B',14,112),
('3946','LIBRO DERECHO COMUNITARIO ANDINO DE FABIAN NOVAK',0,0,'B',14,112),
('3947','LIBRO SISTEMA NACIONAL DE TESORERIA, TEORIA Y PRACTICA DE ALVARADO MAIRENA, JOSE',0,0,'B',14,112),
('3948','LIBRO AUDITORIA DE LA GESTION ADMINISTRACION DE PERSONAL DE ESPINAL SANTE, JOSE',0,0,'B',14,112),
('3949','LIBRO ADMINISTRACION PUBLICA - 2 TOMOS + 1 CD DE CASTILLO CHAVEZ, JOSE',0,0,'B',14,112),
('395','PALMERA HAWAIANA 3 M',0,0,'B',5,112),
('3950','LIBRO ESTUDIO DE LA NUEVA LEGISLACION SOBRE PREDIOS URBANOS DE GONZALES BARRON, ',0,0,'B',14,112),
('3951','MANUAL PARA LA ACTIVIDAD MUNICIPAL DE ZAVALETA BARRETO, MYLUSKA',0,0,'B',14,112),
('3952','LIBRO IMAGENES Y JUSTICIA. EL DERECHO A TRAVES DEL CINE DE SOTO NIETO, FRANCISCO',0,0,'B',14,112),
('3953','LIBRO EL PROCEDIMIENTO PARA EL ENJUICIAMIENTO RAPIDO DE VEGAS TORRES, JAIME',0,0,'B',14,112),
('3954','LIBRO TRANSFORMACION DEL D.P. Y LA CRIMINOLOGIA HACIA LA VICTIMOLOGIA DE BERISTA',0,0,'B',14,112),
('3955','LIBRO EL CONCEPTO DE FILIACION EN LA FECUNDACION ARTIFICIAL DE MORAN DE VICENZI',0,0,'B',14,112),
('3956','LIBRO LOS PRINCIPIOS JURIDICOS, PERSPECTIVA JURISPRUDENCIAL DE VIGO, RIODOLFO RU',0,0,'B',14,112),
('3957','LIBRO MUERTE SUBITA. UNA FORMA DE MORIR DE ACHAVAL, ALFREDO',0,0,'B',14,112),
('3958','LIBRO CONTABILIDAD GUBERNAMENTAL + 1 CD DE VALDIVIA DELGADO',0,0,'B',14,112),
('3959','LIBRO DERECHO DE AUTOR Y DERECHOS CONEXOS DE LIPSZYC',0,0,'B',14,112),
('396','PLANTA PAPIRO',0,0,'B',5,112),
('3960','LIBRO LA PROTECCION DEL INVENTOR ASALARIADO DE FATIMA',0,0,'B',14,112),
('3961','LIBRO MANUAL DE DERECHO DE AUTOR DE CASADO',0,0,'B',14,112),
('3962','LIBRO DERECHO DE INTERNET: CONTRATACION ELECTRONICA? DE DE ROS, RAFAEL',0,0,'B',14,112),
('3963','LIBRO LA PREVENCION DEL BLANQUEO DE CAPITALES DE ALVAREZ PASTOR',0,0,'B',14,112),
('3964','LIBRO LA VALORACION DEL DA?O EN EL CONTRATO DE COMPRAVENTA DE SOLER PRESAS, ANA',0,0,'B',14,112),
('3965','LIBRO DERECHOS HUMANOS DE TALEVA',0,0,'B',14,112),
('3966','LIBRO VICTOMOLOGIA DE MARCHIORI',0,0,'B',14,112),
('3967','LIBRO PRESCRIPCION LIBERATORIA Y ADQUISITIVA: CIVIL- COMERCIAL- PENAL DE CABALLE',0,0,'B',14,112),
('3968','LIBRO LA COMPETENCIA DEL TRABAJADOR CON SU EMPRESA DE LOPEZ',0,0,'B',14,112),
('3969','LIBRO AMPARO, HABEAS CORPUS Y HABEAS DATA DE FLORES DAPKEVICIUS',0,0,'B',14,112),
('397','PELARGONIUM (GERANIO)',0,0,'B',5,112),
('3970','LIBRO FUNDAMENTOS DEL DERECHO PROCESAL CIVIL DE COUTURE EDUARDO',0,0,'B',14,112),
('3971','LIBRO LA CARGA DE LA PRUEBA DE ROSENBERG ELO',0,0,'B',14,112),
('3972','LIBRO EL DA?O JURIDICO: ENFOQUE ACTUAL DE AGOGLIA MARIA',0,0,'B',14,112),
('3973','LIBRO RESPONSABILIDAD EXTRACONTRACTUAL DEL ESTADO DE BARRAZA, JAVIER',0,0,'B',14,112),
('3974','LIBRO DA?OS EN EL DERECHO DE FAMILIA DE SAMBRIZZI, EDUARDO',0,0,'B',14,112),
('3975','LIBRO REGIMEN DE BIENES EN EL MATRIMONIO DE ORTIZ DE ROZAS, ABEL',0,0,'B',14,112),
('3976','LIBRO LAVADO DE DINERO - DELITOS TRANSNACIONAL DE SANCHEZ BROT, LUIS',0,0,'B',14,112),
('3977','LIBRO CESION DE CREDITOS DE COMPAGNUCCI, RUBEN',0,0,'B',14,112),
('3978','LIBRO EL NOMBRE DE DOMINIO DE INTERNET DE VIBES, FEDERICO PABLO',0,0,'B',14,112),
('3979','LIBRO ACCION DE AMPARO DE DIAZ SILVA ADRIANA',0,0,'B',14,112),
('398','SAUCE LLORON - SALIX BABYLONICA',0,0,'B',5,112),
('3980','LIBRO EL ESTADO COMO REALIDAD PERMANENTE DE CASTA?O SERGIO',0,0,'B',14,112),
('3981','LIBRO CORRUPCION PENA Y ESTADO: CORRUPCION DE FUNCIONARIOS PUBLICOS DE AAVV',0,0,'B',14,112),
('3982','LIBRO DETERMINACION JUDICIAL DE LA PENA DE MAIER, JULIO',0,0,'B',14,112),
('3983','LIBRO JUSTICIA PENAL Y DERECHOS HUMANOS DE BOVINO, ALBERTO',0,0,'B',14,112),
('3984','LIBRO TEMAS DE DERECHOS HUMANOS DE PINTO, MONICA',0,0,'B',14,112),
('3985','LIBRO EL DA?O BIOLOGICO DE ROZO SORDINI, PAOLO',0,0,'B',14,112),
('3986','LIBRO EL CONTRATO DE DISE?O, DESARROLLO DE HOSTING DE UN SITIO DE PE?A VALENZUEL',0,0,'B',14,112),
('3987','LIBRO LECTURAS SOBRE DERECHO DEL MEDIO AMBIENTE T.1',0,0,'B',14,112),
('3988','LIBRO TEMAS DE DERECHO COMUNITARIO AMBIENTAL ANDINO DE PONCE DE LEON, EUGENIA',0,0,'B',14,112),
('3989','LIBRO CRIMINALIDAD TRANSNACIONAL, COMERCIO DE NARCOTRAFICO.. DE ALBRETCH, HANS',0,0,'B',14,112),
('399','PALMERA HAWAIANA',0,0,'B',5,112),
('3990','LIBRO LA ERA DIGITAL Y LAS EXCEPCIONES Y LIMITACIONES AL DERECHO DEL AUTOR_ RODR',0,0,'B',14,112),
('3991','LIBRO DERECHO Y ARGUMENTACION DE ATIENZA, MANUEL',0,0,'B',14,112),
('3992','LIBRO REDES DEL SABER, INVESTIG.VIRTUAL, PROCESO EDUCATIVO Y AUTOFORMACION INTEG',0,0,'B',14,112),
('3993','LIBRO COMPRENSION Y PRODUCCION DE TEXTOS EDUCATIVOS DE PEREZ GRAJALES, HECTO',0,0,'B',14,112),
('3994','LIBRO ESTANDARES EDUCATIVOS, EVALUACION Y CALIDAD DE LA EDUCACION',0,0,'B',14,112),
('3995','LIBRO MAPAS CONCEPTUALES, MAPAS MENTALES Y OTRAS FORMAS DE REPRES. DEL CONOCIMIE',0,0,'B',14,112),
('3996','LIBRO PROCESOS CREATIVOS PARA LA CONSTRUCCION DE TEXTOS DE FRIAS N., MATILDE',0,0,'B',14,112),
('3997','LIBRO PRODUCCION DE TEXTOS EDUCATIVOS DE RESTREPO M., MARIA',0,0,'B',14,112),
('3998','LIBRO PATERNIDAD Y PRUEBAS BIOLOGICAS DE DI LELLA, PEDRO',0,0,'B',14,112),
('3999','LIBRO EL ESTADO REGULADOR Y EL NUEVO MERCADO DEL SERVICIO PUBLICO DE NALLAR, DAN',0,0,'B',14,112),
('4','BROCA PARA MADERA 1/2',0,0,'B',2,112),
('40','ALAMBRE DE FIERRO GALVANIZADO N? 16',0,0,'B',3,128),
('400','PONCIANA',0,0,'B',5,112),
('4000','LIBRO EL CONCESIONARIO DE SERVICIOS PUBLICOS PRIVATIZADOS DE PEREZ HUALDE, ALEJA',0,0,'B',14,112),
('4001','LIBRO PRUEBA DE TESTIGOS Y FALSOS TESTIMONIOS DE ADIP, AMADO',0,0,'B',14,112),
('4002','LIBRO ARTE DE LA PERSUASION ORAL DE VICENTE FERNANDEZ',0,0,'B',14,112),
('4003','LIBRO EL FUNDAMENTO DEL SISTEMA JURIDICO PENAL DE JAKOBS, GUNTHER',0,0,'B',14,112),
('4004','LIBRO PROBLEMAS ACTUALES DE DOGMATICA PENAL DE ROXIN, CLAUS',0,0,'B',14,112),
('4005','LIBRO VICTIMOLOGIA Y VICTIMODOGMATICA DE IPI?A, BERISTAIN',0,0,'B',14,112),
('4006','LIBRO CIENCIA DEL DERECHO ?TECNICA O HUMANISTICA? DE JAKOBS, GUNTHER',0,0,'B',14,112),
('4007','LIBRO CINCO ESTUDIOS SOBRE EL SISTEMA ACUSATORIO DE CASTRO OSPINA, SANDRA',0,0,'B',14,112),
('4008','LIBRO SOCIOLOGIA JURIDICA, ANALISIS DEL CONTROL DE CONFLICTOS.. DE Rafael Prieto',0,0,'B',14,112),
('4009','LIBRO RAZONAMIENTO JUDICIAL. FUNDAMENTOS DE DERECHO PRIVADO DE LORENZATTI, RICAR',0,0,'B',14,112),
('401','SENSOR DE TEMPERATURA PARA HUMIFICADOR',0,0,'B',5,112),
('4010','LIBRO CODIGO PROCESAL CONSTITUCIONAL DE SAR, OMAR',0,0,'B',14,112),
('4011','LIBRO EL DESPIDO EN EL DERECHO LABORAL PERUANO DE BLANCAS BUSTAMANTE',0,0,'B',14,112),
('4012','LIBRO Manual laboral para la actividad pUblica privada  DE RODAS RAMIREZ',0,0,'B',14,112),
('4013','LIBRO CONSTITUCION Y SOCIEDAD EN LA FORMACION DE SUAREZ MU?OZ',0,0,'B',14,112),
('4014','LIBRO LOS JUICIOS RAPIDOS, ORDEN DE PROTECCION ANALISIS Y BALANCE DE CGPJ - ESPA',0,0,'B',14,112),
('4015','LIBRO EL DELITO DE CHANTAJE DE AGUIRRE OBARRIO, EDUARDO',0,0,'B',14,112),
('4016','LIBRO CODIGO PENAL ALEMAN (STGB) DEL 15 DE MAYO DE LOPEZ DIAZ, CLAUDIA',0,0,'B',14,112),
('4017','LIBRO CONSTITUCION Y SISTEMA ACUSATORIO DE AMBOS, KAI',0,0,'B',14,112),
('4018','LIBRO DERECHO PENAL Y SISTEMA ACUSATORIO EN DE CANCINO, ANTONIO (COMP.)',0,0,'B',14,112),
('4019','LIBRO EL JUEZ PENAL, JUICIO ORAL Y PRUEBAS DE OFICIO DE PEREZ PINZON, ALVARO',0,0,'B',14,112),
('402','SEMILLA DE ESPINACA (AL PESO)',0,0,'B',5,128),
('4020','LIBRO RESPONSABILIDAD DEL ESTADO POR EL FUNC. DE LA ADMINISTRACION DE JUSTICIA_D',0,0,'B',14,112),
('4021','LIBRO TEORIA GENERAL DEL DELITO DE CARNELUTTI, FRANCESCO',0,0,'B',14,112),
('4022','LIBRO EL PODER JUDICIAL EN LA ENCRUCIJADA DE GARCIA BELAUNDE, DOMINGO',0,0,'B',14,112),
('4023','LIBRO EL FUTBOLISTA PROFESIONAL Y SUS DERECHOS LABORALES DE ARCE ORTIZ, ELMER',0,0,'B',14,112),
('4024','LIBRO RESPONSABILIDAD CIVIL POR ACCIDENTES DE TRANSITO Y SEGURO OBLIGATORIO_ VAL',0,0,'B',14,112),
('4025','LIBRO EL CONCEPTO DE FILIACION EN LA FECUNDACION ARTIFICIAL DE MORAN DE VICENZI,',0,0,'B',14,112),
('4026','LIBRO INTRODUCCION CRITICA AL DERECHO COMPARADO DE SOMMA, ALESSANDRO',0,0,'B',14,112),
('4027','LIBRO EL JUEZ DE STAMMLER, RUDOLF',0,0,'B',14,112),
('4028','LIBRO DOCTRINA GENERAL DEL CONTRATO DE MESSINEO, FRANCESCO',0,0,'B',14,112),
('4029','LIBRO ANUARIO ESTADISTICO PERU EN NUMEROS 2006 DE INSTITUTO CUANTO',0,0,'B',14,112),
('403','SEMILLA DE ALFALFA (AL PESO)',0,0,'B',5,128),
('4030','LIBRO JUSTICIA AMBIENTAL. LAS ACCIONES JUDICIALES PARA... DE HERRERA RICARDO',0,0,'B',14,112),
('4031','LIBRO RESPONSABILIDAD POR DA?OS AL MEDIO AMBIENTE DE AMAYA NAVAS',0,0,'B',14,112),
('4032','LIBRO LA PROCREACION ASISTIDA Y LA MANIPULACION DEL EMBRION HUMANO DE SAMBRIZZI,',0,0,'B',14,112),
('4033','LIBRO SERVICIOS PUBLICOS, REGULACION Y RENEGOCIACION DE CASSAGNE, JUAN CARLOS',0,0,'B',14,112),
('4034','LIBRO LA POSESION Y LA POSESION PRECARIA DE LAMA MORE, HECTOR',0,0,'B',14,112),
('4035','LIBRO ETICA DEL JUEZ Y GARANTIAS PROCESALES DE CGPJ-ESPA?A',0,0,'B',14,112),
('4036','LIBRO LAS BUENAS RELACIONES ENTRE LOS JUECES Y ABOGADOS EN EL NUEVO PROCESO CIVI',0,0,'B',14,112),
('4037','LIBRO DELITOS ESPECIALES DE GOMEZ MARTIN VICTOR',0,0,'B',14,112),
('4038','LIBRO DERECHO ROMANO DE AVILA',0,0,'B',14,112),
('4039','LIBRO JURISPRUDENCIA PENAL DE TRIBUNAL CONSTITUCIONAL DE AVALOS',0,0,'B',14,112),
('404','SEMILLA DE ZANAHORIA X 500 g',0,0,'B',5,112),
('4040','MANUAL DE PERITAJES JUDICIALES DE ZARCO',0,0,'B',14,112),
('4041','LIBRO ETICA JUDICIAL, BASES PARA LA CONSTRUC. DE UNA ETICA JUDICIAL EN HOMENAJE ',0,0,'B',14,112),
('4042','LIBRO MEDICINA LEGAL DE PATITO, ANGEL',0,0,'B',14,112),
('4043','MANUAL PARA LA ACTIVIDAD MUNICIPAL DE ZAVALETA BARRETA MYLUSKA',0,0,'B',14,112),
('4044','MANUAL PRACTICO DEL PROCESO PENAL DE SANCHEZ DIAZ MANUEL',0,0,'B',14,112),
('4045','LIBRO SECUENCIAS PRACTICAS DE PERITAJES JUDICIALES DE ROBINOVICH DE LANDAU, SILV',0,0,'B',14,112),
('4046','LIBRO LA NUEVA EVALUACION EDUCATIVA, DESEMPE?OS, LOGROS .. DE CERDA GUTIERREZ, H',0,0,'B',14,112),
('4047','LIBRO COMPETENCIAS, CALIDAD Y EDUCACION SUPERIOR DE TOBON, SERGIO',0,0,'B',14,112),
('4048','LIBRO DERECHO PENAL Y SISTEMA ACUSATORIO EN IBEROAMERICA VII SESION DE LA COMISI',0,0,'B',14,112),
('4049','LECTURAS SOBRE DERECHO DEL MEDIO AMBIENTE TOMO 2',0,0,'B',14,112),
('405','SEMILLA DE CETICIO (AL PESO)',0,0,'B',5,128),
('4050','LECTURAS SOBRE DERECHO DEL MEDIO AMBIENTE TOMO 3',0,0,'B',14,112),
('4051','LECTURAS SOBRE DERECHO DEL MEDIO AMBIENTE TOMO 4',0,0,'B',14,112),
('4052','LECTURAS SOBRE DERECHO DEL MEDIO AMBIENTE TOMO 5',0,0,'B',14,112),
('4053','LECTURAS SOBRE DERECHO DEL MEDIO AMBIENTE TOMO 6',0,0,'B',14,112),
('4054','LIBRO PRINCIPIOS DE NEUROPSICOLOGIA  HUMANA',0,0,'B',14,112),
('4055','LIBRO INTRODUCCION  A LA NEUROPSICOLOGIA',0,0,'B',14,112),
('4056','LIBRO TEST NEUROPSICOLOGICO FUNDAMENTOS PARA UNA NEUROPSICOLOGIA CLINICA BASADA ',0,0,'B',14,112),
('4057','LIBRO SERVICIOS PUBLICOS Y ORGANISMOS DE CONTROL',0,0,'B',14,112),
('4058','LIBRO RENEGOCIACION DE CONTRATOS PUBLICOS',0,0,'B',14,112),
('4059','LIBRO EL CONSEJO DE LA  MAGISTRATURA. ORGANO DEL PODER JUDICIAL DE LA NACION',0,0,'B',14,112),
('406','SEMILLA DE ESPINACA X 500 g',0,0,'B',5,112),
('4060','LIBRO El TERCER PODER. NOTAS SOBRE EL PERFIL POLITICO DEL PODER JUDICIAL',0,0,'B',14,112),
('4061','LIBRO EL DA?O AL AMBIENTE',0,0,'B',14,112),
('4062','LIBRO CONSTITUCION Y FUENTES DE DERECHO',0,0,'B',14,112),
('4063','LIBRO UNILATERALISMO Y NEGOCIACION COLECTIVA EN LA ADMINISTRACION PUBLICA',0,0,'B',14,112),
('4064','LIBRO METODOLOGIA PARA MEDIR LA SATISFACCION DE LOS CLIENTES',0,0,'B',14,112),
('4065','LIBRO COMO CREAR UNA  WEB DOCENTE DE CALIDAD',0,0,'B',14,112),
('4066','LIBRO LA NATURALEZA EN LA REPARACION DEL DA?O DESDE UNA PERSPECTIVA PENOLOGICA',0,0,'B',14,112),
('4067','LIBRO PROTECCION INTEGRAL DE DERECHOS DE NI?AS, NI?OS Y ADOLESCENTES',0,0,'B',14,112),
('4068','LIBRO ESTADO PENA Y DELITO',0,0,'B',14,112),
('4069','LIBRO LA TEORIA DE LA LIBERTAD DE LA VOLUNTAD EN LA  ACTUALIDAD DOCTRINA FILOSOF',0,0,'B',14,112),
('407','SEMILLA DE EUCALIPTO - EUCALYPTUS GLOBULUS (AL PESO)',0,0,'B',5,128),
('4070','LIBRO LOS DELITOS DE PELIGRO Y LA PRUEBA DEL DOLO',0,0,'B',14,112),
('4071','LIBRO LA VERDAD EN EL PROCESO PENAL, UNA CONTRIBUCION A LA EPISTEMOLOGIA JURIDIC',0,0,'B',14,112),
('4072','LIBRO NEOCONSTITUCIONALISMO Y DERECHOS COLECTIVOS',0,0,'B',14,112),
('4073','LIBRO LA PROTECCION JURIDICA DEL FABRICANTE DE BASES DE DATOS',0,0,'B',14,112),
('4074','LIBRO LA FIRMA ELECTRONICA (ASPECTOS DE LA LEY 59/2003, DE 19 DE DICIEMBRE)',0,0,'B',14,112),
('4075','LIBRO CONTRATOS ELECTRONICOS Y PROTECCION DE LOS CONSUMIDORES',0,0,'B',14,112),
('4076','LIBRO TUTELA JUDICIAL EFECTIVA',0,0,'B',14,112),
('4077','LIBRO DERECHO PROCESAL PENAL CONFLICTOS MODERNOS',0,0,'B',14,112),
('4078','LIBRO PROCESO DE SEPARACION DE CUERPOS Y DIVORCIO',0,0,'B',14,112),
('4079','LIBRO INSTITUCIONES DE DERECHO PENAL: PARTE GENERAL',0,0,'B',14,112),
('408','SEMILLA DE MAIZ AMARILLO DURO HIBRIDO D.K. 5005 (AL PESO)',0,0,'B',5,112),
('4080','LIBRO COMO HACER UNA TESIS DE DERECHO Y NO ENVEJECER EN EL INTENTO Y COMO SUSTEN',0,0,'B',14,112),
('4081','LIBRO PROCESO CONTENCIOSO ADMINISTRATIVO PERUANO',0,0,'B',14,112),
('4082','LIBRO TRATADO DE PROCESOS CONTENCIOSO ADMINISTRATIVO',0,0,'B',14,112),
('4083','LIBRO DIVERSIDAD Y DERECHOS FUNDAMENTALES',0,0,'B',14,112),
('4084','LIBRO REVISTA DE DERECHO PENAL Y CRIMINOLOGIA',0,0,'B',14,112),
('4085','LIBRO DERECHO PROCESAL CONSTITUCIONAL Y EL CODIGO PROCESAL CONSTITUCIONAL',0,0,'B',14,112),
('4086','LIBRO COMENTARIOS A LA LEY DEL PROCEDIMIENTO ADMINISTRATIVO GENERAL',0,0,'B',14,112),
('4087','LIBRO CRIMINOLOGIA: INTRODUCCION A SUS FUNDAMENTOS TEORICOS',0,0,'B',14,112),
('4088','MANUAL PRACTICO DEL PROCESO PENAL',0,0,'B',14,112),
('4089','LIBRO EL NUEVO PROCESAL PENAL: ESTUDIOS FUNDAMENTALES',0,0,'B',14,112),
('409','ACEITE VEGETAL DE SOYA ',0,0,'B',5,346),
('4090','LIBRO JURISPRUDENCIA DEL TRIBUNAL EUROPEO DE DERECHOS HUMANOS',0,0,'B',14,112),
('4091','LIBRO DERECHO PENAL JUVENIL EUROPEO',0,0,'B',14,112),
('4092','LIBRO NUEVAS TENDENCIAS EN POLITICA CRIMINAL',0,0,'B',14,112),
('4093','LIBRO LA REFORMA PROCESAL PENAL',0,0,'B',14,112),
('4094','LIBRO EL PROCESO DE HABEAS CORPUS',0,0,'B',14,112),
('4095','LIBRO SOCIOLOGIA CRIMINAL JUVENIL',0,0,'B',14,112),
('4096','MANUAL DE DERECHO PROCESAL PENAL. JUICIO ORAL Y PUBLICO PENAL NACIONAL',0,0,'B',14,112),
('4097','GUIA DE PROBLEMAS PRACTICOS Y SOLUCIONES DEL JUICIO ORAL',0,0,'B',14,112),
('4098','MANUAL LABORAL PARA LA ACTIVIDAD PRIVADA  Y PUBLICA',0,0,'B',14,112),
('4099','LIBRO EL CONCEPTO DE PRUEBA ILICITA Y SU TRATAMIENTO',0,0,'B',14,112),
('41','ALAMBRE DE FIERRO GALVANIZADO N? 8',0,0,'B',3,128),
('410','AMINOFOL X 200 mL',0,0,'B',5,112),
('4100','SUSCRIPCION ANUAL GACETA JURIDICA',0,0,'B',14,112),
('4101','CODIGO PENAL COMENTADO Y CON JURISPRUDENCIA',0,0,'B',14,112),
('4102','DELITOS CONTRA EL PATRIMONIO',0,0,'B',14,112),
('4103','LEY GENERAL DE SOCIEDADES',0,0,'B',14,112),
('4104','LIBRO INTRODUCCION A LOS NEGOCIOS  DE  EXPORTACION',0,0,'B',14,112),
('4105','LIBRO TRATADO INTEGRAL DE LOGISTICA EMPRESARIAL - 3 TOMOS',0,0,'B',14,112),
('4106','LIBRO NUTRICION Y ALIMENTACION HUMANA - 2 TOMOS',0,0,'B',14,112),
('4107','LIBRO ATENCION PRIMARIA EN PEDIATRIA - 4 TOMOS',0,0,'B',14,112),
('4108','LIBRO ENFERMERIA MATERNO INFANTIL - 2 TOMOS',0,0,'B',14,112),
('4109','LIBRO ACUICULTURA - 2 TOMOS',0,0,'B',14,112),
('411','ESTIERCOL DE  VACUNO',0,0,'B',5,128),
('4110','LIBRO ENFERMERIA ONCOLOGICA - 3 TOMOS',0,0,'B',14,112),
('4111','LIBRO URGENCIAS Y TRATAMIENTO DEL NI?O GRAVE - 2 TOMOS',0,0,'B',14,112),
('4112','LIBRO TRATADO DE ENFERMERIA INFANTIL - 2 TOMOS',0,0,'B',14,112),
('4113','LIBRO ANALISIS FINANCIERO Y DE GESTION + CD-ROM',0,0,'B',14,112),
('4114','LIBRO DISE?O DE ELEMENTOS DE MAQUINAS + CD-ROM',0,0,'B',14,112),
('4115','SOFTWARE PROTEUS VSM PARA MSP430',0,0,'B',14,112),
('4116','LIBRO PECES DE ACUARIO DE AGUA DULCE GUIA VISUAL DE PECES DE ACUARIO DE AGUA DUL',0,0,'B',14,112),
('4117','LICENCIA SOFWARE TARANTELLA',0,0,'B',14,112),
('4118','LICENCIA DE AUTOCAD',0,0,'B',14,112),
('4119','LICENCIA DE COREL DRAW',0,0,'B',14,112),
('412','NITRATO DE ANOMIO X 50 kg',0,0,'B',5,112),
('4120','SOFTWARE ADMINISTRADOR DE BASE DE DATOS',0,0,'B',14,112),
('4121','LICENCIA COREL DRAW',0,0,'B',14,112),
('4122','LICENCIA PARA SOFTWARE ENTERPRISE AGREEMENT',0,0,'B',14,112),
('4123','LICENCIA DE SOFTWARE SPSS',0,0,'B',14,112),
('4124','LICENCIA DE ARCEDITOR CONCURRENTE 9.2 PARA WINDOWS 2000/XP',0,0,'B',14,112),
('4125','SOFTWARE ARCGIS 3D ANALYST',0,0,'B',14,112),
('4126','SOFTWARE ARCGIS SPATIAL ANALYST',0,0,'B',14,112),
('4127','SOFTWARE ARCGIS SURVEY ANALYST',0,0,'B',14,112),
('4128','LICENCIA ARCVIEW 3.2',0,0,'B',14,112),
('4129','WINDOWS TERMINAL SERVER CAL L + SA',0,0,'B',14,112),
('413','MANGUERA DE JARDINERIA DE  ? in',0,0,'B',5,73),
('4130','SOFTWARE ARC VIEW 3.3',0,0,'B',14,112),
('4131','SOFTWARE GMP',0,0,'B',14,112),
('4132','SOFTWARE SIGMA PLOT',0,0,'B',14,112),
('4133','SOFTWARE PRIMER 6 FOR WINDOWS MULTIVARIATE STATISTIC FOR ECOLOGISTS',0,0,'B',14,112),
('4134','SOFTWARE STATISTICA 8',0,0,'B',14,112),
('4135','SOFTWARE COMPILADOR DE FORTRAN - PORTLAND GROUP',0,0,'B',14,112),
('4136','SOFTWARE COMPILADOR DE FORTRAN - INTEL',0,0,'B',14,112),
('4137','SOFTWARE PARA ANEMOMETRO VAISALA MILOS 500',0,0,'B',14,112),
('4138','SOFTWARE GMT',0,0,'B',14,112),
('4139','LICENCIA DE SOFTWARE ADOBE ACROBAT PROFESIONAL',0,0,'B',14,112),
('414','MANGUERA DE JARDINERIA DE 1 in',0,0,'B',5,73),
('4140','SOFTWARE DE SEGURIDAD DE ACCESOS A SISTEMA DE ARCHIVOS Y EXTRACCION DE MALWARE',0,0,'B',14,112),
('4141','HERRAMIENTA DE SEGURIDAD DE ACCESOS A SISTEMA DE ARCHIVOS Y EXTRACCION DE MALWAR',0,0,'B',14,112),
('4142','LICENCIA MICROSOFT ENTERPRISE AGREEMENT',0,0,'B',14,112),
('4143','LICENCIA GOOGLE EARTH PLUS',0,0,'B',14,112),
('4144','SOFTWARE (INC. LICENCIA) DE MODELAMIENTO VISSUM (MACROSCOPICO)',0,0,'B',14,112),
('4145','SOFTWARE (INC. LICENCIA) DE MODELAMIENTO VISSIM (MICROSCOPICO)',0,0,'B',14,112),
('4146','LICENCIA DE CASILLAS DEL SISTEMA DE CORREO ELECTRONICO CODIFICADO (SAT)',0,0,'B',14,112),
('4147','PISTOLA 9MM PARABELLUM',0,0,'B',14,112),
('4148','CESTO DE METAL PARA BASURA',0,0,'B',14,112),
('4149','CONTENEDOR DE PLASTICO DE BIOSEGURIDAD PORTATIL DE 190 L',0,0,'B',14,112),
('415','MANGUERA DE JARDINERIA DE ? in',0,0,'B',5,73),
('4150','LENTE PARA CAMARA FOTOGRAFICA',0,0,'B',14,112),
('4151','LENTE PARA CAMARA FOTOGRAFICA DIGITAL',0,0,'B',14,112),
('4152','EQUIPO DE LUZ DE EMERGENCIA',0,0,'B',14,112),
('4153','AUTOREFRACTOMETRO BINOCULAR',0,0,'B',14,112),
('4154','AUTOKERATOREFRACTOMETRO PORTATIL BINOCULAR',0,0,'B',14,112),
('4155','AUTOREFRACTOMETRO PORTATIL PARA NI?OS',0,0,'B',14,112),
('4156','AUTOREFRACTOMETRO',0,0,'B',14,112),
('4157','AUTOREFRACTOMETRO NR-5100 NIKON N? 65316 USADO S/ ACCESORIO',0,0,'B',14,112),
('4158','AUTOREFRACTOMETRO PORTATIL BINOCULAR',0,0,'B',14,112),
('4159','AUTOKERATOREFRACTOMETRO',0,0,'B',14,112),
('416','MANGUERA DE JARDINERIA DE ? in X 100 MTS DE LARGO',0,0,'B',5,73),
('4160','AUTOREFRACTOMETRO COMPUTARIZADO',0,0,'B',14,112),
('4161','EQUIPO DE LASER PUNTUAL Y DE BARRIDO AUTOMATICO',0,0,'B',14,112),
('4162','EQUIPO DE LASER PUNTUAL',0,0,'B',14,112),
('4163','MODULO TRANCEIVERS DE FIBRA BASE - SX SFP',0,0,'B',14,112),
('4164','SEGADORA DE TAMBOR PARA FORRAJE',0,0,'B',14,112),
('4165','SISTEMA DE IDENTIFICACION AUTOMATICA PARA EMBARCACIONES - AIS',0,0,'B',14,112),
('4166','BOYA OCEANOGRAFICA',0,0,'B',14,112),
('4167','VIDEOCOLPOSCOPIO',0,0,'B',14,112),
('4168','ESTACION DE INCLUSION INTEGRADA.',0,0,'B',14,112),
('4169','UNIDAD DE SISTEMA ENDODONTICO MECANICO ROTACIONAL',0,0,'B',14,112),
('417','MANGUERA TRANSPARENTE 3/4',0,0,'B',5,73),
('4170','EQUIPO PARA PRUEBA DE PCR',0,0,'B',14,112),
('4171','UNIDAD DE DISTRIBUCION DE ENERGIA RACKEABLE',0,0,'B',14,112),
('4172','AGITADOR CON PLATAFORMA PARA TUBOS, PLACAS Y CRIOVIALES',0,0,'B',14,112),
('4173','CUBETA DE METAL DE 20 X 10 CMS.',0,0,'B',14,112),
('4174','CUBETA DE ACERO INOXIDABLE 20 X 15 CM',0,0,'B',14,112),
('4175','BANDEJAS PARA ESCRITORIO DE MADERA DE 1 PISO',0,0,'B',14,112),
('4176','BANDEJAS PARA ESCRITORIO DE MADERA DE 2 PISOS',0,0,'B',14,112),
('4177','BANDEJAS PARA ESCRITORIO DE MADERA DE 3 PISOS',0,0,'B',14,112),
('4178','BANDEJAS PARA ESCRITORIO DE MADERA DE 4 PISOS',0,0,'B',14,112),
('4179','BANDEJAS DE ESCRITORIO DE METAL DE 1 PISO',0,0,'B',14,112),
('418','MANGUERA TRANSPARENTE 3/8',0,0,'B',5,73),
('4180','BANDEJAS DE ESCRITORIO DE METAL DE 2 PISOS',0,0,'B',14,112),
('4181','BANDEJAS DE ESCRITORIO DE METAL DE 3 PISOS',0,0,'B',14,112),
('4182','BANDEJAS DE ESCRITORIO DE METAL DE 4 PISOS',0,0,'B',14,112),
('4183','EQUIPO PARA ATENCION DE PARTO X 7 PIEZAS',0,0,'B',14,112),
('4184','EQUIPO PARA ATENCION DE PARTO X 8 PIEZAS',0,0,'B',14,112),
('4185','EQUIPO PARA ATENCION DE PARTO X 12 PIEZAS',0,0,'B',14,112),
('4186','EQUIPO DE RADIOVISIOGRAFIA',0,0,'B',14,112),
('4187','ABRAZADERA DE FIERRO GALVANIZADO PESADO 2 in CON 2 OREJAS',0,0,'B',15,112),
('4188','ABRAZADERA DE ALUMINIO 3 in X 1/2 in',0,0,'B',15,112),
('4189','ABRAZADERA DE ALUMINIO 3 in X 3/4 in',0,0,'B',15,112),
('419','MANGUERA TRANSPARENTE DE 5/16 in',0,0,'B',5,73),
('4190','ABRAZADERA DE PVC 8 in CON SALIDA 1 in ',0,0,'B',15,112),
('4191','ABRAZADERA DE PVC CON SALIDA 1 TIPO DE 8 in',0,0,'B',15,112),
('4192','ABRAZADERA FIERRO GALVANIZADO 1/2 in PARA INSTALACION ELECTRICA',0,0,'B',15,112),
('4193','ABRAZADERA FIERRO GALVANIZADO 3 in',0,0,'B',15,112),
('4194','ABRAZADERA FIERRO GALVANIZADO 3/4 in PARA CABLE',0,0,'B',15,112),
('4195','ABRAZADERA FIERRO GALVANIZADO 7/8 in CON TUERCA PARA CABLE ',0,0,'B',15,112),
('4196','ABRAZADERA FIERRO NEGRO 2 in',0,0,'B',15,112),
('4197','ABRAZADERA DE PVC 11/2 in X 1/2 in',0,0,'B',15,112),
('4198','ABRAZADERA DE PVC 2 in X 1/2 in',0,0,'B',15,112),
('4199','ABRAZADERA DE F? F? PARA ETERNIT 3\'\' ',0,0,'B',15,112),
('42','ALAMBRE DE FIERRO GALVANIZADO N? 24',0,0,'B',3,112),
('420','MANGUERA PLASTICA REFORZADA 1 in',0,0,'B',5,73),
('4200','ABRAZADERA DE FIERRO 2 in ',0,0,'B',15,112),
('4201','ABRAZADERA DE F? F? 2 in X 1/2 in',0,0,'B',15,112),
('4202','ABRAZADERA DE BRONCE 1/2 in DIAMETRO',0,0,'B',15,112),
('4203','ABRAZADERA FIERRO GALVANIZADO 1 1/4 in',0,0,'B',15,112),
('4204','ABRAZADERA DE F? F? P/TUBERIA DE 3 in C/SALIDA DE 1 in C/ EMPAQUETADURAS DE JEBE',0,0,'B',15,112),
('4205','ABRAZADERA DE F? F? P/TUBERIA DE 4 in C/SALIDA DE 1 in C/EMPAQUETADURAS DE JEBE ',0,0,'B',15,112),
('4206','ABRAZADERA DE FIERRO GALVANIZADO 3/4 in MEDIA LUNA',0,0,'B',15,112),
('4207','ABRAZADERA DE FIERRO GALVANIZADO 1/2 in MEDIA LUNA',0,0,'B',15,112),
('4208','ABRAZADERA DE PVC CON SALIDA 1 TIPO DE 8 in.',0,0,'B',15,112),
('4209','ABRAZADERA DE FIERRO GALVANIZADO 3 in X 1/2 in',0,0,'B',15,112),
('421','MANGUERAS CIEGA PARA JARDINERIA 25 MM - 3/4 in CLASE 35,000',0,0,'B',5,73),
('4210','ABRAZADERA DE ALUMINIO 2 in X 3/4 in',0,0,'B',15,112),
('4211','ABRAZADERA DE FIERRO N? 1 X 1/4 in',0,0,'B',15,112),
('4212','ABRAZADERA DE F? F? 4 in X 1/2',0,0,'B',15,112),
('4213','ABRAZADERA DE F? F? 3 in X 1/2',0,0,'B',15,112),
('4214','ABRAZADERA DE F? F? 6 in X 1/2',0,0,'B',15,112),
('4215','ABRAZADERA DE PVC DE 4 in',0,0,'B',15,112),
('4216','ABRAZADERA DE F? F? 2 in',0,0,'B',15,112),
('4217','ABRAZADERA DE F? F?  8 in A 2 in',0,0,'B',15,112),
('4218','ABRAZADERA DE F? F? 6 in',0,0,'B',15,112),
('4219','ABRAZADERA DE F? F? 3 in',0,0,'B',15,112),
('422','MANGUERAS  CIEGA PARA JARDINERIA 20 MM - 1/2 in CLASE 35,000',0,0,'B',5,73),
('4220','ABRAZADERA DE F? F? 4 in',0,0,'B',15,112),
('4221','ABRAZADERA PVC 1/2 in X 4 in',0,0,'B',15,112),
('4222','ABRAZADERA PVC 12 in X 1 1/2 in',0,0,'B',15,112),
('4223','ABRAZADERA DE FIERRO FUNDIDO 4 in C/ SALIDA 1 in',0,0,'B',15,112),
('4224','ABRAZADERA DE ACERO INOXIDABLE 114 (108-118) MM X 200 MM',0,0,'B',15,112),
('4225','ABRAZADERA DE ACERO INOXIDABLE 168 (159-170) MM X 200 MM',0,0,'B',15,112),
('4226','ABRAZADERA DE ACERO INOXIDABLE 219 (209-220) MM X 250 MM',0,0,'B',15,112),
('4227','ABRAZADERA DE ACERO INOXIDABLE 323 (315-326 MM X 300 MM',0,0,'B',15,112),
('4228','ABRAZADERA DE FIERRO GALVANIZADO 4 in',0,0,'B',15,112),
('4229','ABRAZADERA DE FIERRO FUNDIDO 4 in A 1 1/2 in',0,0,'B',15,112),
('423','MANGUERAS C/GOTEO PARA JARDINERIA(C/30 CM) 20 MM - 1/2 in CLASE 35,000',0,0,'B',5,73),
('4230','ABRAZADERA DE FIERRO GALVANIZADO 6 in',0,0,'B',15,112),
('4231','ABRAZADERA DE FIERRO GALVANIZADO 7 in',0,0,'B',15,112),
('4232','ABRAZADERA DE FIERRO FUNDIDO 4 in A 2 in',0,0,'B',15,112),
('4233','ABRAZADERA DE FIERRO FUNDIDO 4 in A 1 in',0,0,'B',15,112),
('4234','ABRAZADERA DE FIERRO GALVANIZADO 1/2 in',0,0,'B',15,112),
('4235','ABRAZADERA DE FIERRO GALVANIZADO 2 in',0,0,'B',15,112),
('4236','ABRAZADERA DE FIERRO GALVANIZADO 3 in DE 2 OREJAS',0,0,'B',15,112),
('4237','ABRAZADERA DE FIERRP GALVANIZADO 5 in DE 2 OREJAS',0,0,'B',15,112),
('4238','ABRAZADERA DE ACERO INOXIDABLE 1/2 in',0,0,'B',15,112),
('4239','ABRAZADERA DE FIERRO NEGRO DE 4\'\'',0,0,'B',15,112),
('424','MANGUERA DE JARDINERIA DE 1/2 in X 50 m',0,0,'B',5,112),
('4240','ALCAYATA DE ACERO X  3 1/2 in',0,0,'B',15,112),
('4241','ALCAYATA DE ACERO X 1 in',0,0,'B',15,112),
('4242','ALCAYATA DE ACERO X 1 1/2  in',0,0,'B',15,112),
('4243','ALCAYATA DE ACERO X 2 in',0,0,'B',15,112),
('4244','ALCAYATA DE ACERO X 2 1/2 in',0,0,'B',15,112),
('4245','ALCAYATA DE ACERO X 3 in',0,0,'B',15,112),
('4246','ALCAYATA DE ACERO X 4 in',0,0,'B',15,112),
('4247','ALCAYATA DE ACERO X 4 1/2 in',0,0,'B',15,112),
('4248','ALCAYATA DE ACERO X 5 1/2 in',0,0,'B',15,112),
('4249','ALCAYATA DE ACERO X 5 in',0,0,'B',15,112),
('425','FILTRO DE AIRE PARA MAQUINA CORTADORA DE CESPED',0,0,'B',5,112),
('4250','ALCAYATA DE ACERO X 6 in',0,0,'B',15,112),
('4251','ALCAYATA DE ACERO X 1/2 in',0,0,'B',15,112),
('4252','ALCAYATA X 1 in',0,0,'B',15,112),
('4253','ALCAYATA DE ACERO X 3 in X 100 UNI',0,0,'B',15,337),
('4254','ALCAYATA DE ACERO DE 2\'\' X 100 UNI',0,0,'B',15,337),
('4255','ALCAYATA DE ACERO DE 1\'\' X 100 UNI',0,0,'B',15,337),
('4256','ARANDELA PLANA DE ALUMINIO X 45 MM DIAMETRO X 50 UNI',0,0,'B',15,352),
('4257','ARANDELA PLANA DE ALUMINIO X 55 MM DIAMETRO X 50 UNI',0,0,'B',15,352),
('4258','ARANDELA DE ALUMINIO DIAMETRO X 55 MM',0,0,'B',15,112),
('4259','ARANDELA DE ALUMINIO DIAMETRO X 45 MM',0,0,'B',15,112),
('426','CHAPA PARA PUERTA DE REFRIGERADORA',0,0,'B',6,112),
('4260','ARANDELA DE PRESION DE FIERRO NEGRO 3/4 in',0,0,'B',15,112),
('4261','ARANDELA PARA TORNILLO ESPONJOSO X 4.0 MM',0,0,'B',15,112),
('4262','ARANDELA PARA TORNILLO ESPONJOSO X 6.5 MM',0,0,'B',15,112),
('4263','ARANDELA DE COBRE X 3/16 in',0,0,'B',15,128),
('4264','CLAVO DE ACERO BLANCO S/ CABEZA DE 1 in.',0,0,'B',15,112),
('4265','CLAVO DE ACERO BLANCO DE ? in',0,0,'B',15,112),
('4266','CLAVO DE ACERO BLANCO DE 2 in S/ CABEZA',0,0,'B',15,112),
('4267','CLAVO DE ACERO BLANCO S/ CABEZA DE 1 ? in',0,0,'B',15,112),
('4268','CLAVO DE ACERO BLANCO DE 1  in',0,0,'B',15,112),
('4269','CLAVO DE ACERO BLANCO DE 1 ? in',0,0,'B',15,112),
('427','RELAY PARA DC 24V',0,0,'B',6,112),
('4270','CLAVO DE ACERO BLANCO DE 2  in',0,0,'B',15,112),
('4271','CLAVO DE ACERO BLANCO DE 2 ? in',0,0,'B',15,112),
('4272','CLAVO DE ACERO BLANCO DE 3  in',0,0,'B',15,112),
('4273','CLAVO DE ACERO BLANCO DE 3 ?  in',0,0,'B',15,112),
('4274','CLAVO DE ACERO BLANCO DE 3/4   in',0,0,'B',15,112),
('4275','CLAVO DE ACERO BLANCO DE 4 ?  in',0,0,'B',15,112),
('4276','CLAVO DE ACERO BLANCO DE 4 in',0,0,'B',15,112),
('4277','CLAVO DE ACERO BLANCO DE 5  in',0,0,'B',15,112),
('4278','CLAVO DE ACERO BLANCO DE 5 ?  in',0,0,'B',15,112),
('4279','CLAVO DE ACERO BLANCO DE 6  in',0,0,'B',15,112),
('428','RELAY TERMICO 17AMP 25AMP',0,0,'B',6,112),
('4280','CLAVO DE ACERO BLANCO DE?  in',0,0,'B',15,112),
('4281','CLAVO DE ACERO BLANCODE ?  in',0,0,'B',15,112),
('4282','CLAVO DE ACERO BLANCO DE 1 in',0,0,'B',15,112),
('4283','CLAVO DE ACERO BLANCO DE 2 ? in',0,0,'B',15,112),
('4284','CLAVO DE ACERO BLANCO DE 3 ? in',0,0,'B',15,112),
('4285','CLAVO DE ACERO NEGRO DE 1  in',0,0,'B',15,112),
('4286','CLAVO DE ACERO NEGRO DE 1 ?  in',0,0,'B',15,112),
('4287','CLAVO DE ACERO NEGRO DE 2  in',0,0,'B',15,112),
('4288','CLAVO DE ACERO NEGRO DE 2 ?  in',0,0,'B',15,112),
('4289','CLAVO DE ACERO NEGRO DE 3  in',0,0,'B',15,112),
('429','RELAY TERMICO 23AMP 32AMP',0,0,'B',6,112),
('4290','CLAVO DE ACERO NEGRO DE 3 ?  in',0,0,'B',15,112),
('4291','CLAVO DE ACERO NEGRO DE 4 ?  in',0,0,'B',15,112),
('4292','CLAVO DE ACERO NEGRO DE 4 in',0,0,'B',15,112),
('4293','CLAVO DE ACERO NEGRO DE 5  in',0,0,'B',15,112),
('4294','CLAVO DE ACERO NEGRO DE 5 ?  in',0,0,'B',15,112),
('4295','CLAVO DE ACERO NEGRO DE 6  in',0,0,'B',15,112),
('4296','CLAVO DE ACERO NEGRO DE ? in',0,0,'B',15,112),
('4297','CLAVO DE ACERO NEGRO DE ?  in',0,0,'B',15,112),
('4298','CLAVO DE ACERO NEGRO DE ?',0,0,'B',15,112),
('4299','CLAVO DE FIERRO CON CABEZA DE 1  in',0,0,'B',15,128),
('43','ALAMBRE DE FIERRO GALVANIZADO N?  12 ',0,0,'B',3,128),
('430','RELAY TERMICO 30AMP 40AMP',0,0,'B',6,112),
('4300','CLAVO DE FIERRO CON CABEZA DE 1 ?  in',0,0,'B',15,128),
('4301','CLAVO DE FIERRO CON CABEZA DE 2  in',0,0,'B',15,128),
('4302','CLAVO DE FIERRO CON CABEZA DE 2 ?  in',0,0,'B',15,128),
('4303','CLAVO DE FIERRO CON CABEZA DE 3  in',0,0,'B',15,128),
('4304','CLAVO DE FIERRO CON CABEZA DE 3 ?  in',0,0,'B',15,128),
('4305','CLAVO DE FIERRO CON CABEZA DE 4  in',0,0,'B',15,128),
('4306','CLAVO DE FIERRO CON CABEZA DE 4 ?  in',0,0,'B',15,128),
('4307','CLAVO DE FIERRO CON CABEZA DE 5  in',0,0,'B',15,128),
('4308','CLAVO DE FIERRO CON CABEZA DE 5 ?  in',0,0,'B',15,128),
('4309','CLAVO DE FIERRO CON CABEZA DE 6  in',0,0,'B',15,128),
('431','RELAY TERMICO 4.5AMP - 6.00AMP',0,0,'B',6,112),
('4310','CLAVO DE FIERRO CON CABEZA DE 7  in',0,0,'B',15,128),
('4311','CLAVO DE FIERRO CON CABEZA DE ? in',0,0,'B',15,128),
('4312','CLAVO DE FIERRO CON CABEZA DE ?  in',0,0,'B',15,128),
('4313','CLAVO DE FIERRO CON CABEZA DE ?  in',0,0,'B',15,128),
('4314','CLAVO DE FIERRO CON CABEZA DE 4  in X 1 UNI',0,0,'B',15,112),
('4315','CLAVO DE FIERRO CON CABEZA DE 2 in X 20 KG',0,0,'B',15,337),
('4316','CLAVO DE FIERRO CON CABEZA DE 3 in X 20 KG',0,0,'B',15,337),
('4317','CLAVO DE FIERRO SIN CABEZA DE 2 in',0,0,'B',15,112),
('4318','CLAVO DE FIERRO SIN CABEZA DE 3 in',0,0,'B',15,112),
('4319','CLAVO DE FIERRO SIN CABEZA DE 2 ? in',0,0,'B',15,128),
('432','RELAY TERMICO 7-10AMP',0,0,'B',6,112),
('4320','CLAVO DE FIERRO SIN CABEZA DE ? in',0,0,'B',15,112),
('4321','CLAVO DE FIERRO SIN CABEZA DE 1 in',0,0,'B',15,112),
('4322','CLAVO DE FIERRO SIN CABEZA DE 1 ? in',0,0,'B',15,112),
('4323','CLAVO DE FIERRO SIN CABEZA DE ? in',0,0,'B',15,128),
('4324','CLAVO DE FIERRO SIN CABEZA DE 3/4 in',0,0,'B',15,128),
('4325','CLAVO DE FIERRO CON CABEZA DE 3/4',0,0,'B',15,128),
('4326','CLAVO DE FIERRO SIN CABEZA DE 1 in.',0,0,'B',15,128),
('4327','CLAVO DE FIERRO SIN CABEZA  DE 3 in  ',0,0,'B',15,128),
('4328','CLAVO DE FIERRO SIN CABEZA DE 1? in',0,0,'B',15,128),
('4329','CLAVO DE FIERRO SIN CABEZA DE  1 in',0,0,'B',15,128),
('433','RELAY TERMICO DE 07-11 AMPERIOS',0,0,'B',6,112),
('4330','ESQUINERO DE ACERO 30 X 30 X 0.40 MM X 2.44 M',0,0,'B',15,112),
('4331','TARUGO DE MADERA DE 3/8 in',0,0,'B',15,112),
('4332','TARUGO DE MADERA DE ?  in',0,0,'B',15,112),
('4333','TARUGO DE MADERA DE ?  in',0,0,'B',15,112),
('4334','TARUGO DE MADERA DE 1 in',0,0,'B',15,112),
('4335','TARUGO DE MADERA DE 3 in',0,0,'B',15,112),
('4336','TARUGO DE MADERA DE 2 in',0,0,'B',15,112),
('4337','TARUGO DE MADERA DE 5 in',0,0,'B',15,112),
('4338','TARUGO DE MADERA DE 1 1/2 in',0,0,'B',15,112),
('4339','TARUGO DE PLASTICO 5/16 in',0,0,'B',15,112),
('434','RELAY TERMICO 1AMP 5AMP',0,0,'B',6,112),
('4340','TARUGO DE PLASTICO DE 2 in DE DIAMETRO',0,0,'B',15,112),
('4341','TARUGO DE PLASTICO DE 3/16 in',0,0,'B',15,112),
('4342','TARUGO DE PLASTICO DE 3/8 in X 1 ? in',0,0,'B',15,112),
('4343','TARUGO DE PLASTICO DE 7/32 DE DIAMETRO',0,0,'B',15,112),
('4344','TARUGO DE PLASTICO DE ?  in DE DIAMETRO',0,0,'B',15,112),
('4345','TARUGO DE PLASTICO DE ?  in DE DIAMETRO',0,0,'B',15,112),
('4346','TARUGO DE PLASTICO DE 3/8 in',0,0,'B',15,112),
('4347','TARUGO DE PLASTICO  DE 1/4 in X 144 UNIDADES',0,0,'B',15,337),
('4348','TARUGO DE PVC  PARA TIRAFON DE 5/16.',0,0,'B',15,112),
('4349','TARUGO DE PLASTICO DE 3/8 X 100 UNIDADES',0,0,'B',15,335),
('435','RELAY TERMICO 18AMP 25AMP',0,0,'B',6,112),
('4350','TARUGO DE PLASTICO DE 1/4 in X 100 UNDS',0,0,'B',15,337),
('4351','TARUGO DE PLASTICO DE 3/4 in X 100 UNDS',0,0,'B',15,337),
('4352','TARUGO DE PLASTICO 9/32 in',0,0,'B',15,339),
('4353','TARUGO DE PLASTICO 1 in',0,0,'B',15,112),
('4354','TARUGO DE PLASTICO DE 1 1/2 in X 1/4 in',0,0,'B',15,112),
('4355','TARUGO DE PLASTICO DE 1 in X 1/4 in',0,0,'B',15,112),
('4356','TARUGO PVC 1/4 in X 3/8 in',0,0,'B',15,112),
('4357','TARUGO PVC 3/16 in X 1/2 in',0,0,'B',15,112),
('4358','TARUGO DE PLASTICO DE 5 MM',0,0,'B',15,112),
('4359','TARUGO DE PLASTICO DE 6 MM',0,0,'B',15,112),
('436','RELAY TERMICO 6AMP 12AMP',0,0,'B',6,112),
('4360','TARUGO DE PLASTICO DE 1/4 in',0,0,'B',15,112),
('4361','TARUGO DE PLASTICO DE 8 MM',0,0,'B',15,112),
('4362','TARUGO PVC RANURADO DE 1/4 X 1 in X 100 UNI C/VERDE',0,0,'B',15,335),
('4363','TARUGO PVC RANURADO DE 5/16 X 2 in X 100 UNI C/AZUL',0,0,'B',15,335),
('4364','TARUGO PVC RANURADO DE 3/8 X 2 in X 100 UNI C/NARANJA',0,0,'B',15,335),
('4365','TARUGO PVC RANURADO DE 1/2 X 2 in X 100 UNI C/GRIS',0,0,'B',15,335),
('4366','TARUGO PVC 1/4 X 1 in',0,0,'B',15,350),
('4367','TARUGO DE PLASTICO DE 1/2 in C/VERDE',0,0,'B',15,112),
('4368','TARUGO DE PLASTICO DE 3/8 in C/ANARANJADO',0,0,'B',15,112),
('4369','TARUGO DE PLASTICO DE 1/2 in C/PLOMO',0,0,'B',15,112),
('437','RELAY TERMICO 5AMP 8AMP',0,0,'B',6,112),
('4370','TARUGO PVC 2 1/2 in',0,0,'B',15,112),
('4371','TARUGO PVC 3/16 in',0,0,'B',15,112),
('4372','TARUGO PVC 1/8 in',0,0,'B',15,112),
('4373','TARUGO DE PLASTICO 3 CM',0,0,'B',15,112),
('4374','TARUGO DE PLASTICO DE 1/2 in X 10 UNI',0,0,'B',15,335),
('4375','TARUGO DE PLASTICO DE 1/4 in X 350 UNI',0,0,'B',15,337),
('4376','CERROJO DE ALUMINIO X 3 in',0,0,'B',15,112),
('4377','CERROJO DE ALUMINIO CON TORNILLOS X 1/2  in ',0,0,'B',15,112),
('4378','CERROJO DE ALUMINIO X 4 in',0,0,'B',15,112),
('4379','CERROJO DE FIERRO CROMADO X 4 in LARGO',0,0,'B',15,112),
('438','RELAY TERMICO 12AMP 18AMP',0,0,'B',6,112),
('4380','CERROJOS DE FIERRO X 5 in',0,0,'B',15,112),
('4381','CERROJO DE ALUMINIO X 2  in',0,0,'B',15,112),
('4382','CERROJOS DE FIERRO X 3 1/2',0,0,'B',15,112),
('4383','CERROJO DE FIERRO CON TORNILLOS X 8 in ',0,0,'B',15,112),
('4384','CERROJO DE ALUMINIO X 5 in.',0,0,'B',15,112),
('4385','CERROJO DE ALUMINIO X 1 1/2 in',0,0,'B',15,112),
('4386','CERROJO DE ALUMINIO X 2 1/2 in',0,0,'B',15,112),
('4387','CERROJO X 3 in DE FIERRO DE 3/8 in',0,0,'B',15,112),
('4388','CERROJO DE FIERRO SISTEMA DE PRESION X 6 in ',0,0,'B',15,112),
('4389','CERROJO DE BRONCE  4 1/2 in',0,0,'B',15,112),
('439','RELAY TERMICO RANGO DE 40AMP. A 50AMP.',0,0,'B',6,112),
('4390','CERROJO DE BRONCE 18 in',0,0,'B',15,112),
('4391','CERROJO DE BRONCE  8 in',0,0,'B',15,112),
('4392','CERROJO DE FIERRO X 12 in',0,0,'B',15,112),
('4393','CERROJO DE FIERRO X 50 CM',0,0,'B',15,112),
('4394','CLAVO DE ACERO PARA GRAPAS DE ? in',0,0,'B',15,112),
('4395','TACHUELA N? 06 X 100 UNIDADES',0,0,'B',15,337),
('4396','TACHUELA N? 8 X 100 UNIDADES',0,0,'B',15,337),
('4397','CLAVO DE ACERO DE 30 MM',0,0,'B',15,112),
('4398','CLAVO DE ACERO DE 40 MM',0,0,'B',15,112),
('4399','CLAVOS DE ACERO GALVANIZADO DE 1 in',0,0,'B',15,339),
('44','ALAMBRE GALVANIZADO N? 12',0,0,'B',3,73),
('440','RELAY TERMICO DE 28 A 40 AMP',0,0,'B',6,112),
('4400','CLAVOS DE ACERO GALVANIZADO DE 2 in',0,0,'B',15,339),
('4401','CLAVOS DE ACERO GALVANIZADO DE 3 in',0,0,'B',15,128),
('4402','TACHUELA N? 03 X 100 UNIDADES',0,0,'B',15,337),
('4403','TACHUELA N? 10 X 100 UNIDADES',0,0,'B',15,337),
('4404','TACHUELA N? 4 X 100 UNDADES',0,0,'B',15,337),
('4405','CLAVO DE ACERO GALVANIZADO DE 1 1/2 in ',0,0,'B',15,112),
('4406','TACHUELA DE 3/4 in.',0,0,'B',15,128),
('4407','CLAVO DE ACERO 1 1/2 X 1/2 KG',0,0,'B',15,337),
('4408','CLAVO DE ACERO 3 in X 1/2 KG',0,0,'B',15,337),
('4409','CLAVO DE ACERO 4 in X 1/2 KG',0,0,'B',15,337),
('441','RELAY TERMICO 11 AMP A 16 AMP',0,0,'B',6,112),
('4410','CLAVO DE ACERO 2 in',0,0,'B',15,112),
('4411','CLAVO DE ACERO 4 in',0,0,'B',15,128),
('4412','CLAVO DE ACERO 1 in',0,0,'B',15,128),
('4413','CLAVO DE ACERO 3 in',0,0,'B',15,128),
('4414','CLAVO DE ACERO AZUL 50 MM X 25 MM',0,0,'B',15,112),
('4415','CLAVO FIERRO GALVANIZADO PARA MADERA C/CABEZA 4 in',0,0,'B',15,128),
('4416','GRAPA AISLANTE DE PVC 6 MM CHATO X 100 UNI',0,0,'B',15,335),
('4417','GRAPA AISLANTE DE PVC 8 MM REDONDO X 100 UNI',0,0,'B',15,335),
('4418','CLAVO DE FIERRO 2 in PARA ETERNIT',0,0,'B',15,128),
('4419','CLAVO DE ACERO GALVANIZADO  6 in',0,0,'B',15,112),
('442','RELAY TERMICO  9 A 13 AMP 220 V',0,0,'B',6,112),
('4420','CLAVO DE ACERO 2 1/2  in',0,0,'B',15,128),
('4421','CLAVO DE ACERO NEGRO 50 MM',0,0,'B',15,112),
('4422','CLAVO DE ACERO 1 in X 1/2 KG',0,0,'B',15,337),
('4423','CLAVO DE ACERO 2 in X 1/2 KG',0,0,'B',15,337),
('4424','CLAVO DE ACERO 3/4 in',0,0,'B',15,128),
('4425','CLAVO DE ACERO 2 1/2 in',0,0,'B',15,112),
('4426','CLAVO DE ACERO 1 1/2 in',0,0,'B',15,112),
('4427','CLAVO DE ACERO 1 1/4 in',0,0,'B',15,112),
('4428','CLAVO DE ACERO 1/2 in',0,0,'B',15,112),
('4429','CLAVO DE ACERO  1 in',0,0,'B',15,112),
('443','TAPONES P.V.C. DE 1/2 in MACHO',0,0,'B',6,112),
('4430','TACHUELA N? 2',0,0,'B',15,128),
('4431','GARRUCHA DE 50MM TIPO PIN C/ROSCA SKK BRAND HT-5OR',0,0,'B',15,112),
('4432','GARRUCHA TIPO PIN CON ROSCA DE 50 MM',0,0,'B',15,112),
('4433','GARRUCHA GIRATORIA DE 5 in C/ PIN Y FRENO P/ CAMILLA',0,0,'B',15,112),
('4434','GARRUCHA FIJA DE 4 in',0,0,'B',15,112),
('4435','GARRUCHA FIJA DE 5\'',0,0,'B',15,112),
('4436','GARRUCHA FIJA DE 6 in',0,0,'B',15,112),
('4437','GARRUCHA GIRATORIA 6 in PESADA',0,0,'B',15,112),
('4438','GARRUCHA GIRATORIA DE 2 in',0,0,'B',15,112),
('4439','GARRUCHA GIRATORIA DE 4 in',0,0,'B',15,112),
('444','TUBO DE COBRE DE 1 in X 6 MT',0,0,'B',6,112),
('4440','GARRUCHA GIRATORIA DE 6 in',0,0,'B',15,112),
('4441','GARRUCHA RUEDA GIRATORIA DE 8 in',0,0,'B',15,112),
('4442','GARRUCHA DE BOLA 1 1/2 in CON PERNO',0,0,'B',15,112),
('4443','GARRUCHA GIRATORIA DE 10 in C/FRENO',0,0,'B',15,112),
('4444','GARRUCHA GIRATORIA DE 10 in S/FRENO',0,0,'B',15,112),
('4445','GARRUCHA 2 in 1/4 CON ROSCA PARA CAMA CLINICA',0,0,'B',15,112),
('4446','GARRUCHA PESADA DE PLATAFORMA 5? X 4 UNI',0,0,'B',15,347),
('4447','ARANDELA PARA TORNILLO ESPONJOSO x 4.0 MM',0,0,'B',15,112),
('4448','ARANDELA PARA TORNILLO ESPONJOSO x 6.5 MM',0,0,'B',15,112),
('4449','FULMINANTE DE 22 MM. COLOR VERDE',0,0,'B',15,339),
('445','TUBO DE COBRE  1/2 in',0,0,'B',6,73),
('4450','GRAPA DE FIERRO GALVANIZADA PARA TUBO DE 5/8 DIAMETRO',0,0,'B',15,112),
('4451','GRAPA DE FIERRO NEGRO PARA TUBO DE 1/2 SIMPLE',0,0,'B',15,370),
('4452','ARANDELA CUADRADA PLANA DE ACERO GALVANIZADO 75X75X5 mm AGUJERO 18 mm DE DIAM.',0,0,'B',15,112),
('446','TUBO DE COBRE  1/4 in',0,0,'B',6,73),
('447','TERMOSTATO P/EQUIPO AIRE ACONDICIONADO D/2 ETAPAS, MCA. YORK, MOD. 2TH04701024',0,0,'B',6,112),
('448','MANGUERA PARA COMPRESORA DE AIRE',0,0,'B',6,73),
('449','RESISTENCIA ELECTRICA DE 320 W PARA REFRIGERADORA',0,0,'B',6,112),
('45','ALAMBRE GALVANIZADO  N? 14',0,0,'B',3,128),
('450','RESISTENCIA ELECTRICA BLINDADA PARA REFRIGERADORA 320 W',0,0,'B',6,112),
('451','RESISTENCIA ELECTRICA DE 4 ETAPAS DE 4KW 220V 3F 60HZ',0,0,'B',6,112),
('452','BALON DE GAS PROPANO DE 16.4 ONZAS',0,0,'B',6,112),
('453','FILTRO DE AIRE SINTETICO AZUL P/EQUIPO DE AIRE ACONDICIONADO, MED. 1 in X 60 in ',0,0,'B',6,112),
('454','FILTRO PARA COMPRENSORA DE VENTILADOR VOLUMETRICO',0,0,'B',6,112),
('455','FILTRO DE AIRE PARA EQUIPO DE AIRE ACONDICIONADO ',0,0,'B',6,112),
('456','CONTROL REMOTO PARA EQUIPO DE AIRE ACONDICIONADO GOODMAN',0,0,'B',6,112),
('457','CONTROL REMOTO PARA EQUIPO DE AIRE ACONDICIONADO SPEED',0,0,'B',6,112),
('458','BALDOSA ACUSTICA DE FIBRA MINERAL 0.61 M X 1.22 M X 15.9 MM X 16 UNI',0,0,'B',7,337),
('459','BALDOSA DE FIBRA MINERAL DE 5/8 in X 2 in X 2 in',0,0,'B',7,112),
('46','ALAMBRE GALVANIZADO N? 16',0,0,'B',3,128),
('460','POLIESTIRENO EXPANDIDO 22 X 22 X 7.5 CM',0,0,'B',7,112),
('461','POLIESTIRENO EXPANDIDO 22 X 26 X 8 CM',0,0,'B',7,112),
('462','POLIESTIRENO EXPANDIDO 26 CM X 26 CM X 7.5 CM',0,0,'B',7,112),
('463','POLIESTIRENO EXPANDIDO 6MM. X 1.20 X 2.40 MTS.',0,0,'B',7,112),
('464','POLIESTIRENO EXPANDIDO 60 X 80 CMTS DE 25 MM',0,0,'B',7,112),
('465','POLIESTIRENO EXPANDIDO DE 1/2 in X 2.40 m X 1.20 m',0,0,'B',7,112),
('466','POLIESTIRENO EXPANDIDO DE 2 in X 1.20 m X 2.40 m',0,0,'B',7,112),
('467','PLANCHA DE POLIPROPILENO DE 4 mm',0,0,'B',7,412),
('468','PLANCHA DE POLIPROPILENO DE 5 mm',0,0,'B',7,412),
('469','PLANCHA DE POLIPROPILENO DE 2.7 mm X 3.05 m X 1.10 m',0,0,'B',7,112),
('47','ALAMBRE GALVANIZADO N? 8',0,0,'B',3,128),
('470','MALLA DE PLASTICO DE 4 m X 100 m',0,0,'B',7,112),
('471','TUBO TERMOCONTRAIBLE DE 10 mm X 1.20 m',0,0,'B',7,112),
('472','MALLA DE PLASTICO DE 1 m X 20 m',0,0,'B',7,112),
('473','BAQUELITA DE 6 cm DE DIAMETRO X 1.5 m DE LARGO',0,0,'B',7,112),
('474','UNION TERMOCONTRAIBLE DE 3 in X 18 in',0,0,'B',7,112),
('475','MANGA TERMOCONTRAIBLE DE 2.5 mm',0,0,'B',7,73),
('476','MANGA TERMOCONTRAIBLE DE 5 mm',0,0,'B',7,73),
('477','MANGA TERMOCONTRAIBLE DE 10 mm',0,0,'B',7,73),
('478','MANGA TERMOCONTRAIBLE DE 15 mm',0,0,'B',7,73),
('479','TUBO TERMOCONTRAIBLE DE 35 mm X 80 cm',0,0,'B',7,112),
('48','ALAMBRE GALVANIZADO N? 18',0,0,'B',3,128),
('480','TUBO TERMOCONTRAIBLE DE 35 mm X 1.00 m',0,0,'B',7,112),
('481','TUBO TERMOCONTRAIBLE DE 35 mm X 3.00 m',0,0,'B',7,112),
('482','TUBO TERMOCONTRAIBLE DE 70 mm X 1.00 m',0,0,'B',7,112),
('483','CAPUCHON TERMOCONTRAIBLE 185 mm2',0,0,'B',7,73),
('484','CAPUCHON TERMOCONTRAIBLE 10 mm2',0,0,'B',7,73),
('485','CAPUCHON TERMOCONTRAIBLE 120 mm2',0,0,'B',7,73),
('486','CAPUCHON TERMOCONTRAIBLE 150 mm2',0,0,'B',7,73),
('487','CAPUCHON TERMOCONTRAIBLE 16 mm2',0,0,'B',7,73),
('488','CAPUCHON TERMOCONTRAIBLE 25 mm2',0,0,'B',7,73),
('489','CAPUCHON TERMOCONTRAIBLE 35 mm2',0,0,'B',7,73),
('49','ALAMBRE GALVANIZADO N? 10',0,0,'B',3,128),
('490','CAPUCHON TERMOCONTRAIBLE 50 mm2',0,0,'B',7,73),
('491','CAPUCHON TERMOCONTRAIBLE 70 mm2',0,0,'B',7,73),
('492','CAPUCHON TERMOCONTRAIBLE 4 mm2',0,0,'B',7,73),
('493','CAPUCHON TERMOCONTRAIBLE 6 mm2',0,0,'B',7,73),
('494','MANGA TERMOCONTRAIBLE DE 10 mm2',0,0,'B',7,73),
('495','MANGA TERMOCONTRAIBLE DE 150 mm2',0,0,'B',7,73),
('496','MANGA TERMOCONTRAIBLE DE 16 mm2',0,0,'B',7,73),
('497','MANGA TERMOCONTRAIBLE DE 240 mm2',0,0,'B',7,73),
('498','MANGA TERMOCONTRAIBLE DE 25 mm2',0,0,'B',7,73),
('499','MANGA TERMOCONTRAIBLE DE 35 mm2',0,0,'B',7,73),
('5','BROCA PARA MADERA 1/16',0,0,'B',2,112),
('50','ALAMBRE GALVANIZADO N? 22',0,0,'B',3,128),
('500','MANGA TERMOCONTRAIBLE DE 4 mm2',0,0,'B',7,73),
('501','MANGA TERMOCONTRAIBLE DE 50 mm2',0,0,'B',7,73),
('502','MANGA TERMOCONTRAIBLE DE 6 mm2',0,0,'B',7,73),
('503','MANGA TERMOCONTRAIBLE DE 70 mm2',0,0,'B',7,73),
('504','MANGA TERMOCONTRAIBLE DE 95 mm2',0,0,'B',7,73),
('505','MANGA TERMOCONTRAIBLE DE 185 mm2',0,0,'B',7,73),
('506','CINTA TEFLON DE 1/2 in X 100 m',0,0,'B',7,112),
('507','CINTA TEFLON DE 1/2 in X 8 m',0,0,'B',7,112),
('508','CINTA TEFLON DE 1/2 in X 6 m',0,0,'B',7,112),
('509','CINTA TEFLON DE 1/2 in X 30 m',0,0,'B',7,112),
('51','ALAMBRE DE FIERRO GALVANIZADO 12/16 in',0,0,'B',3,128),
('510','ESPUMA DE POLIURETANO DE 2.4 m X 1.2 m X 2 in',0,0,'B',7,112),
('511','ESPUMA DE POLIURETANO DE 1 in X 2.00 m X 1.00 m',0,0,'B',7,112),
('512','ESPUMA DE POLIURETANO DE 2 in X 2 m X 1 m',0,0,'B',7,112),
('513','CINTA AISLANTE DE 19 mm X 18 m',0,0,'B',7,112),
('514','CINTA AISLANTE VULCANIZABLE DE 19 mm X 10 m',0,0,'B',7,112),
('515','FILTRO DE ACEITE COD. REF. 7C4716 ',0,0,'B',7,112),
('516','FILTRO DE ACEITE COD. REF. 4P5500 ',0,0,'B',7,112),
('517','FILTRO DE ACEITE CO. REF. 1R-0739 PARA VOLQUETE',0,0,'B',7,112),
('518','FILTRO ACEITE PARA GRUPO ELECTROGENO MARCA RD MODELO RVM 228 DERIVACION BY PASS ',0,0,'B',7,112),
('519','FILTRO DE ACEITE COD. REF. 4N5834 PARA MOTOR CATERPILLAR 3512',0,0,'B',7,112),
('52','ALAMBRE ACERADO GALVANIZADO 2.50 ml',0,0,'B',3,128),
('520','FILTRO DE ACEITE COD. REF. 3P0650 PARA GRUPO ELECTROGENO CATERPILLAR 3406B',0,0,'B',7,112),
('521','FILTRO DE ACEITE COD. REF. 1R0750 PARA MOTOR CATERPILLAR 3512',0,0,'B',7,112),
('522','FILTRO DE ACEITE COD REF. 1R0716 PARA TRACTOR DE ORUGA CATERPILLAR D8BR-97',0,0,'B',7,112),
('523','FILTRO DE ACEITE COD REF. A.000180.11.09 PARA CAMION MERCEDES BENZ LK 2635/40 6x',0,0,'B',7,112),
('524','FILTRO DE ACEITE COD. REF. 1R0716 PARA CAMION KENWORTH T800',0,0,'B',7,112),
('525','FILTRO DE ACEITE HIDRAULICO DE SIST. D DIRECCION COD. REF. 1212350110 P/CAMIONET',0,0,'B',7,112),
('526','FILTRO DE ACEITE DE MOTOR COD. REF. 1R0735 PARA TRACTOR DE ORUGA CATERPILLAR D8B',0,0,'B',7,112),
('527','FILTRO DE ACEITE DE DIRECCION COD. REF. F0HZ3C602A PARA CAMION VOLQUETE FORD LNT',0,0,'B',7,112),
('528','FILTRO SEPARADOR DE ACEITE COD. REF. 1616283600 DE COMPRESORA XA 160 PTD ATLAS C',0,0,'B',7,112),
('529','ELEMENTO DEL FILTRO DE ACEITE COD. REF. 481034 PARA PAVIMENTADORA BITELLI BB642',0,0,'B',7,112),
('53','ALAMBRE DE PUAS DE FIERRO GALVANIZADO N? 12',0,0,'B',3,73),
('530','ELEMENTO DE FILTRO DE ACEITE DE MOTOR COD. REF. 15607-1560 PARA CAMION VOLQUETE ',0,0,'B',7,112),
('531','FILTRO SEPARADOR DE ACEITE COD. REF.1616283600 PARA COMPRESORA XA 160 PTD ATLAS ',0,0,'B',7,112),
('532','FILTRO DE ACEITE COD.REF. 424-16-11140 PARA CARGADOR FRONTAL KOMATSU WA180-1 ',0,0,'B',7,112),
('533','FILTRO DE ACEITE ELEMENTO COD.REF. 600-181-8300 PARA EXCAVADORA KOMATSU PC-200-5',0,0,'B',7,112),
('534','FILTRO DE ACEITE COD.REF. 600-211-6243 PARA EXCAVADORA KOMATSU PW100-3',0,0,'B',7,112),
('535','FILTRO DE ACEITE COD.REF. 78989 PARA RODILLO VIBRATORIO HIDROSTATICO WACKER RD88',0,0,'B',7,112),
('536','FILTRO DE ACEITE ELEMENTO COD.REF. 07063-010-54 PARA TRACTOR KOMATSU D83E-1',0,0,'B',7,112),
('537','FILTRO DE ACEITE COD.REF. 07063-01210 PARA TRACTOR KOMATSU D85A-21',0,0,'B',7,112),
('538','FILTRO DE ACEITE COD. REF. 17549-11580 PARA TRACTOR KOMATSU D85A-21 ',0,0,'B',7,112),
('539','FILTRO DE ACEITE COD.REF. 281-16-11290 PARA TRACTOR KOMATSU D85A-21',0,0,'B',7,112),
('54','ANGULO DE ACERO X 1 in X 1/8 in X 6 M ',0,0,'B',3,112),
('540','ELEMENTO DE FILTRO DE ACEITE PARA CAMIONETA',0,0,'B',7,112),
('541','FILTRO DE ACEITE COD.REF. 478736 PARA GRUPO ELECTROGENO VOLVO PENTA MARATHON',0,0,'B',7,112),
('542','FILTRO DE ACEITE COD. REF. 1R-0714/FCO-505/ LF-3328/P-556007 PARA TRACTOR CARTEP',0,0,'B',7,112),
('543','FILTRO DE ACEITE COD. REF. 35861 82630 PARA TRACTOR KUBOTA M 5030 DT-20240',0,0,'B',7,112),
('544','FILTRO DE ACEITE COD. REF. 4N-5823 PARA TRACTOR ORUGA CARTEPILLAR D7G',0,0,'B',7,112),
('545','FILTRO DE ACEITE COD. REF. 720 68 1192 PARA EXCAVADORA KOMATSU PC-200-50',0,0,'B',7,112),
('546','FILTRO DE ACEITE HIDRAULICO COD. REF. 1930720 PARA TRACTOR CATERPILLAR D4-H',0,0,'B',7,112),
('547','FILTRO DE ACEITE COD. REF. 15208-Z9007/LF-3436/P-550073 PARA VOLQUETE NISSAN CWB',0,0,'B',7,112),
('548','ELEMENTO FILTRANTE DE ACEITE COD. REF. 424-16-11140 PARA CARGADOR FRONTAL KOMATS',0,0,'B',7,112),
('549','ELEMENTO FILTRANTE DE ACEITE COD. REF. 15274-99289 PARA CAMION CISTERNA NISSAN C',0,0,'B',7,112),
('55','ANGULO DE ACERO X 11/2 in X 3/16 in X 6 M',0,0,'B',3,112),
('550','FILTRO DE ACEITE DE DIRECCION HIDRAULICO COD. REF. 281-16-11290 PARA TRACTOR DE ',0,0,'B',7,112),
('551','FILTRO DE ACEITE HIDRAULICO COD. REF. 481034 PARA RODILLO NEUMATICO BITELLI RG21',0,0,'B',7,112),
('552','FILTRO DE ACEITE HIDRAULICO COD. REF. 481034 PARA RODILLO TANDEM VIBRATORIO BITE',0,0,'B',7,112),
('553','FILTRO DE ACEITE COD. REF. 76028203-4 PARA CARGADOR FRONTAL FIAT ALLIS FR-180-2',0,0,'B',7,112),
('554','FILTRO DE ACEITE COD. REF. 1R-0716 PARA TRACTOR ORUGA CATERPILLAR D7R II',0,0,'B',7,112),
('555','FILTRO DE ACEITE HIDRAULICO COD. REF. 034391T1 PARA TRACTOR AGRICOLA MASSEY FERG',0,0,'B',7,112),
('556','FILTRO DE ACEITE HIDRAULICO COD. REF. 5171457 PARA TRACTOR AGRICOLA NEW HOLLAND ',0,0,'B',7,112),
('557','FILTRO DE ACEITE PARA SISTEMA DE TRANSMISION COD. REF. 4241611140 DE TRACTOR BUL',0,0,'B',7,112),
('558','FILTRO DE ACEITE COD. REF. 1520831U00 PARA CAMIONETA NISSAN FRONTIER',0,0,'B',7,112),
('559','FILTRO DE ACEITE PARA MOTOR COD. REF. 75285999 DE MOTONIVELADORA FIAT ALLIS FG-7',0,0,'B',7,112),
('56','ANGULO DE ACERO ESTRUCTURAL ASTM A36 1 1/2 in X 1 1/2 in X 1/4 in X 20 PIES LARG',0,0,'B',3,112),
('560','FILTRO DE ACEITE PARA MOTOR COD. REF. V477556 DE CAMION VOLQUETE VOLVO WG-64',0,0,'B',7,112),
('561','FILTRO DE ACEITE CONVERTIDOR COD. REF. 1281327H1 PARA MOTONIVELADORA KOMATSU GD-',0,0,'B',7,112),
('562','FILTRO DE ACEITE DIFERENCIAL COD. REF. 1266751H2 PARA MOTONIVELADORA KOMATSU GD-',0,0,'B',7,112),
('563','FILTRO DE ACEITE PARA MOTOR COD.REF. 1R-1807 PARA MOTONIVELADORA CATERPILLAR 140',0,0,'B',7,112),
('564','FILTRO DE ACEITE  PARA MOTOR COD.REF. 1R-1807 PARA MOTONIVELADORA CATERPILLAR 14',0,0,'B',7,112),
('565','FILTRO DE ACEITE HIDRAULICO COD. REF. 1R-0774 PARA MOTONIVELADORA CATERPILLAR 14',0,0,'B',7,112),
('566','FILTRO DE ACEITE HIDRAULICO  COD. REF. AT308274 PARA RETROEXCAVADORA JOHN DEERE ',0,0,'B',7,112),
('567','FILTRO DE ACEITE COD. REF 1R-0739 PARA MOTONIVELADORA CATERPILLAR  120G',0,0,'B',7,112),
('568','FILTRO DE ACEITE PARA MOTOR COD. REF. 1902465 PARA GRUPO ELECTROGENO',0,0,'B',7,112),
('569','FILTRO DE ACEITE COD. REF. 1R-0751 PARA VOLQUETE',0,0,'B',7,112),
('57','ANGULO DE ACERO ESTRUCTURAL ASTM A36 2 in X 2 in X 1/4 in X 20 PIES LARGO',0,0,'B',3,112),
('570','FILTRO HIDRAULICO COD. REF. 87519452 PARA CARGADOR FRONTAL NEW HOLLAND W190B',0,0,'B',7,112),
('571','FILTRO DE ACEITE COD. REF. 1770A053 PARA CAMIONETA MITSUBISHI',0,0,'B',7,112),
('572','FILTRO DE ACEITE COD. REF. AT140030 PARA CARGADOR FRONTAL JOHN DEERE',0,0,'B',7,112),
('573','FILTRO DE ACEITE COD. REF. 1R0739 PARA MOTOR PETROLERO PARA CARGADOR FRONTAL 938',0,0,'B',7,112),
('574','FILTRO DE ACEITE COD. REF. T19044',0,0,'B',7,112),
('575','FILTRO DE ACEITE COD. REF. 1527499289',0,0,'B',7,112),
('576','FILTRO DE ACEITE COD. REF. 1527499386',0,0,'B',7,112),
('577','FILTRO DE ACEITE COD. REF. 466634-3',0,0,'B',7,112),
('578','FILTRO DE ACEITE COD. REF. 15208W1190',0,0,'B',7,112),
('579','FILTRO DE ACEITE COD. REF. 6004111150',0,0,'B',7,112),
('58','ANGULO DE ACERO ESTRUCTURAL ASTM A36. 3 in X 3 in X 1/4 in X 20 PIES LARGO',0,0,'B',3,112),
('580','FILTRO DE AIRE PARA CAMIONETA TOYOTA HILUX',0,0,'B',7,112),
('581','FILTRO DE AIRE COD. REF. 16546-VO193 PARA CAMIONETA NISSAN PATHFINDER',0,0,'B',7,112),
('582','FILTRO DE AIRE COD. REF. 4N0015  PARA GRUPO ELECTROGENO CATERPILLAR 3406B',0,0,'B',7,112),
('583','ELEMENTO DE FILTRO DE ACEITE HIDRAULICO COD. REF. 773492 PARA RODILLO NEUMATICO ',0,0,'B',7,112),
('584','ELEMENTO DE FILTRO DE AIRE COD. REF. 07063 01210 PARA EXCAVADORA KOMATSU PC-200-',0,0,'B',7,112),
('585','ELEMENTO DE FILTRO DE AIRE COD. REF. 9M 2341 PARA TRACTOR ORUGA CATERPILLAR D7G',0,0,'B',7,112),
('586','ELEMENTO DE FILTRO DE AIRE COD. REF. 9M 9740 PARA TRACTOR CATERPILLAR D4-H',0,0,'B',7,112),
('587','ELEMENTO DE FILTRO DE AIRE COD. REF. 16444 Z9027 PARA VOLQUETE NISSAN CWB450HDLA',0,0,'B',7,112),
('588','FILTRO DE AIRE COD. REF. 600-181-8360/AF-804M/P-119375 PARA CARGADOR FRONTAL KOM',0,0,'B',7,112),
('589','FILTRO DE AIRE COD. REF. 70662609 PARA EXCAVADORA FIAT ALLIS FH-200',0,0,'B',7,112),
('59','ANGULO DE ACERO ESTRUCTURAL ASTM A36  3 in X 3 in X 3/8 in X 20 PIES LARGO',0,0,'B',3,112),
('590','FILTRO DE AIRE PRIMARIO COD. REF. 481281 PARA RODILLO NEUMATICO BITELLI RG217',0,0,'B',7,112),
('591','FILTRO DE AIRE COD. REF. 70684733 PARA TRACTOR ORUGA FIAT ALLIS FR 14C-T',0,0,'B',7,112),
('592','FILTRO DE AIRE COD. REF. 6I-0274 PARA TRACTOR ORUGA CATERPILLAR D7R',0,0,'B',7,112),
('593','FILTRO DE AIRE PRIMARIO COD. REF. 1930605 PARA TRACTOR AGRICOLA NEW HOLLAND TL 9',0,0,'B',7,112),
('594','FILTRO DE AIRE PRIMARIO COD. REF. 6888848-6 PARA CAMION VOLQUETE VOLVO NL-10',0,0,'B',7,112),
('595','FILTRO DE AIRE PRIMARIO COD. REF. 6I0273 PARA TRACTOR ORUGA CATERPILLAR D6G',0,0,'B',7,112),
('596','FILTRO DE AIRE PRIMARIO COD. REF. V6888848 PARA CAMION VOLQUETE VOLVO WG-64',0,0,'B',7,112),
('597','FILTRO DE AIRE SECUNDARIO COD. REF. 6888857-7 PARA CAMION VOLQUETE VOLVO NL-10',0,0,'B',7,112),
('598','FILTRO DE AIRE SECUNDARIO COD. REF. 6I0274 PARA TRACTOR ORUGA CATERPILLAR D6G',0,0,'B',7,112),
('599','FILTRO DE AIRE SECUNDARIO COD. REF. V6888857 PARA CAMION VOLQUETE VOLVO WG-64',0,0,'B',7,112),
('6','BROCA PARA CEMENTO CON PUNTA DE DIAMENTE 1/4 in ',0,0,'B',2,112),
('60','ALCANTARILLA DE ACERO DE 1.80 mm X 24 in',0,0,'B',3,73),
('600','FILTRO DE AIRE PRIMARIO COD. REF. 1298058H1 PARA MOTONIVELADORA KOMATSU GD-530A',0,0,'B',7,112),
('601','FILTRO DE AIRE SECUNDARIO COD. REF. 1298059H1 PARA MOTONIVELADORA KOMATSU GD-530',0,0,'B',7,112),
('602','ELEMENTO DE FILTRO DE CARTON METAL.COD.REF.76028203 P/SIST.DE FRENO DE CARGA.FRO',0,0,'B',7,112),
('603','FILTRO DE AIRE COD. REF. 600-181-6820 PARA EXCAVADORA KOMATSU PW210',0,0,'B',7,112),
('604','FILTRO DE AIRE COD. REF. 600-181-6740 PARA CARGADOR FRONTAL KOMATSU WA-320',0,0,'B',7,112),
('605','FILTRO DE AIRE PRIMARIO COD. REF. 6I-2502 PARA TRACTOR ORUGA CATERPILLAR D6NXL',0,0,'B',7,112),
('606','FILTRO DE AIRE SECUNDARIO COD. REF. 6I-2501 PARA TRACTOR ORUGA CATERPILLAR D6NXL',0,0,'B',7,112),
('607','ELEMENTO DE FILTRO DE AIRE COD. REF. 6I2502 PARA CARGADOR FRONTAL 938 G CATERPIL',0,0,'B',7,112),
('608','FILTRO DE AIRE SECUNDARIO COD. REF. 600-181-6050 PARA EXCAVADORA KOMATSU PC200',0,0,'B',7,112),
('609','FILTRO DE AIRE COD. REF. 2S1286',0,0,'B',7,112),
('61','ALCANTARILLA DE ACERO DE 2.00 mm X 36 in',0,0,'B',3,73),
('610','FILTRO DE AIRE COD. REF. 4M9334',0,0,'B',7,112),
('611','FILTRO DE AIRE COD. REF. 1P7360',0,0,'B',7,112),
('612','FILTRO DE AIRE COD. REF. 6888848',0,0,'B',7,112),
('613','FILTRO DE AIRE COD. REF. 6888857',0,0,'B',7,112),
('614','FILTRO DE AIRE COD. REF. 70662609',0,0,'B',7,112),
('615','FILTRO DE AIRE COD. REF. A3880947004',0,0,'B',7,112),
('616','FILTRO DE AIRE COD. REF. 1644497001',0,0,'B',7,112),
('617','FILTRO DE COMBUSTIBLE COD. REF. 23300-75020 PARA CAMIONETA TOYOTA',0,0,'B',7,112),
('618','FILTRO DE GASOLINA COD. REF. 16400-41B1A PARA CAMIONETA NISSAN FIERA',0,0,'B',7,112),
('619','FILTRO DE GASOLINA COD. REF. 23300-62040 ',0,0,'B',7,112),
('62','ALCANTARILLA DE ACERO DE 3.00 mm X 60 in',0,0,'B',3,73),
('620','FILTRO DE GASOLINA COD. REF. 23300-79525 PARA CAMIONETA TOYOTA RAV',0,0,'B',7,112),
('621','FILTRO DE GASOLINA COD. REF. 16400-41B05 PARA CAMIONETA TOYOTA RAV',0,0,'B',7,112),
('622','FILTRO DE GASOLINA COD. REF. 2330075090 ',0,0,'B',7,112),
('623','FILTRO DE GASOLINA COD. REF. 23300-69045 ',0,0,'B',7,112),
('624','FILTRO DE GASOLINA COD. REF. 23300-19285 PARA CAMIONETA TOYOTA RAV',0,0,'B',7,112),
('625','FILTRO DE GASOLINA COD. REF. 23301-75020 ',0,0,'B',7,112),
('626','FILTRO DE PETROLEO COD. REF. 31973-440001 PARA CAMIONETA MITSUBISHI RURAL',0,0,'B',7,112),
('627','FILTRO DE GASOLINA COD. REF. 16400-0W010 PARA CAMIONETA NISSAN PATHFINDER',0,0,'B',7,112),
('628','FILTRO DE PETROLEO COD. REF. 1R0749 PARA GRUPO ELECTROGENO CATERPILLAR',0,0,'B',7,112),
('629','FILTRO DE GASOLINA COD. REF. 1R0749 PARA TRACTOR DE ORUGA CATERPILLAR D8BR-97',0,0,'B',7,112),
('63','ALCANTARILLA DE ACERO DE 2.50 mm X 48 in',0,0,'B',3,73),
('630','FILTRO DE PETROLEO COD. REF. 194199A1 PARA CARGADOR FRONTAL CASE 821B',0,0,'B',7,112),
('631','FILTRO DE PETROLEO COD. REF. 6732-71-6120 PARA CARGADOR FRONTAL KOMATSU  WA320-3',0,0,'B',7,112),
('632','FILTRO DE COMBUSTIBLE COD. REF. 1R0749 PARA CAMION KENWORTH T800',0,0,'B',7,112),
('633','FILTRO DE COMBUSTIBLE DE MOTOR COD. REF. 6003118291 PARA TRACTOR DE ORUGA KOMATS',0,0,'B',7,112),
('634','PREFILTRO DE PETROLEO PARA CAMIONETA',0,0,'B',7,112),
('635','FILTRO DE COMBUSTIBLE COD. REF. F3HZ9365E PARA CAMION VOLQUETE FORD LNT8000',0,0,'B',7,112),
('636','FILTRO DE PETROLEO SECUNDARIO COD. REF. FS1280 PARA VOLQUETE HINO',0,0,'B',7,112),
('637','FILTRO DE PETROLEO COD. REF. 6732716120 PARA MOTOR DE MOTONIVELADORA KOMATSU GD ',0,0,'B',7,112),
('638','FILTRO DE PETROLEO COD. REF. RE62418 PARA MOTOR JOHN DEERE 510D',0,0,'B',7,112),
('639','FILTRO COMBUSTIBLE COD. REF. 225059 PARA PAVIMENTADORA DE ASFALTO SOBRE RUEDAS B',0,0,'B',7,112),
('64','PANCHA DE ACERO INOXIDABLE DE 1/16 in X 2.40 X 1.20 M',0,0,'B',3,112),
('640','FILTRO COMBUSTIBLE COD. REF. 23401-1150 PARA CAMION VOLQUETE HINO FS331SD',0,0,'B',7,112),
('641','FILTRO DE PETROLEO COD. REF. 751-18100 PARA MOTOR DIESEL',0,0,'B',7,112),
('642','FILTRO DE PETROLEO COD.REF. 600-211-6240 PARA CARGADOR FRONTAL KOMATSU WA180-1',0,0,'B',7,112),
('643','FILTRO DE PETROLEO COD.REF. 6136-51-5120 PARA COMPRENSORA KOMATSU EC210Z-1',0,0,'B',7,112),
('644','FILTRO DE PETROLEO COD.REF. 600-211-5241 PARA EXCAVADORA KOMATSU PC-200-5',0,0,'B',7,112),
('645','FILTRO DE PETROLEO COD.REF. RE-62420 PARA GRUPO ELECTROGENO JHON DEERE DIM-20-69',0,0,'B',7,112),
('646','FILTRO DE PETROLEO COD.REF. 600-211-1230 PARA TRACTOR KOMATSU D83E-1',0,0,'B',7,112),
('647','FILTRO DE PETROLEO COD.REF. 600-411-1150 PARA TRACTOR KOMATSU D83E-1',0,0,'B',7,112),
('648','ELEMENTO DE FILTRO PRIMARIO DE COMBUSTIBLE COD. REF. 9M-2341 PARA TRACTOR CATERP',0,0,'B',7,112),
('649','FILTRO DE GASOLINA COD. REF. 16400V2700/FF-5180/GF-11B PARA CAMIONETA NISSAN PAT',0,0,'B',7,112),
('65','PLANCHA DE ACERO ESTRUCTURAL LAMINADA EN CALIENTE 6 m X 1.52 m X 5 mm',0,0,'B',3,112),
('650','FILTRO DE PETROLEO COD. REF. 15274-99128 PARA VOLQUETE NISSAN CWB450HDLA',0,0,'B',7,112),
('651','FILTRO DE PETROLEO COD. REF. 1R-0749 PARA TRACTOR CARTEPILLAR D-4',0,0,'B',7,112),
('652','FILTRO DE COMBUSTIBLE COD. REF. 326-1642 PARA TRACTOR ORUGA CATERPILLAR D7R II',0,0,'B',7,112),
('653','FILTRO DE COMBUSTIBLE COD. REF. 1R-0749 PARA TRACTOR ORUGA CATERPILLAR D7R II',0,0,'B',7,112),
('654','FILTRO DE COMBUSTIBLE COD. REF. 600-319-3610 PARA TRACTOR ORUGA KOMATSU D61 EX-1',0,0,'B',7,112),
('655','FILTRO DE COMBUSTIBLE COD. REF. 6754-796140 PARA TRACTOR ORUGA KOMATSU D61EX-15',0,0,'B',7,112),
('656','FILTRO DE PETROLEO COD. REF. 326-1644 PARA RODILLO CATERPILLAR CS56',0,0,'B',7,112),
('657','FILTRO DE PETROLEO COD. REF. 299-8229 PARA RODILLO CATERPILLAR CS56',0,0,'B',7,112),
('658','FILTRO DE COMBUSTIBLE COD. REF. 600-319-3610 PARA MOTONIVELADORA KOMATSU GD655-3',0,0,'B',7,112),
('659','FILTRO DE COMBUSTIBLE COD. REF. 87435525 PARA CARGADOR FRONTAL NEW HOLLAND W190B',0,0,'B',7,112),
('66','PLATINA DE ACERO LIVIANO 1/8 x 1 1/2 x 6 M',0,0,'B',3,112),
('660','FILTRO DE PETROLEO COD. REF. 16405-01TOA PARA CAMIONETA NISSAN NAVARRA',0,0,'B',7,112),
('661','FILTRO DE COMBUSTIBLE COD. REF. A3760927301KZ ',0,0,'B',7,112),
('662','FILTRO DE COMBUSTIBLE COD. REF. A5410920503 PARA OMNIBUS MERCEDES BENZ O-500',0,0,'B',7,112),
('663','FILTRO DE COMBUSTIBLE COD. REF. A9794770015 KZ PARA OMNIBUS MERCEDES BENZ 1521',0,0,'B',7,112),
('664','FILTRO DE COMBUSTIBLE COD. REF. 1930581 PARA TRACTOR AGRICOLA NEW HOLLAND TL 95E',0,0,'B',7,112),
('665','FILTRO DE COMBUSTIBLE COD. REF. 3843760 PARA MOTOR CUMMINS 6CT8.3',0,0,'B',7,112),
('666','FILTRO DE COMBUSTIBLE COD. REF. 1R-0770 PARA RODILLO CATERPILLAR CS56',0,0,'B',7,112),
('667','FILTRO DE COMBUSTIBLE PRIMARIO COD. REF. 186-5814 PARA TRACTOR ORUGA CATERPILLAR',0,0,'B',7,112),
('668','FILTRO DE GASOLINA COD. REF. 2330034100 ',0,0,'B',7,112),
('669','FILTRO DE COMBUSTIBLE PRIMARIO COD. REF. 600-311-9700 PARA TRACTOR ORUGA KOMATSU',0,0,'B',7,112),
('67','PLATINA DE ACERO 1/8 X 1X 6M',0,0,'B',3,112),
('670','FILTRO DE COMBUSTIBLE PRIMARIO COD. REF. 6754-79-6140 PARA MOTONIVELADORA KOMATS',0,0,'B',7,112),
('671','FILTRO DE COMBUSTIBLE PRIMARIO COD. REF. 87803187 PARA TRACTOR AGRICOLA NEW HOLL',0,0,'B',7,112),
('672','FILTRO DE COMBUSTIBLE SECUNDARIO COD. 75208274 PARA MOTONIVELADORA FIAT ALLIS FG',0,0,'B',7,112),
('673','FILTRO DE PETROLEO COD. REF. 1R0751 ',0,0,'B',7,112),
('674','FILTRO DE PETROLEO COD. REF. 40040300022 ',0,0,'B',7,112),
('675','FILTRO DE COMBUSTIBLE PRIMARIO COD.  REF. 6732716120 PARA MOTONIVELADORA KOMATSU',0,0,'B',7,112),
('676','FILTRO DE COMBUSTIBLE SECUNDARIO COD. REF.  6732716110 PARA MOTONIVELADORA KOMAT',0,0,'B',7,112),
('677','FILTRO DE PETROLEO COD. REF. 1R0746 PARA GRUPO ELECTROGENO CATERPILLAR',0,0,'B',7,112),
('678','FILTRO DE PETROLEO PARA MOTOR CATERPILLAR COD. REF. 1R-0746',0,0,'B',7,112),
('679','FILTRO DE COMBUSTIBLE COD. REF. RE509031 PARA RETROEXCAVADORA JOHN DEERE 310-SJ',0,0,'B',7,112),
('68','BARRA DE BRONCE X 5/8 in X 2 M',0,0,'B',3,112),
('680','PRE FILTRO DE COMBUSTIBLE COD. REF. 2914807100 PARA MOTOR D/COMPRESORA ATLAS COP',0,0,'B',7,112),
('681','FILTRO DE COMBUSTIBLE COD. REF. 2900068700 PARA MOTOR DE COMPRESORA ATLAS COPCO ',0,0,'B',7,112),
('682','FILTRO DE COMBUSTIBLE PRIMARIO - SEPARADOR COD. REF. 326-1644 P/MOTONIVELADORA C',0,0,'B',7,112),
('683','FILTRO DE COMBUSTIBLE SECUNDARIO COD. REF. 1R-0762 P/MOTONIVELADORA CATERPILLAR ',0,0,'B',7,112),
('684','FILTRO DE PETROLEO COD. REF. 31973-440001 PARA CAMIONETA MITSUBISHI MONTERO A?O ',0,0,'B',7,112),
('685','FILTRO DE PETROLEO COD. REF. 16405-02N0A PARA CAMIONETA NISSAN FIERA',0,0,'B',7,112),
('686','FILTRO DE PETROLEO COD. REF 1R0750 PARA MOTONIVELADORA CATERPILLAR   120G',0,0,'B',7,112),
('687','FILTRO DE PETROLEO COD. REF. 31973-440001 PARA CAMIONETA HYUNDAI H1',0,0,'B',7,112),
('688','FILTRO PRIMARIO DE COMBUSTIBLE COD. REF. 326-1644 PARA TRACTOR ORUGA CATERPILLAR',0,0,'B',7,112),
('689','FILTRO SECUNDARIO DE COMBUSTIBLE COD. REF. 1R-0762 PARA TRACTOR ORUGA CATERPILLA',0,0,'B',7,112),
('69','PLANCHA DE FIERRO NEGRO DE 1/4 in X 0.20 X 1.20 M',0,0,'B',3,112),
('690','FILTRO DE PETROLEO COD. REF. 1R0753 PARA CARGADOR FRONTAL 938G CATERPILLAR',0,0,'B',7,112),
('691','FILTRO DE PETROLEO SEDIMENTADOR COMPLETO COD. REF. 1276449 PARA CARGADOR FRONTAL',0,0,'B',7,112),
('692','FILTRO DE GASOLINA COD. REF. 23300-15010 TOYOTA',0,0,'B',7,112),
('693','FILTRO DE PETROLEO COD. REF. 16444-99128',0,0,'B',7,112),
('694','FILTRO DE GASOLINA COD. REF. 25-050-21',0,0,'B',7,112),
('695','FILTRO DE PETROLEO COD. REF. RE62419',0,0,'B',7,112),
('696','FILTRO DE PETROLEO COD. REF. A3440927405',0,0,'B',7,112),
('697','FILTRO DE PETROLEO COD. REF. 1644499128',0,0,'B',7,112),
('698','FILTRO DE GASOLINA COD. REF. 94020398',0,0,'B',7,112),
('699','FILTRO DE PETROLEO COD. REF. 2914807100',0,0,'B',7,112),
('7','BROCA DE ACERO 1/2 in X 12 UNI C/ PUNTA DE CARBURO',0,0,'B',2,112),
('70','PANEL DE FIERRO DULCE GALVANIZADO DE 61 cm X 92 cm X 1 mm',0,0,'B',3,112),
('700','FILTRO HIDRAULICO COD. REF. 79026104 PARA TRACTOR FIAT ALLIS FD 14E',0,0,'B',7,112),
('701','FILTRO DE TRANSMISION COD. REF. 42416 11140/550084 PARA MOTONIVELADORA MITSUBISH',0,0,'B',7,112),
('702','FILTRO DE DIRECCION HIDRAULICA COD. REF. A0001842225 PARA CAMION VOLQUETE MERCED',0,0,'B',7,112),
('703','FILTRO HIDR?ULICO COD. REF.  75213131 PARA CARGADOR FRONTAL FIAT',0,0,'B',7,112),
('704','FILTRO DE HIDRAULICO COD. REF. 1G8878 PARA TRACTOR ORUGA CATERPILLAR D6NXL',0,0,'B',7,112),
('705','FILTRO DE TRANSMISION COD. REF. 4667755 PARA TRACTOR ORUGA FIAT ALLIS FD14E',0,0,'B',7,112),
('706','FILTRO DE TRANSMISION COD. REF. 9M9740',0,0,'B',7,112),
('707','FILTRO HIDRAULICO COD. REF. 4I3948',0,0,'B',7,112),
('708','FILTRO SEDIMENTADOR COD. REF. 16405-01TOA PARA CAMION VOLVO NL 12',0,0,'B',7,112),
('709','FILTRO DE SEDIMENTACION COD. REF. 16405-01T0A PARA CAMIONETA NISSAN FRONTIER',0,0,'B',7,112),
('71','ACERO TIPO AISI 316 BARRA REDONDA 1/4 in X 18 MT',0,0,'B',3,112),
('710','FILTRO DE CORROSION COD.REF. 600-411-1151 PARA TRACTOR KOMATSU D83E-1',0,0,'B',7,112),
('711','FILTRO DE NAFTA COD. REF. 1905704 PARA GRUPO ELECTROGENO',0,0,'B',7,112),
('712','FILTRO SEPARADOR DE AGUA COD. REF. 8159975 PARA CAMION VOLVO NL 12',0,0,'B',7,112),
('713','FILTRO SEPARADOR DE AGUA COD. REF. 3890706 PARA TRACTOR DE ORUGAS KOMATSU D68E',0,0,'B',7,112),
('714','FILTRO SEPARADOR DE AGUA COD. REF. A4570920001KZ PARA CAMION MERCEDES BENZ 3343 ',0,0,'B',7,112),
('715','FILTRO DE AGUA COD.REF. 26550005 PARA GRUPO ELECTROGENO PERKINS',0,0,'B',7,112),
('716','FILTRO SEPARADOR DE AGUA  COD.REF. 4700945147 PARA RODILLO DYNAPAC CA260',0,0,'B',7,112),
('717','FILTRO SEPARADOR DE AGUA COD. REF. A4570920001 PARA VOLQUETE MERCEDES BENZ ACTRO',0,0,'B',7,112),
('718','FILTRO SEPARADOR DE AGUA COD. REF. 87435524 PARA CARGADOR FRONTAL NEW HOLLAND W1',0,0,'B',7,112),
('719','FILTRO SEPARADOR DE AGUA COD. REF 26560017 PARA MOTONIVELADORA NEW HOLLAND 140B',0,0,'B',7,112),
('72','ACERO TIPO AISI 316 BARRA REDONDA 7/8 X 3 MT',0,0,'B',3,112),
('720','ELEMENTO DE FILTRO SEPARADOR DE AGUA COD. REF. 1512409 - PARA CARGADOR FRONTAL 9',0,0,'B',7,112),
('721','ELEMENTO DE FILTRO SEPARADOR DE AGUA COD. REF.1174089 - PARA CARGADOR FRONTAL 93',0,0,'B',7,112),
('722','BENTONITA SODICA 40 KG.',0,0,'B',7,335),
('723','BENTONITA SODICA 30 KG.',0,0,'B',7,335),
('724','GEOTEXTIL NO TEJIDO 200 G/2',0,0,'B',7,69),
('725','GEOTEXTIL RT-21 DE 400',0,0,'B',7,69),
('726','GEOTEXTIL NO TEJIDO DE POLIPROPILENO 200 g',0,0,'B',7,69),
('727','CINTILLO PLASTICO X 10 CM X 100 UNI',0,0,'B',7,352),
('728','CINTILLO PLASTICO X 20 CM X 100 UNI',0,0,'B',7,352),
('729','CINTILLO PLASTICO X 28 CM',0,0,'B',7,112),
('73','ACERO TIPO AISI 316 BARRA REDONDA 5/16 in X 12 MT',0,0,'B',3,112),
('730','CINTILLO PLASTICO KSS X 12 in X 12 UNI',0,0,'B',7,335),
('731','CINTILLO PLASTICO KSS X 8 in X 12 UNI',0,0,'B',7,335),
('732','CINTILLOS PLASTICO KSS X 20 in X 12 UNI',0,0,'B',7,335),
('733','CINTILLOS PLASTICO KSS X 4 in',0,0,'B',7,335),
('734','CINTILLOS PLASTICO KSS X 20 in X 100 UNI',0,0,'B',7,335),
('735','CINTILLO PLASTICO KSS X 25 in X 100 UNI',0,0,'B',7,335),
('736','CINTILLOS PLASTICO KSS X 5 MM X 8 in',0,0,'B',7,112),
('737','CINTILLO X 10 cm',0,0,'B',7,112),
('738','CINTILLO X 20 cm',0,0,'B',7,112),
('739','CINTILLO PLASTICO X 30 CM X 100 UNI',0,0,'B',7,352),
('74','ACERO TIPO AISI 316 BARRA REDONDA 1/4 in X 36 MTS',0,0,'B',3,112),
('740','CINTILLO PLASTICO X 13 CM X 100 UNI',0,0,'B',7,335),
('741','CINTILLO PLASTICO DE 18 cm (BOLSA X 100 UNI)',0,0,'B',7,112),
('742','ACEITE REFRIGERANTE ECOLOGICO R-134-A',0,0,'B',7,346),
('743','ACEITE REFRIGERANTE R-12',0,0,'B',7,346),
('744','ACEITE REFRIGERANTE ANTICONGELANTE R404A',0,0,'B',7,346),
('745','GAS REFRIGERANTE R-12',0,0,'B',7,346),
('746','GAS REFRIGERANTE R-134-A',0,0,'B',7,346),
('747','GAS REFRIGERANTE R-22',0,0,'B',7,128),
('748','GAS REFRIGERANTE R-404A',0,0,'B',7,128),
('749','GAS R 12',0,0,'B',7,128),
('75','ACERO TIPO AISI 316 BARRA REDONDA 2.3/4 in X 1000 MM',0,0,'B',3,112),
('750','GAS REFRIGERANTE R-502',0,0,'B',7,128),
('751','GAS REFRIGERANTE R-134A',0,0,'B',7,128),
('752','CONCENTRADO PARA EQUINOS (OMOLENE 100)',0,0,'B',8,128),
('753','CONEJINA ENGORDE X 40 kg',0,0,'B',8,112),
('754','CONEJINA',0,0,'B',8,128),
('755','AFRECHO DE TRIGO',0,0,'B',8,128),
('756','AFRECHO DE TRIGO X 50 KG.',0,0,'B',8,378),
('757','AFRECHO X 40 KG',0,0,'B',8,378),
('758','AFRECHO.',0,0,'B',8,128),
('759','AFRECHO X 20 KG',0,0,'B',8,378),
('76','ACERO TIPO AISI BARRA C-1060  1 in X 20 MTS',0,0,'B',3,112),
('760','SAL COMUN ( PARA ANIMALES )',0,0,'B',8,128),
('761','SAL (PARA ANIMALES) X 50 KG',0,0,'B',8,378),
('762','ALMIDON DE MAIZ X 50 KG',0,0,'B',8,335),
('763','MAIZ PARDO PARA AVES X 60 KILOS',0,0,'B',8,378),
('764','MAIZ PARDO',0,0,'B',8,128),
('765','MAIZ AMARILLO PARTIDO PARA AVES X 50 KILOS',0,0,'B',8,378),
('766','AVENA ENTERA EN GRANO.',0,0,'B',8,128),
('767','AVENA EN HOJUELAS X 1 KG',0,0,'B',8,335),
('768','TORTA DE PALMISTE X 50 Kg',0,0,'B',8,378),
('769','LECHE EN POLVO X 120 G  (ALIMENTO PARA ANIMALES )',0,0,'B',8,112),
('77','ACERO TIPO AISI 316 BARRA REDONDA 5/16 in X 6 MT',0,0,'B',3,112),
('770','LECHE ENTERA EN POLVO  (ALIMENTO PARA ANIMALES )',0,0,'B',8,128),
('771','AZUCAR EN TERRONES PARA ANIMALES ',0,0,'B',8,128),
('772','TORTA DE SOYA',0,0,'B',8,128),
('773','PATE DE INSECTOS',0,0,'B',8,128),
('774','ALIMENTO EN POLVO PARA PECES 17 G',0,0,'B',8,345),
('775','PASTA DE ALGODON',0,0,'B',8,128),
('776','TORTA DE SOYA P/ANIMALES',0,0,'B',8,128),
('777','SAL PARA GANADO X 50 KILOS',0,0,'B',8,378),
('778','PASTA DE ALGODON X 50 K',0,0,'B',8,378),
('779','QUITES DE ARTEMIA 454 g c/L',0,0,'B',8,348),
('78','ACERO TIPO AISI 1020 BARRA 5/8 in X 6 MTS.',0,0,'B',3,112),
('780','ALFALFA SECA ( ALIMENTO PARA ANIMALES )',0,0,'B',8,128),
('781','ALFALFA VERDE ( ALIMENTO PARA ANIMALES )',0,0,'B',8,128),
('782','CAMOTE ( ALIMENTO PARA ANIMALES )',0,0,'B',8,112),
('783','CHALA  VERDE',0,0,'B',8,128),
('784','ACEITE DE MAIZ X 750 ML',0,0,'B',8,336),
('785','AFRECHO',0,0,'B',8,128),
('786','AFRECHO X 20 KG.',0,0,'B',8,378),
('787','ACEITE COMESTIBLE X 5 L',0,0,'B',9,333),
('788','ACEITE OLIVA LIGHT X 500 ML',0,0,'B',9,336),
('789','MANTECA X 10 KILO',0,0,'B',9,337),
('79','ACERO TIPO AISI C-4130 BARRA 1 in X 120 MTS',0,0,'B',3,112),
('790','MANTECA X 200 G',0,0,'B',9,128),
('791','ACEITE VEGETAL X 5  LTS.',0,0,'B',9,333),
('792','MANTECA VEGETAL X KLG.',0,0,'B',9,128),
('793','ACEITE DE AJONJOLI',0,0,'B',9,336),
('794','ACEITE DE RICINO DE 30 ML',0,0,'B',9,345),
('795','ACEITE VEGETAL X 900 mL',0,0,'B',9,336),
('796','ACEITE VEGETAL X 12 UNI',0,0,'B',9,337),
('797','ACEITE DE MAIZ',0,0,'B',9,349),
('798','ACEITE VEGETAL X 18 L',0,0,'B',9,348),
('799','ACEITE DE MAIZ X 750 ML',0,0,'B',9,336),
('8','BROCA ACERADA 1/8 in X 6 UNI',0,0,'B',2,112),
('80','ACERO TIPO AISI C-1045 BARRA 7.5 in X 2 3/4 MTS',0,0,'B',3,112),
('800','ACEITE VEGETAL DE SOYA ',0,0,'B',9,346),
('801','ACEITE DE SOYA DE 900 ML X 20 UNI',0,0,'B',9,337),
('802','MANTECA X 1 KG',0,0,'B',9,352),
('803','ACEITE VEGETAL X 5 L X 6 BIDONES',0,0,'B',9,337),
('804','ACEITE VEGETAL.',0,0,'B',9,111),
('805','ACEITE OLIVA X 500 ML',0,0,'B',9,112),
('806','ACEITE VEGETAL X 450 ML X 24 UNI',0,0,'B',9,337),
('807','ACEITE COMESTIBLE X 4.5 L',0,0,'B',9,333),
('808','GRASA VEGETAL HIDROGENADA X 25 KG',0,0,'B',9,337),
('809','ACEITE VEGETAL X 18 L',0,0,'B',9,112),
('81','ACERO TIPO AISI C-1060 BARRA 5 in X 4 MTS',0,0,'B',3,112),
('810','FIDEO PARA CHIFA',0,0,'B',9,128),
('811','FIDEO CHINO ( WANTAN)',0,0,'B',9,128),
('812','FIDEO SPAGHETTI 500 G',0,0,'B',9,335),
('813','FIDEO CABELLO DE  ANGEL 10 KG',0,0,'B',9,335),
('814','FIDEO WANTAN',0,0,'B',9,112),
('815','FIDEOS CABELLO DE ANGEL',0,0,'B',9,128),
('816','FIDEO WANTAN X 100 UNI',0,0,'B',9,352),
('817','FIDEO CANUTO CHICO 250 G X 20 UNI',0,0,'B',9,352),
('818','FIDEO CABELLO DE ANGEL 250 G X 40 UNI',0,0,'B',9,352),
('819','FIDEO WANTAN X 50 UNI',0,0,'B',9,352),
('82','ACERO TIPO AISI 4340 BARRA 3 1/4 in X 12 MTS',0,0,'B',3,112),
('820','FIDEO WANTAN 12 UNI',0,0,'B',9,352),
('821','HABAS PELADAS A GRANEL',0,0,'B',9,128),
('822','ALVERJA  X 1 KG',0,0,'B',9,335),
('823','ALVERJA AMERICANA X  2.5 KG',0,0,'B',9,352),
('824','ALVERJA CHINA X 1/2 KG',0,0,'B',9,352),
('825','ALVERJITA VERDE PARTIDA',0,0,'B',9,128),
('826','ALVERJITA VERDE PARTIDA X 500 G',0,0,'B',9,335),
('827','ALVERJITA X 1.5 KG',0,0,'B',9,352),
('828','ARROZ EXTRA X 1 KG',0,0,'B',9,335),
('829','ARROZ SELECTO',0,0,'B',9,128),
('83','ACERO TIPO AISI C-4130 BARRA 2 in X 8 MTS',0,0,'B',3,112),
('830','ARROZ SUPERIOR X 1 KG',0,0,'B',9,335),
('831','ARROZ X 5 KG',0,0,'B',9,335),
('832','CAFE EXTRA FINO MOLIDO X 1 KG',0,0,'B',9,335),
('833','CAFE TOSTADO CLARO SELECTO X KG',0,0,'B',9,128),
('834','FREJOL CANARIO',0,0,'B',9,128),
('835','FRIJOL CABALLERO',0,0,'B',9,128),
('836','FRIJOL CABALLERO X 500 GR',0,0,'B',9,335),
('837','FRIJOL CANARIO X 500 GRS',0,0,'B',9,335),
('838','FRIJOL CASTILLA',0,0,'B',9,128),
('839','FRIJOL CASTILLA  500 GRS',0,0,'B',9,335),
('84','ACERO REDONDO SAE 1020 ? 1 1/2 in',0,0,'B',3,73),
('840','FRIJOL GUINDA',0,0,'B',9,128),
('841','FRIJOL GUINDA X 500',0,0,'B',9,335),
('842','FRIJOL NEGRO',0,0,'B',9,128),
('843','FRIJOL NEGRO X 250 GRS',0,0,'B',9,128),
('844','FRIJOL NEGRO X 500 GRS',0,0,'B',9,335),
('845','FRIJOL PANAMITO  500 GRS',0,0,'B',9,335),
('846','FRIJOL RED KIDNEY',0,0,'B',9,128),
('847','FRIJOL RED KIDNEY 500 GRS',0,0,'B',9,335),
('848','GARBANZO',0,0,'B',9,128),
('849','GARBANZO  500 GRS',0,0,'B',9,335),
('85','ACERO REDONDO SAE 1020 ? 1 1/4 in',0,0,'B',3,73),
('850','LENTEJA',0,0,'B',9,128),
('851','LENTEJA  500 GRS',0,0,'B',9,335),
('852','LENTEJAS X 1 KILO',0,0,'B',9,335),
('853','LENTEJAS X 1/2 KG',0,0,'B',9,335),
('854','LENTEJON  500 GRS',0,0,'B',9,335),
('855','PALLAR',0,0,'B',9,128),
('856','PALLAR 500 GRS',0,0,'B',9,335),
('857','PAPA SECA ( MU?A )',0,0,'B',9,128),
('858','PAPA (MU?A )SECA 500 GRS',0,0,'B',9,335),
('859','SOYA  X 1 KILO',0,0,'B',9,335),
('86','ACERO REDONDO SAE 1020 ? 1 3/8 in',0,0,'B',3,73),
('860','TRIGO AMARILLO',0,0,'B',9,128),
('861','AVENA X 1 KG',0,0,'B',9,128),
('862','FRIJOL PANAMITO  X KLG.',0,0,'B',9,128),
('863','VAINITA',0,0,'B',9,128),
('864','FRIJOL CANARIO X KILO',0,0,'B',9,335),
('865','FREJOL CHINO EN GRANO',0,0,'B',9,128),
('866','HABAS CON CASCARAS',0,0,'B',9,128),
('867','PAPA HUAYRO',0,0,'B',9,128),
('868','PAPA ROSADA',0,0,'B',9,128),
('869','PAPA TOMASA',0,0,'B',9,128),
('87','ACERO REDONDO SAE 1020 ? 1/8 in',0,0,'B',3,73),
('870','AVENA X 10 KG',0,0,'B',9,335),
('871','MORON X 50 KG',0,0,'B',9,335),
('872','PAPA (MU?A) SECA AMARILLA X 50 KG',0,0,'B',9,378),
('873','TRIGO PELADO X 50 KG',0,0,'B',9,378),
('874','ARROZ SUPERIOR X 50 KG',0,0,'B',9,378),
('875','MAIZ MOTE X 50 KG',0,0,'B',9,378),
('876','FRIJOL BAYO',0,0,'B',9,128),
('877','ARVEJA VERDE PARTIDA X 25 KG',0,0,'B',9,378),
('878','QUINUA PERLADA X 25 KG',0,0,'B',9,378),
('879','CAFE TOSTADO MOLIDO',0,0,'B',9,128),
('88','ACERO REDONDO SAE 1020 ? 3/16 in',0,0,'B',3,73),
('880','ALVERJA VERDE SECA ENTERA',0,0,'B',9,128),
('881','FRIJOL VERDE EN GRANO',0,0,'B',9,128),
('882','CAFE PARA PASAR',0,0,'B',9,128),
('883','PAPA (MU?A ) SECA AMARILLA',0,0,'B',9,128),
('884','LENTEJA AMERICANO GRANDE',0,0,'B',9,128),
('885','QUINUA PERLADA LAVADA',0,0,'B',9,128),
('886','TRIGO MOTE PELADO',0,0,'B',9,128),
('887','ARROZ EXTRA X 3/4 KG',0,0,'B',9,335),
('888','ARROZ CORRIENTE X 13.5 KG',0,0,'B',9,335),
('889','ARROZ CORRIENTE X 13 KG',0,0,'B',9,335),
('89','ACERO REDONDO SAE 1020 ? 3/4 in',0,0,'B',3,73),
('890','ARROZ CORRIENTE X 50 KG',0,0,'B',9,378),
('891','POROTO',0,0,'B',9,128),
('892','ALVERJA PARTIDA X 50 KG',0,0,'B',9,378),
('893','FRIJOL BAYO SACO X 50 KILOS',0,0,'B',9,378),
('894','FRIJOL CABALLERO SACO X 50 GR',0,0,'B',9,378),
('895','FRIJOL CANARIO SACO X 50 KG',0,0,'B',9,378),
('896','FRIJOL CASTILLA SACO X 50 KG',0,0,'B',9,378),
('897','FRIJOL NEGRO SACO X 50 KG',0,0,'B',9,378),
('898','GARBANZO SACO X 50 KG',0,0,'B',9,378),
('899','LENTEJA X 50 KG',0,0,'B',9,378),
('9','LIJA CIRCULAR PARA FIERRO N?16',0,0,'B',2,112),
('90','ACERO REDONDO SAE 1020 ? 3/8 in',0,0,'B',3,73),
('900','PALLARES X 50 KG',0,0,'B',9,378),
('901','HABA SECA PARTIDA',0,0,'B',9,128),
('902','ARROZ EXTRA X 50 KG',0,0,'B',9,378),
('903','FRIJOL PANAMITO  50 KGS',0,0,'B',9,378),
('904','ALVERJA PARTIDA X 2 KG',0,0,'B',9,335),
('905','HABAS SECAS SIN CASCARA',0,0,'B',9,128),
('906','QUINUA ENTERA LAVADA',0,0,'B',9,128),
('907','PALLAR VERDE SECO',0,0,'B',9,128),
('908','PALLAR SECO',0,0,'B',9,128),
('909','TRIGO ENTERO RESBALADO',0,0,'B',9,128),
('91','ACERO REDONDO SAE 1020 ? 5/16 in',0,0,'B',3,73),
('910','HABAS SECAS',0,0,'B',9,128),
('911','FREJOL UCAYALINO',0,0,'B',9,128),
('912','ARROZ SUPERIOR X 5 KG',0,0,'B',9,335),
('913','LENTEJA BEBE',0,0,'B',9,128),
('914','MACA MOLIDA A GRANEL',0,0,'B',9,128),
('915','ARROZ  X 1 KG X 12 UNI',0,0,'B',9,352),
('916','FRIJOL CASTILLA 2 KG.',0,0,'B',9,335),
('917','PALLAR FRESCO',0,0,'B',9,128),
('918','LENTEJON',0,0,'B',9,128),
('919','ARROZ EXTRA',0,0,'B',9,128),
('92','ACERO REDONDO SAE 1045 (DIN CK45) ? 30MM',0,0,'B',3,73),
('920','ARROZ REGIONAL',0,0,'B',9,128),
('921','CAFE MOLIDO X 70 G X 50 UNI',0,0,'B',9,352),
('922','CAFE MOLIDO X 200 G X 20 UNI',0,0,'B',9,335),
('923','ARVERJA VERDE AMERICANA FRESCA',0,0,'B',9,128),
('924','SOYA ENTERA',0,0,'B',9,128),
('925','ALVERJA PARTIDA',0,0,'B',9,128),
('926','VAINITAS VERDES',0,0,'B',9,128),
('927','ARROZ',0,0,'B',9,128),
('928','FRIJOL CANARIO',0,0,'B',9,128),
('929','ARROZ SUPERIOR',0,0,'B',9,128),
('93','ACERO REDONDO SAE 4340 BONIFICADO (VCN 150) ? 1',0,0,'B',3,73),
('930','AVENA X 250 G X 40 UNI',0,0,'B',9,352),
('931','HABAS FRESCAS',0,0,'B',9,435),
('932','ARROZ CORRIENTE',0,0,'B',9,128),
('933','HABAS SECAS ENTERAS X 50 KG',0,0,'B',9,378),
('934','ARVERJA VERDE PARTIDA X 50 KG',0,0,'B',9,378),
('935','ARVERJA VERDE SECA X 50 KG',0,0,'B',9,378),
('936','ARROZ NACIONAL EXTRA',0,0,'B',9,128),
('937','FRIJOL VERDE',0,0,'B',9,128),
('938','MAIZ CANCHA SERRANA',0,0,'B',9,128),
('939','TRIGO ENTERO X 50 KG',0,0,'B',9,378),
('94','ACERO REDONDO SAE 4340 BONIFICADO (VCN 150) ? 1 1/2',0,0,'B',3,73),
('940','PAPA SECA MOLIDA',0,0,'B',9,128),
('941','PAPA SECA PARTIDA',0,0,'B',9,128),
('942','ARVEJA AMARILLA PARTIDA',0,0,'B',9,128),
('943','FREJOL GARBANCILLO',0,0,'B',9,128),
('944','ALVERJON',0,0,'B',9,128),
('945','LENTEJA BOCONA',0,0,'B',9,128),
('946','CAFE TOSTADO MOLIDO X 200 G',0,0,'B',9,335),
('947','LENTEJA X 2 KG',0,0,'B',9,335),
('948','CAFE INSTANTANEO X 8 G X 50 UNI',0,0,'B',9,337),
('949','ARROZ SUPERIOR X 10 KG',0,0,'B',9,335),
('95','ACERO REDONDO SAE 4340 BONIFICADO (VCN 150) ? 2',0,0,'B',3,73),
('950','ARROZ SUPERIOR EXTRA GRANO LARGO',0,0,'B',9,128),
('951','LENTEJA AMERICANA',0,0,'B',9,128),
('952','CAFE TOSTADO EN GRANO',0,0,'B',9,128),
('953','HABAS SECAS ENTERA',0,0,'B',9,128),
('954','CAFE INSTANTANEO X 200 GR X 12 LATAS',0,0,'B',9,337),
('955','CAFE INSTANTANEO X 6 G',0,0,'B',9,358),
('956','TRIGO ENTERO X 1000 KG',0,0,'B',9,111),
('957','LENTEJA SERRANA',0,0,'B',9,128),
('958','CEREAL FORTIFICADO',0,0,'B',9,128),
('959','MACA AVENA X 10 Kg',0,0,'B',9,335),
('96','ACERO REDONDO SAE 4340 BONIFICADO (VCN 150) ? 3',0,0,'B',3,73),
('960','KIWICHA ENTERA',0,0,'B',9,128),
('961','HABAS PARTIDA',0,0,'B',9,128),
('962','ARROZ CORRIENTE.',0,0,'B',9,111),
('963','QUINUA AVENA',0,0,'B',9,128),
('964','QUINUA LAVADA',0,0,'B',9,128),
('965','HABAS',0,0,'B',9,128),
('966','ALVERJA VERDE SECA ENTERA.',0,0,'B',9,111),
('967','HABAS SECAS ENTERA.',0,0,'B',9,111),
('968','FRIJOL CASTILLA.',0,0,'B',9,111),
('969','FRIJOL PANAMITO',0,0,'B',9,111),
('97','ACERO REDONDO ST37 ? 1 3/4 in',0,0,'B',3,73),
('970','MORON DE CEBADA X 1000 K',0,0,'B',9,111),
('971','ARROZ SUPERIOR X 25 KG',0,0,'B',9,335),
('972','ARROZ EXTRA X 25 KG',0,0,'B',9,335),
('973','PALLAR.',0,0,'B',9,111),
('974','CAFE CARACOLILLO',0,0,'B',9,128),
('975','MAIZ AMILACEO.',0,0,'B',9,111),
('976','MACA AVENA X 450 G X 12 UNI',0,0,'B',9,335),
('977','SOYA AVENA',0,0,'B',9,128),
('978','LENTEJA.',0,0,'B',9,111),
('979','LENTEJA X 5 KG',0,0,'B',9,335),
('98','ACERO REDONDO ST37 ? 1 1/2 in',0,0,'B',3,73),
('980','ARROZ X 3/4 KG X 16 UNI',0,0,'B',9,335),
('981','ARROZ X 3/4 KG X 20 UNI',0,0,'B',9,335),
('982','ARROZ SUPERIOR X 12 KG',0,0,'B',9,335),
('983','ARROZ X 900 G',0,0,'B',9,335),
('984','ARROZ X 600 G',0,0,'B',9,335),
('985','AVENA X 105 G',0,0,'B',9,335),
('986','CAFE INSTANTANEO X 500 GR X 06 UNI',0,0,'B',9,337),
('987','CAFE INSTANTANEO X 220 G X 20 UNI',0,0,'B',9,352),
('988','CAFE INSTANTANEO X 195 G X 24 UNI',0,0,'B',9,352),
('989','FRIJOL CANARIO X 5 KG',0,0,'B',9,335),
('99','ACERO REDONDO ST37 ? 2 in',0,0,'B',3,73),
('990','PALLAR SECO X 5 KG',0,0,'B',9,335),
('991','HABA SECA ENTERA X 690 G',0,0,'B',9,335),
('992','TRIGO PELADO X 22 KG',0,0,'B',9,378),
('993','SOYA AVENA X 450 G X 12 UNI',0,0,'B',9,335),
('994','QUINUA.',0,0,'B',9,111),
('995','SALVADO DE TRIGO X 25 KG',0,0,'B',9,378),
('996','LENTEJA X 45 KG',0,0,'B',9,378),
('997','CAFE INSTANTANEO X 2 G',0,0,'B',9,358),
('998','AVENA X 5 KG',0,0,'B',9,335),
('999','CAFE INSTANTANEO X 10 G',0,0,'B',9,358);
/*!40000 ALTER TABLE `item` ENABLE KEYS */;
UNLOCK TABLES;

--
-- Table structure for table `metas`
--

DROP TABLE IF EXISTS `metas`;
/*!40101 SET @saved_cs_client     = @@character_set_client */;
/*!40101 SET character_set_client = utf8 */;
CREATE TABLE `metas` (
  `id_meta` int(11) NOT NULL AUTO_INCREMENT,
  `descripcion_meta` varchar(80) DEFAULT NULL,
  `monto_asignado` float DEFAULT NULL,
  `anio_fiscal` int(11) DEFAULT NULL,
  PRIMARY KEY (`id_meta`)
) ENGINE=InnoDB AUTO_INCREMENT=2 DEFAULT CHARSET=latin1 COLLATE=latin1_swedish_ci;
/*!40101 SET character_set_client = @saved_cs_client */;

--
-- Dumping data for table `metas`
--

LOCK TABLES `metas` WRITE;
/*!40000 ALTER TABLE `metas` DISABLE KEYS */;
INSERT INTO `metas` VALUES
(1,'prueba',400,2005);
/*!40000 ALTER TABLE `metas` ENABLE KEYS */;
UNLOCK TABLES;

--
-- Table structure for table `orden_compra`
--

DROP TABLE IF EXISTS `orden_compra`;
/*!40101 SET @saved_cs_client     = @@character_set_client */;
/*!40101 SET character_set_client = utf8 */;
CREATE TABLE `orden_compra` (
  `numero_orden_compra` int(11) NOT NULL AUTO_INCREMENT,
  `fecha_orden_compra` char(20) DEFAULT NULL,
  `fecha_entrega` char(20) DEFAULT NULL,
  `RUC` char(11) DEFAULT NULL,
  `autoriza_administracion` int(11) DEFAULT NULL,
  `fecha_entregado` char(18) DEFAULT NULL,
  PRIMARY KEY (`numero_orden_compra`),
  KEY `R_15` (`RUC`),
  CONSTRAINT `R_15` FOREIGN KEY (`RUC`) REFERENCES `proveedor` (`RUC`)
) ENGINE=InnoDB AUTO_INCREMENT=2 DEFAULT CHARSET=latin1 COLLATE=latin1_swedish_ci;
/*!40101 SET character_set_client = @saved_cs_client */;

--
-- Dumping data for table `orden_compra`
--

LOCK TABLES `orden_compra` WRITE;
/*!40000 ALTER TABLE `orden_compra` DISABLE KEYS */;
/*!40000 ALTER TABLE `orden_compra` ENABLE KEYS */;
UNLOCK TABLES;

--
-- Table structure for table `orden_compra_detalle`
--

DROP TABLE IF EXISTS `orden_compra_detalle`;
/*!40101 SET @saved_cs_client     = @@character_set_client */;
/*!40101 SET character_set_client = utf8 */;
CREATE TABLE `orden_compra_detalle` (
  `unidad` char(18) DEFAULT NULL,
  `cantidad_solicitado` char(18) DEFAULT NULL,
  `precio` char(18) DEFAULT NULL,
  `numero_orden_compra` int(11) NOT NULL,
  `id_item` char(10) NOT NULL,
  `cantidad_entregado` char(18) DEFAULT NULL,
  PRIMARY KEY (`numero_orden_compra`,`id_item`),
  KEY `R_14` (`id_item`),
  CONSTRAINT `R_14` FOREIGN KEY (`id_item`) REFERENCES `item` (`id_item`),
  CONSTRAINT `fk_orden_compra_detalle_1` FOREIGN KEY (`numero_orden_compra`) REFERENCES `orden_compra` (`numero_orden_compra`) ON DELETE NO ACTION ON UPDATE NO ACTION
) ENGINE=InnoDB DEFAULT CHARSET=latin1 COLLATE=latin1_swedish_ci;
/*!40101 SET character_set_client = @saved_cs_client */;

--
-- Dumping data for table `orden_compra_detalle`
--

LOCK TABLES `orden_compra_detalle` WRITE;
/*!40000 ALTER TABLE `orden_compra_detalle` DISABLE KEYS */;
/*!40000 ALTER TABLE `orden_compra_detalle` ENABLE KEYS */;
UNLOCK TABLES;

--
-- Table structure for table `proveedor`
--

DROP TABLE IF EXISTS `proveedor`;
/*!40101 SET @saved_cs_client     = @@character_set_client */;
/*!40101 SET character_set_client = utf8 */;
CREATE TABLE `proveedor` (
  `RUC` char(11) NOT NULL,
  `nombre_proveedor` varchar(80) DEFAULT NULL,
  `direccion` varchar(80) DEFAULT NULL,
  `telefono` varchar(30) DEFAULT NULL,
  `correo` varchar(30) DEFAULT NULL,
  `representante_legal` varchar(100) DEFAULT NULL,
  PRIMARY KEY (`RUC`)
) ENGINE=InnoDB DEFAULT CHARSET=latin1 COLLATE=latin1_swedish_ci;
/*!40101 SET character_set_client = @saved_cs_client */;

--
-- Dumping data for table `proveedor`
--

LOCK TABLES `proveedor` WRITE;
/*!40000 ALTER TABLE `proveedor` DISABLE KEYS */;
/*!40000 ALTER TABLE `proveedor` ENABLE KEYS */;
UNLOCK TABLES;

--
-- Table structure for table `solicitud`
--

DROP TABLE IF EXISTS `solicitud`;
/*!40101 SET @saved_cs_client     = @@character_set_client */;
/*!40101 SET character_set_client = utf8 */;
CREATE TABLE `solicitud` (
  `numero_solicitud` int(11) NOT NULL AUTO_INCREMENT,
  `responsable` char(8) DEFAULT NULL,
  `fecha_solicitud` char(18) DEFAULT NULL,
  `id_meta` int(11) DEFAULT NULL,
  `autorizacion_jefe_area` int(11) DEFAULT NULL,
  `autorizacion_administracion` int(11) DEFAULT NULL,
  `numero_pecosa` char(18) DEFAULT NULL,
  `fecha_salida` char(18) DEFAULT NULL,
  `fecha_entrega` char(18) DEFAULT NULL,
  PRIMARY KEY (`numero_solicitud`),
  KEY `R_7` (`responsable`),
  KEY `R_8` (`id_meta`),
  CONSTRAINT `R_7` FOREIGN KEY (`responsable`) REFERENCES `trabajador` (`DNI`),
  CONSTRAINT `R_8` FOREIGN KEY (`id_meta`) REFERENCES `metas` (`id_meta`)
) ENGINE=InnoDB AUTO_INCREMENT=6 DEFAULT CHARSET=latin1 COLLATE=latin1_swedish_ci;
/*!40101 SET character_set_client = @saved_cs_client */;

--
-- Dumping data for table `solicitud`
--

LOCK TABLES `solicitud` WRITE;
/*!40000 ALTER TABLE `solicitud` DISABLE KEYS */;
INSERT INTO `solicitud` VALUES
(3,'12345678','30-11-2023',1,1,1,'1','ejemplo trabajador','30-12-2023'),
(4,'12345678','30-11-2023',1,1,1,'4','ejemplo trabajador','30-12-2023');
/*!40000 ALTER TABLE `solicitud` ENABLE KEYS */;
UNLOCK TABLES;

--
-- Table structure for table `solicitud_detalle`
--

DROP TABLE IF EXISTS `solicitud_detalle`;
/*!40101 SET @saved_cs_client     = @@character_set_client */;
/*!40101 SET character_set_client = utf8 */;
CREATE TABLE `solicitud_detalle` (
  `unidad` char(18) DEFAULT NULL,
  `cantidad_solicitado` char(18) DEFAULT NULL,
  `numero_solicitud` int(11) NOT NULL,
  `id_item` char(10) NOT NULL,
  `precio` char(18) DEFAULT NULL,
  `cantidad_entregado` char(18) DEFAULT NULL,
  PRIMARY KEY (`numero_solicitud`,`id_item`),
  KEY `R_12` (`id_item`),
  CONSTRAINT `R_11` FOREIGN KEY (`numero_solicitud`) REFERENCES `solicitud` (`numero_solicitud`) ON DELETE NO ACTION ON UPDATE NO ACTION,
  CONSTRAINT `R_12` FOREIGN KEY (`id_item`) REFERENCES `item` (`id_item`)
) ENGINE=InnoDB DEFAULT CHARSET=latin1 COLLATE=latin1_swedish_ci;
/*!40101 SET character_set_client = @saved_cs_client */;

--
-- Dumping data for table `solicitud_detalle`
--

LOCK TABLES `solicitud_detalle` WRITE;
/*!40000 ALTER TABLE `solicitud_detalle` DISABLE KEYS */;
/*!40000 ALTER TABLE `solicitud_detalle` ENABLE KEYS */;
UNLOCK TABLES;

--
-- Table structure for table `trabajador`
--

DROP TABLE IF EXISTS `trabajador`;
/*!40101 SET @saved_cs_client     = @@character_set_client */;
/*!40101 SET character_set_client = utf8 */;
CREATE TABLE `trabajador` (
  `DNI` char(8) NOT NULL,
  `apellidos` varchar(50) DEFAULT NULL,
  `nombres` varchar(50) DEFAULT NULL,
  `direccion` varchar(50) DEFAULT NULL,
  `telefono` char(9) DEFAULT NULL,
  `correo` varchar(30) DEFAULT NULL,
  `area` enum('Administracion','Logistica','Almacen','Patrimonio','Areas Usuarias') DEFAULT NULL,
  `cargo` enum('Subordinado','Jefe de area') DEFAULT NULL,
  `contrasea` varchar(45) DEFAULT NULL,
  PRIMARY KEY (`DNI`)
) ENGINE=InnoDB DEFAULT CHARSET=latin1 COLLATE=latin1_swedish_ci;
/*!40101 SET character_set_client = @saved_cs_client */;

--
-- Dumping data for table `trabajador`
--

LOCK TABLES `trabajador` WRITE;
/*!40000 ALTER TABLE `trabajador` DISABLE KEYS */;
INSERT INTO `trabajador` VALUES
('12345678','ejemplo','trabajador','ejemplo','987654321','trabajador@example.com','Almacen','Jefe de area','trabajador');
/*!40000 ALTER TABLE `trabajador` ENABLE KEYS */;
UNLOCK TABLES;

--
-- Table structure for table `unidad_medida`
--

DROP TABLE IF EXISTS `unidad_medida`;
/*!40101 SET @saved_cs_client     = @@character_set_client */;
/*!40101 SET character_set_client = utf8 */;
CREATE TABLE `unidad_medida` (
  `id_unidad_medida` int(11) NOT NULL,
  `descripcion` varchar(80) DEFAULT NULL,
  `abreviatura` varchar(50) DEFAULT NULL,
  PRIMARY KEY (`id_unidad_medida`)
) ENGINE=InnoDB DEFAULT CHARSET=latin1 COLLATE=latin1_swedish_ci;
/*!40101 SET character_set_client = @saved_cs_client */;

--
-- Dumping data for table `unidad_medida`
--

LOCK TABLES `unidad_medida` WRITE;
/*!40000 ALTER TABLE `unidad_medida` DISABLE KEYS */;
INSERT INTO `unidad_medida` VALUES
(1,'ACCION','ACCION'),
(2,'ACERVO','ACERVO'),
(3,'ALUMNO','ALUMNO'),
(4,'ANALISIS','ANALISIS'),
(5,'ANIMAL','ANIMAL'),
(6,'ATENCION','ATENCION'),
(7,'AULA','AULA'),
(8,'AUTORIZACION','AUTORIZA'),
(9,'BECAS','BECAS'),
(10,'BENEFICIARIO','BENEFICI'),
(11,'APAFA','APAFA CAP.'),
(12,'CABEZA','CABEZA'),
(13,'CAMA','CAMA'),
(14,'CAMPA?A','CAMPA?A'),
(15,'CASO NOTIFICADO / CONFIRMACION','CASO NOT'),
(16,'CASO TRATADO','CASO TRA'),
(17,'CATASTRO','CATASTRO'),
(18,'CERTIFICADO','CERTIFIC'),
(19,'COMUNIDAD','COMUNIDA'),
(20,'CONCESION','CONCESIO'),
(21,'CONSULTA','CONSULTA'),
(22,'CONTROL REALIZADO','CONTROL '),
(23,'CONVENIO','CONVENIO'),
(24,'CREDITO OTORGADO','CREDITO '),
(25,'CUADRANGULO ELABORADO','CUADRANG'),
(26,'CUOTA','CUOTA'),
(27,'CURRICULA','CURRICUL'),
(28,'CURSO','CURSO'),
(30,'DIAGNOSTICO','DIAGNOST'),
(31,'DIA-CAMA','DIA-CAMA'),
(32,'DICTAMEN','DICTAMEN'),
(33,'DIVULGACION REALIZADA','DIVULGAC'),
(34,'DOC.  IDENTIFICACION EXPEDIDO','DOC.  ID'),
(35,'DOCENTE CAPACITADO','DOCENTE '),
(36,'DOCUMENTO','DOCUMENT'),
(37,'DOCUMENTO EMITIDO','DOCUMENT'),
(38,'DOSIS','DOSIS'),
(39,'EDICION REALIZADA','EDICION '),
(40,'EDIFICACION','EDIFICAC'),
(41,'EMPRESA','EMPRESA'),
(42,'EQUIPO','EQUIPO'),
(43,'ESTABLECIMIENTO','ESTABLEC'),
(44,'ESTABLECIMIENTO DE SALUD','ESTABLEC'),
(45,'ESTACION','ESTACION'),
(46,'ESTUDIO','ESTUDIO'),
(47,'EVALUACION','EVALUACI'),
(48,'EVENTO CULTURAL','EVENTO C'),
(49,'EVENTO DEPORTIVO','EVENTO D'),
(50,'EXAMEN','EXAMEN'),
(51,'EXPEDIENTE','EXPEDIEN'),
(52,'EXPEDIENTE PROCESADO','EXPEDIEN'),
(53,'EXPEDIENTE RESUELTO','EXPEDIEN'),
(54,'EXPEDIENTE TECNICO','EXPEDIEN'),
(55,'EXPEDIENTE TRAMITADO','EXPEDIEN'),
(56,'FAMILIA','FAMILIA'),
(57,'FOLLETO','FOLLETO'),
(58,'GESTANTE CONTROLADA','GESTANTE'),
(59,'HECTAREA','HECTAREA'),
(60,'INFORME','INFORME'),
(61,'INMUEBLE','INMUEBLE'),
(62,'INSEMINACION','INSEMINA'),
(63,'INSPECCION','INSPECCI'),
(64,'INSTALACION','INSTALAC'),
(65,'INTERVENCION','INTERVEN'),
(66,'INVESTIGACION','INVESTIG'),
(67,'KILOMETRO','KILOMETR'),
(68,'LICENCIA','LICENCIA'),
(69,'M2','M2'),
(70,'M3','M3'),
(71,'MANUAL','MANUAL'),
(72,'MAPA','MAPA'),
(73,'METRO','METRO'),
(74,'METRO LUZ','METRO LU'),
(75,'MILES DE NUEVOS SOLES','MILES DE'),
(76,'MISION','MISION'),
(77,'MODULO','MODULO'),
(78,'MUESTRA','MUESTRA'),
(79,'NI?O','NI?O'),
(80,'NORMA','NORMA'),
(81,'OBRA','OBRA'),
(82,'OPERACION','OPERACIO'),
(83,'PACIENTE ATENDIDO','PACIENTE'),
(84,'PARTO','PARTO'),
(85,'PERITAJE','PERITAJE'),
(86,'PERSONA','PERSONA'),
(87,'PERSONA ATENDIDA','PERSONA '),
(88,'PERSONA CAPACITADA','PERSONA '),
(89,'PERSONA COLOCADA','PERSONA '),
(90,'PERSONA EVALUADA','PERSONA '),
(91,'PLAN','PLAN'),
(92,'PLANO','PLANO'),
(93,'PLANTONES','PLANTONE'),
(94,'PLANTULAS','PLANTULA'),
(95,'POSTA','POSTA'),
(96,'PROYECTO','PROYECTO'),
(97,'PUBLICACION','PUBLICAC'),
(98,'PUENTE','PUENTE'),
(99,'PUESTO','PUESTO'),
(100,'QUEJA RESUELTA','QUEJA RE'),
(101,'RACION','RACION'),
(102,'RED INSTALADA','RED INST'),
(103,'REGISTRO','REGISTRO'),
(104,'RENTABILIDAD','RENTABIL'),
(105,'RESOLUCION','RESOLUCI'),
(106,'SEMINARIO','SEMINARI'),
(107,'SERVICIO','SERVICIO'),
(108,'SISTEMA','SISTEMA'),
(109,'SUPERVISION','SUPERVIS'),
(110,'TITULO','TITULO'),
(111,'TONELADA','TONELADA'),
(112,'UNIDAD','UNIDAD'),
(113,'UNIDAD CATASTRADA','UNIDAD C'),
(114,'VACUNA','VACUNA'),
(115,'VISITA','VISITA'),
(116,'ZONA PROTEGIDA','ZONA PRO'),
(117,'EVENTOS','EVENTOS'),
(118,'BONO REDIMIDO','BONO RED'),
(119,'REASEGURO','REASEGUR'),
(120,'ENTIDAD','ENTIDAD'),
(121,'CURIE','CURIE'),
(123,'UNIFORME ESCOLAR','UNIFORME'),
(124,'BUZO ESCOLAR','BUZO ESC'),
(125,'MOCHILA ESCOLAR','MOCHILA '),
(126,'PAQUETE ESCOLAR','PAQUETE '),
(127,'PLANTAS','PLANTAS'),
(128,'KILOGRAMO','KLG'),
(129,'DIQUE','DIQUE'),
(130,'GRUPO','GRUPO'),
(131,'BANCO GERMOPLASMA','BANCO GE'),
(132,'TECNOLOGIA','TECNOLOG'),
(133,'SESION','SESION'),
(134,'RECETA','RECETA'),
(135,'PROGRAMAS RADIALES','PROGRAMA'),
(136,'PROGRAMAS TELEVISIVOS','PROGRAMA'),
(137,'PLANILLA','PLANILLA'),
(138,'ACTO REGISTRAL','ACTO REG'),
(139,'ORGANIZACION SOCIAL DE BASE','ORGANIZA'),
(140,'HORAS LECTIVAS','HORAS LE'),
(141,'INSCRIPCION','INSCRIPC'),
(142,'LOTE ADJUDICADO','LOTE ADJ'),
(143,'MAQUINARIA PESADA','MAQUINAR'),
(144,'CONTRIBUYENTE','CONTRIBU'),
(145,'POLIZA','POLIZA'),
(146,'PLANTILLA','PLANTILL'),
(147,'PRONOSTICO','PRONOSTI'),
(148,'ADULTO MAYOR','ADULTO M'),
(149,'ADULTO','ADULTO'),
(150,'ADOLESCENTE','ADOLESCE'),
(151,'AUTORIDADES ELEGIDAS','AUTORIDADES ELE'),
(152,'USUARIO','USUARIO'),
(153,'DEPOSITOS/COLOCACIONES','DEPOSITOS/COLOC'),
(154,'METRO LINEAL','METRO LINEAL'),
(155,'PORCENTAJE','PORCENTAJE'),
(156,'MEDIDOR DE AGUA POTABLE','MEDIDOR DE AGUA'),
(157,'LOCALIDAD','LOCALIDAD'),
(158,'AJUSTES TARIFARIOS','AJUSTES TARIFAR'),
(159,'EPS','EPS'),
(160,'INSTRUMENTOS REGULATORIOS','INSTRUMENTOS RE'),
(161,'PLANES TARIFARIOS CON CONFORMI','PLANES TARIFARI'),
(162,'NUEVOS SOLES','NUEVOS SOLES'),
(163,'DOLARES','DOLARES'),
(164,'LT./SEG.','LT./SEG.'),
(165,'REDES Y POSTES','REDES Y POSTES'),
(166,'CONTRATOS','CONTRATOS'),
(167,'MILES DE TM','MILES DE TM'),
(168,'ACUERDOS DEL DIRECTORIO','ACUERDOS DEL DI'),
(169,'RECLAMOS RESUELTOS E INFORMACI','RECLAMOS RESUEL'),
(170,'GESTIONES LEGALES','GESTIONES LEGAL'),
(171,'CALIBRACIONES','CALIBRACIONES'),
(172,'GLOBAL','GLOBAL'),
(173,'CASOS RESUELTOS','CASOS RESUELTOS'),
(174,'NORMAS APROBADAS','NORMAS APROBADA'),
(175,'APELACIONES RESUELTAS','APELACIONES RES'),
(176,'PASAJEROS/DIA','PASAJEROS/DIA'),
(177,'TRANSFERENCIA','TRANSFERENCIA'),
(178,'MEDIDAS CAUTELARES','MEDIDAS CAUTELA'),
(179,'FORMULARIOS ELECTRONICOS','FORMULARIOS ELE'),
(180,'TRANSFERENCIAS FINANCIERAS','TRANSFERENCIAS '),
(181,'HORAS','HORAS'),
(182,'LOCAL','LOCAL'),
(183,'ACCIONES DE AUDITORIA','ACCIONES DE AUD'),
(184,'PROGRAMA EDUCATIVO','PROGRAMA EDUCAT'),
(185,'CRIADERO','CRIADERO'),
(186,'KW','KW'),
(187,'ASPERSORES','ASPERSORES'),
(188,'AUTORIDADES','AUTORIDADES'),
(189,'TELEFONOS  EN ZONAS RURALES','TELEFONOS  EN Z'),
(190,'NUMERO','NUMERO'),
(191,'PERSONA PROTEGIDA','PERSONA PROTEGI'),
(192,'CATALOGO','CATALOGO'),
(193,'QUINTAL','QUINTAL'),
(194,'ORGANIZACION','ORGANIZACION'),
(195,'PARCELA','PARCELA'),
(196,'INNOVACION','INNOVACION'),
(197,'UNIDAD CATASTRAL','UNIDAD CATASTRA'),
(198,'PARTIDA REGISTRAL','PARTIDA REGISTR'),
(199,'ALUMNO EVALUADO','ALUMNO EVALUADO'),
(200,'DOCENTE EVALUADO','DOCENTE EVALUAD'),
(201,'INFORME TECNICO','INFORME TECNICO'),
(202,'NORMA ELABORADA','NORMA ELABORADA'),
(203,'NORMA PROMULGADA','NORMA PROMULGAD'),
(204,'IIEE','IIEE'),
(205,'MUJER ALFABETIZADA','MUJER ALFABETIZ'),
(206,'PAREJA PROTEGIDA','PAREJA PROTEGID'),
(207,'GESTANTE ATENDIDA','GESTANTE ATENDI'),
(208,'PARTO NORMAL','PARTO NORMAL'),
(209,'PARTO COMPLICADO','PARTO COMPLICAD'),
(210,'CESAREA','CESAREA'),
(211,'ATENCION PUERPERAL','ATENCION PUERPE'),
(212,'EGRESO','EGRESO'),
(213,'ESTUDIO DE PREINVERSION','ESTUDIO DE PREI'),
(214,'GESTANTE Y/O NEONATO REFERIDO','GESTANTE Y/O NE'),
(215,'MUNICIPIO','MUNICIPIO'),
(216,'INSTANCIA INTERMEDIA','INSTANCIA INTER'),
(217,'HOGAR','HOGAR'),
(218,'NI?O PROTEGIDO','NI?O PROTEGIDO'),
(219,'NI?O CONTROLADO','NI?O CONTROLADO'),
(220,'NI?O SUPLEMENTADO','NI?O SUPLEMENTA'),
(221,'MUJER','MUJER'),
(222,'REPORTE TECNICO','REPORTE TECNICO'),
(223,'CENTRO POBLADO','CENTRO POBLADO'),
(224,'GESTANTE SUPLEMENTADA','GESTANTE SUPLEM'),
(225,'MATRIZ DE ESTANDARES','MATRIZ DE ESTAN'),
(226,'MICROEMPRESA','MICROEMPRESA'),
(227,'CAPACITACION','CAPACITACION'),
(228,'MODULO REGISTRAL','MODULO REGISTRA'),
(229,'ACTA DE NACIMIENTO','ACTA DE NACIMIE'),
(230,'OFICINA','OFICINA'),
(231,'ACTA REGISTRAL','ACTA REGISTRAL'),
(232,'DNI EMITIDO','DNI EMITIDO'),
(233,'BASE DE DATOS','BASE DE DATOS'),
(234,'SISTEMA APROBADO','SISTEMA APROBAD'),
(235,'PROGRAMA DISE?ADO','PROGRAMA DISE?A'),
(236,'INSTITUCION EDUCATIVA','INSTITUCION EDU'),
(237,'DIRECTOR','DIRECTOR'),
(238,'NI?O TRATADO','NI?O TRATADO'),
(239,'RECIEN NACIDO ATENDIDO','RECIEN NACIDO A'),
(240,'DOCENTE','DOCENTE'),
(241,'PROTOTIPO','PROTOTIPO'),
(242,'MODULO DE AULA','MODULO DE AULA'),
(243,'MODULO DE ALUMNO','MODULO DE ALUMN'),
(244,'MODULO DE IIEE','MODULO DE IIEE'),
(245,'PARTICIPANTE','PARTICIPANTE'),
(246,'INSTITUCION EDUCATIVA REGISTRA','INSTITUCION EDU'),
(247,'INSTITUCION EDUCATIVA CON MANT','INSTITUCION EDU'),
(248,'REPORTE','REPORTE'),
(249,'CHARLA','CHARLA'),
(250,'PARTICIPACION','PARTICIPACION'),
(251,'DOCUMENTOS CARTOGRAFICOS','DOCUMENTOS CART'),
(252,'EMPRESAS Y ESTABLECIMIENTOS','EMPRESAS Y ESTA'),
(253,'CEDULAS DILIGENCIADAS','CEDULAS DILIGEN'),
(254,'INFORMANTES','INFORMANTES'),
(255,'VIVIENDAS','VIVIENDAS'),
(256,'LOCAL REHABILITADO','LOCAL REHABILIT'),
(257,'INSTITUTO VIAL PROVINCIAL','INSTITUTO VIAL '),
(258,'OREC ATENDIDA','OREC ATENDIDA'),
(259,'PERSONA INFORMADA','PERSONA INFORMA'),
(260,'HOGAR CON CONEXION','HOGAR CON CONEX'),
(261,'METROS COLUMNA DE AGUA (M.C.A.)','METROS COLUMNA '),
(262,'RECLAMOS','RECLAMOS'),
(263,'ENCUESTA','ENCUESTA'),
(264,'RECIBOS','RECIBOS'),
(265,'CONEXIONES','CONEXIONES'),
(266,'MESES','MESES'),
(267,'SOLES/M3','SOLES/M3'),
(268,'NUMERO DE TRABAJADORES','NUMERO DE TRABA'),
(269,'PROCEDIMIENTOS','PROCEDIMIENTOS'),
(270,'DIAS HABILES','DIAS HABILES'),
(271,'PROPUESTAS','PROPUESTAS'),
(272,'INDICE','INDICE'),
(273,'DIAS','DIAS'),
(274,'SISTEMA DE SANEAMIENTO','SISTEMA DE SANE'),
(275,'SISTEMA DE SANEAMIENTO CONSTRUIDO','SISTEMA DE SANE'),
(276,'ORGANIZACION CAPACITADA','ORGANIZACION CA'),
(277,'HOGAR CAPACITADO','HOGAR CAPACITAD'),
(278,'OPERADOR INFORMADO','OPERADOR INFORM'),
(279,'LOCALIDAD CON SERVICIO DE TELECOMUNICACIONES INSTA','LOCALIDAD CON S'),
(280,'OPERADOR SUPERVISADO','OPERADOR SUPERV'),
(281,'VEHICULO CONTROLADO','VEHICULO CONTRO'),
(282,'PUNTO DE EXPENDIO CONTROLADO','PUNTO DE EXPEND'),
(283,'VEHICULO SUPERVISADO','VEHICULO SUPERV'),
(284,'SISTEMA DE TRATAMIENTO INSTALADO','SISTEMA DE TRAT'),
(285,'SISTEMA DE GESTION IMPLEMENTADO','SISTEMA DE GEST'),
(286,'PUNTOS DE VERTIMENTO SUPERVISADOS','PUNTOS DE VERTI'),
(287,'ASISTENCIA TECNICA IMPLEMENTADO','ASISTENCIA TECN'),
(288,'HECTAREA CONTROLADA','HECTAREA CONTRO'),
(289,'HECTAREA FINANCIERAMENTE SOSTENIBLE','HECTAREA FINANC'),
(290,'HECTAREA CONSERVADA','HECTAREA CONSER'),
(291,'DOCENTE ESPECIALIZADO','DOCENTE ESPECIA'),
(292,'ESPECIALISTA ASISTIDO','ESPECIALISTA AS'),
(293,'DIRECTOR CAPACITADO','DIRECTOR CAPACI'),
(294,'DOCENTA ASESORADO','DOCENTA ASESORA'),
(295,'ASIENTO OFERTADO','ASIENTO OFERTAD'),
(296,'CONEXION DE INTERNET OPERATIVA','CONEXION DE INT'),
(297,'SERVICIOS SUPERVISADOS','SERVICIOS SUPER'),
(298,'TELEFONO FIJO OPERATIVO','TELEFONO FIJO O'),
(299,'TELEFONO PUBLICO OPERATIVO','TELEFONO PUBLIC'),
(300,'USUARIOS CAPACITADOS','USUARIOS CAPACI'),
(301,'AFICHE','AFICHE'),
(302,'AGRICULTOR','AGRICULT'),
(303,'AMPOLLA','AMPOLLA'),
(304,'ANEXO','ANEXO'),
(305,'ANUNCIO','ANUNCIO'),
(306,'A?O','A?O'),
(307,'BALDE','BALDE'),
(308,'BALON','BALON'),
(309,'BOLETIN','BOLETIN'),
(310,'BOLETO','BOLETO'),
(311,'BROTE CONTROLADO','BROTE CO'),
(312,'CAPSULA','CAPSULA'),
(313,'CARTA','CARTA'),
(314,'CHARLA','CHARLA'),
(315,'CHISGUETE','CHISGUET'),
(316,'CILINDRO','CILINDRO'),
(317,'CONSTANCIA','CONSTANC'),
(318,'CONSULTOR/MES','CONSULTO'),
(319,'DAMAJUANA','DAMAJUAN'),
(320,'DENUNCIA','DENUNCIA'),
(321,'DIA','DIA'),
(322,'DISCO','DISCO'),
(323,'ENFERMEDAD','ENFERMED'),
(324,'EXPORTADOR','EXPORTAD'),
(325,'FARDO','FARDO'),
(326,'GANADERO','GANADERO'),
(327,'GRAMO','GRAMO'),
(328,'IMPORTADOR','IMPORTAD'),
(329,'INSPECTOR','INSPECTO'),
(330,'JARABE','JARABE'),
(331,'KILOWATTS','KILOWATT'),
(332,'LIBRO','LIBRO'),
(333,'BID?N','BIDON'),
(334,'BLOCK','BLOCK'),
(335,'BOLSA','BOLSA'),
(336,'BOTELLA','BOTELLA'),
(337,'CAJA','CAJA'),
(338,'CARTUCHO','CARTUCHO'),
(339,'CIENTO','CIENTO'),
(340,'COJIN','COJIN'),
(341,'CONO','CONO'),
(342,'CUADERNILLO','CUADERNILLO'),
(343,'DOCENA','DOC.'),
(344,'EJEMPLAR','EJEMPLAR'),
(345,'FRASCO','FCO.'),
(346,'GALON','GALON'),
(347,'JUEGO','JUEGO'),
(348,'LATA','LATA'),
(349,'LITRO','LITRO'),
(350,'MILLAR','MILLAR'),
(351,'OTROS','OTROS'),
(352,'PAQUETE','PQTE.'),
(353,'PAR','PAR'),
(354,'PLIEGO','PLIEGO'),
(355,'POMO','POMO'),
(356,'POTE','POTE'),
(357,'ROLLO','ROLLO'),
(358,'SOBRE','SOBRE'),
(359,'SOLES','SOLES'),
(360,'SUSCRIPCION','SUSCRIPC'),
(361,'TARRO','TARRO'),
(362,'CUADERNO','CUADERNO'),
(363,'RESMA','RESMA'),
(364,'LOTE','LOTE'),
(365,'MES','MES'),
(366,'MINUTO','MINUTO'),
(367,'PAGO/TRIM.','PAGO/TRI'),
(368,'PASAJE','PASAJE'),
(369,'PERSONA/MES','PERSONA/'),
(370,'PIEZA','PIEZA'),
(371,'PLAGA','PLAGA'),
(372,'PLANCHA','PLANCHA'),
(373,'POLVO','POLVO'),
(374,'PRIMA','PRIMA'),
(375,'PROFESIONAL','PROFESIO'),
(376,'REPORTE','REPORTE'),
(377,'SACHET','SACHET'),
(378,'SACO','SACO'),
(379,'SER/BIM','SER/BIM'),
(380,'SER/MES','SER/MES'),
(381,'SER/QUINC.','SER/QUIN'),
(382,'SER/TRI','SER/TRI'),
(383,'SOLUCION','SOLUCION'),
(384,'SPOT','SPOT'),
(385,'SPRAY','SPRAY'),
(386,'SUSPENSION','SUSPENSI'),
(387,'TABLETA','TABLETA'),
(388,'TABLETAS','TABLETAS'),
(389,'TABLETAS RAN','TABLETAS'),
(390,'TABLETAS VAGINALES OVULOS','TABLETAS'),
(391,'TACO','TACO'),
(392,'TALONARIO','TALONARI'),
(393,'TASA','TASA'),
(394,'TECNICO','PERS.TRATAD.'),
(395,'TIRA','TIRA'),
(396,'TM','TM'),
(397,'TRAMPA','TRAMPA'),
(398,'TRANSPORTISTA','TRANSPOR'),
(399,'TRATAMIENTO','TRATAMIE'),
(400,'TUBO','TUBO'),
(401,'VALE','VALE'),
(402,'VARILLA','VARILLA'),
(403,'VEHICULO','VEHICULO'),
(404,'BLISTER','BLISTER'),
(405,'CAPACITACION','CAPACITA'),
(406,'CLIENTE','CLIENTE'),
(407,'DECOMISO','DECOMISO'),
(408,'ESTUCHE','ESTUCHE'),
(409,'GRAGEA','GRAGEA'),
(410,'INYECCION','INYECCIO'),
(411,'PIE','PIE'),
(412,'PIE CUADRADO','PIE CUAD'),
(413,'KIT','KIT'),
(414,'SET','SET'),
(415,'VIALES','VIALES'),
(416,'CARRETES','CARRETES'),
(417,'CEPA','CEPA'),
(418,'GRUESA','GRUESA'),
(419,'MILILITRO','MILILITRO'),
(420,'MAZO','MAZO'),
(421,'DETERMINACION','DET'),
(422,'CHIPA','CHIPA'),
(423,'LIBRA','LIBRA'),
(424,'PIE CUBICO','P3'),
(425,'CENT?METRO','CM'),
(426,'CENT?METRO CUBICO','CM3'),
(427,'KILOMETRO CUADRADO','KM2'),
(428,'TONELADA C?BICA','TN3'),
(429,'PRUEBA','PRUEBA'),
(430,'CAJON','CAJON'),
(431,'JABA','JABA'),
(432,'OVULO','OVU'),
(433,'MADEJA','MAD'),
(434,'ENVASE','ENV'),
(435,'ATADO','ATADO'),
(436,'ENVASE AEROSOL','ENV AER'),
(437,'CENT?METRO CUADRADO','CM2'),
(438,'PULGADAS','PERS.TAMIZ.'),
(439,'PINTA','PINTA'),
(440,'BARRA','BARRA'),
(441,'PLACA','PLACA'),
(442,'GALONERA','GALONERA'),
(443,'TAMBOR','TAMBOR'),
(444,'MILIGRAMO','web1'),
(445,'DECENA','DECENA'),
(446,'TONELADA CUBICA','TN3'),
(447,'EMPAQUE X 25','EMP X 25'),
(448,'EMPAQUE X 48','EMP X 48'),
(449,'EMPAQUE X 50','EMP X 50'),
(450,'EMPAQUE X 24','EMP X 24'),
(451,'EMPAQUE X 10','EMP X 10'),
(452,'EMPAQUE X 500','EMP X 500'),
(453,'EMPAQUE X 250','EMP X 250'),
(454,'PULGADA CUADRADA','INCH2'),
(455,'ONZA','OZ'),
(456,'PERSONA TAMIZADA','PERS.TAMIZ.'),
(457,'PERSONA CONTROLADA','PERS.CONTROL.'),
(458,'PERSONA REFERIDA','PERS.REFER.'),
(459,'PERSONA DIAGNOSTICADA','PERS.DIAGN.'),
(460,'PERSONA TRATADA','PERS.TRATAD.'),
(461,'TRABAJADOR PROTEGIDO','TRAB.PROTEG.'),
(462,'ANIMAL VACUNADO','ANIMAL VACUNO'),
(463,'PRESTACIONES','PRESTACIONES'),
(464,'ESCENARIO MODELADO','ESCENARIO MODEL'),
(465,'PROCESO SUPERVISADO','PROCESO SUPERVI'),
(466,'PERSONA ACREDITADA','PERSONA ACREDIT'),
(467,'FERIA','FERIA'),
(468,'MERCANCIA','MERCANCIA'),
(470,'NOTIFICACION','NOTIFICACION'),
(471,'PROTOCOLO','PROTOCOLO'),
(472,'PLAGAS','PLAGAS'),
(473,'POZO','POZO'),
(474,'DOCENTE ACOMPA?ADO','DOCENTE ACOMPA?\r'),
(475,'PLAZA DOCENTE','PLAZA DOCENTE'),
(476,'SOLICITUD','SOLICITUD'),
(477,'FONDO DIGITALIZADO','FONDO DIGITALIZ'),
(478,'FONDO MICROFILMADO','FONDO MICROFILM'),
(479,'FONDO PRESERVADO','FONDO PRESERVAD'),
(480,'FONDO INVENTARIADO','FONDO INVENTARI'),
(481,'MANUAL DE PROCEDIMIENTOS','MANUAL DE PROCE'),
(482,'DISE?OS CURRICULARES','DISE?OS CURRICU'),
(483,'PROCESO IMPLEMENTADO','PROCESO IMPLEME'),
(484,'CARRERA TECNICA','CARRERA TECNICA'),
(485,'MATERIAL EDUCATIVO','MATERIAL EDUCAT'),
(486,'TALLER','TALLER'),
(487,'PROMOCION','PROMOCION'),
(488,'BONOS','BONOS'),
(489,'PEAJE','PEAJE'),
(490,'VEHICULO HABILITADO','VEHICULO HABILI'),
(491,'INTERVENCION A VEHICULO','INTERVENCION A '),
(492,'RESOLUCION  NOTIFICADA','RESOLUCION  NOT'),
(493,'PUESTO DE CONTROL','PUESTO DE CONTR'),
(494,'TERMINAL TERRESTRE INTERVENIDO','TERMINAL TERRES'),
(495,'ENTIDAD NOTIFICADA','ENTIDAD NOTIFIC'),
(496,'UNIDAD DE PESAJE','UNIDAD DE PESAJ'),
(497,'EMPRESA ASESORADA','EMPRESA ASESORA'),
(498,'ACTUACIONES CONSULARES','ACTUACIONES CON'),
(499,'OFICINAS CONSULARES','OFICINAS CONSUL'),
(500,'INSTALACION DEPORTIVA','INSTALACION DEP'),
(501,'MODULO DE EQUIPAMIENTO','MODULO DE EQUIP'),
(502,'DEPORTISTA','DEPORTISTA'),
(503,'CENTRO DE PRONOSTICO','CENTRO DE PRONO'),
(504,'CENTRO DE PREVENCION','CENTRO DE PREVE'),
(505,'KIT ENTREGADO','KIT ENTREGADO'),
(506,'COBERTIZO','COBERTIZO'),
(507,'ESTACION DE MEDICION','ESTACION DE MED'),
(508,'ESTACION SATELITAL','ESTACION SATELI'),
(509,'SERVICIO TECNOLOGICO','SERVICIO TECNOL'),
(510,'INTERVENCION A ENTIDAD','INTERVENCION A '),
(511,'INTERVENCION A TERMINAL TERRESTRE','INTERVENCION A '),
(512,'DILIGENCIAS','DILIGENCIAS'),
(513,'CASOS','CASOS'),
(514,'CENSO','CENSO'),
(515,'VIVEROS FORESTALES','VIVEROS FORESTA'),
(516,'DNI PROCESADO','DNI PROCESADO'),
(517,'TRAMITE','TRAMITE'),
(518,'CONVOCATORIA','CONVOCATORIA'),
(519,'MONITOREO','MONITOREO'),
(520,'SECTOR','SECTOR'),
(521,'REGION','REGION'),
(522,'OPERATIVO EJECUTADO','OPERATIVO EJECU'),
(523,'UNIDAD IMPLEMENTADA','UNIDAD IMPLEMEN'),
(524,'COMITE','COMITE'),
(525,'ARMA','ARMA'),
(526,'DISTRITO','DISTRITO'),
(527,'MERCADO','MERCADO'),
(528,'OPERATIVO POLICIAL','OPERATIVO POLIC'),
(529,'BROTE','BROTE'),
(530,'BIEN','BIEN'),
(531,'AREA DE CULTIVO','AREA DE CULTIVO'),
(532,'NOTA INFORMATIVA','NOTA INFORMATIV'),
(533,'PROCESO','PROCESO'),
(534,'TERRENO','TERRENO'),
(535,'ASISTENCIA TECNICA','ASISTENCIA TECN'),
(536,'LOCAL ESCOLAR','LOCAL ESCOLAR'),
(537,'AUDIENCIA','AUDIENCIA'),
(538,'DESPACHO JUDICIAL','DESPACHO JUDICI'),
(539,'PILOTO','PILOTO'),
(540,'MAPA DE PROGRESO','MAPA DE PROGRES'),
(541,'KIT DEPORTIVO','KIT DEPORTIVO'),
(542,'LABORATORIO','LABORATORIO'),
(543,'BIBLIOTECA','BIBLIOTECA'),
(544,'CARRERA PROFESIONAL','CARRERA PROFESI'),
(545,'DENUNCIA ATENDIDA','DENUNCIA ATENDI'),
(547,'MAQUINARIA','MAQUINARIA'),
(548,'LITRO','LITRO'),
(549,'IMAGEN SATELITAL','IMAGEN SATELITA'),
(550,'SIMULACRO','SIMULACRO'),
(551,'CENTRAL EOLICA','CENTRAL EOLICA'),
(552,'MINICENTRAL HIDROELECTRICA','MINICENTRAL HID'),
(553,'PATRULLAJE','PATRULLAJE'),
(554,'OPERADOR','OPERADOR'),
(555,'COMITE DE SEGURIDAD CIUDADANA','COMITE DE SEGUR'),
(556,'ACCION DE INTELIGENCIA','ACCION DE INTEL'),
(557,'JUNTA VECINAL','JUNTA VECINAL'),
(558,'CUARTEL OPERATIVO','CUARTEL OPERATI'),
(559,'AREA INTERVENIDA','AREA INTERVENID'),
(560,'INSTALACION INSPECCIONADA','INSTALACION INS'),
(562,'PLATAFORMA LOGISTICA','PLATAFORMA LOGI'),
(563,'DNI ENTREGADO','DNI ENTREGADO'),
(564,'PADRON ACTUALIZADO','PADRON ACTUALIZ'),
(565,'QUEJA DE DERECHO','QUEJA DE DERECH'),
(566,'CURRICULO','CURRICULO'),
(567,'CARRERAS PROFESIONALES','CARRERAS PROFES'),
(568,'MEDIO DE VIDA','MEDIO DE VIDA'),
(569,'PRODUCTO CERTIFICADO','PRODUCTO CERTIF'),
(570,'UNIDAD DE ALBERGUE','UNIDAD DE ALBER'),
(571,'BARRIO','BARRIO'),
(572,'PROCESOS CALIFICADOS','PROCESOS CALIFI'),
(573,'AUDIENCIAS REALIZADAS','AUDIENCIAS REAL'),
(574,'ITEMS','ITEMS'),
(575,'SUB UNIDAD ESPECIALIZADA','SUB UNIDAD ESPE'),
(576,'FICHA CATASTRAL','FICHA CATASTRAL'),
(577,'AREA PROTEGIDA','AREA PROTEGIDA'),
(578,'MESA DE PARTES','MESA DE PARTES'),
(579,'PROVEEDOR','PROVEEDOR'),
(580,'CUARTEL','CUARTEL'),
(581,'AGENTE','AGENTE'),
(582,'SERVICIO VALIDADO','SERVICIO VALIDA'),
(583,'BRIGADA','BRIGADA'),
(584,'DERECHO OTORGADO','DERECHO OTORGAD'),
(585,'ACCION DE CONTROL','ACCION DE CONTR'),
(586,'CERTIFICACION','CERTIFICACION'),
(587,'HERRAMIENTA','HERRAMIENTA'),
(588,'COCINA IMPLEMENTADA','COCINA IMPLEMEN'),
(589,'COE OPERATIVO','COE OPERATIVO'),
(590,'COMUNIDAD CONECTADA','COMUNIDAD CONEC'),
(591,'PLAN DE NEGOCIO','PLAN DE NEGOCIO'),
(592,'DECLARACION','DECLARACION'),
(593,'DENUNCIA RESUELTA','DENUNCIA RESUEL'),
(595,'PLAN DE INTERVENCION','PLAN DE INTERVE'),
(596,'UNIDAD ESPECIALIZADA','UNIDAD ESPECIAL'),
(597,'MODULO ENTREGADO','MODULO ENTREGAD'),
(598,'DETENCION','DETENCION'),
(599,'ACTA','ACTA'),
(600,'MINEROS FORMALIZADOS','MINEROS FORMALI'),
(601,'DREM','DREM'),
(602,'MEDIDAS REGULATORIAS','MEDIDAS REGULAT'),
(603,'RECURSO TURISTICO','RECURSO TURISTI'),
(604,'EQUIPO IMPLEMENTADO','EQUIPO IMPLEMEN'),
(605,'MATERIAL GENETICO','MATERIAL GENETI'),
(606,'ACTIVO','ACTIVO'),
(607,'KILOMETRO CUADRADO','KILOMETRO CUADR'),
(608,'PRODUCTO CONTROLADO','PRODUCTO CONTRO'),
(609,'PASIVO AMBIENTAL','PASIVO AMBIENTA'),
(610,'DOCUMENTO TECNICO','DOCUMENTO TECNI'),
(611,'ORIENTACION','ORIENTACION'),
(612,'CAPACIDAD INSTALADA','CAPACIDAD INSTA'),
(613,'SERVICIO INTERVENIDO','SERVICIO INTERV'),
(614,'INFRAESTRUCTURA MOVIL','INFRAESTRUCTURA'),
(615,'KIT','KIT'),
(616,'PROYECTO DE INVESTIGACION','PROYECTO DE INV'),
(617,'PRODUCTO','PRODUCTO'),
(618,'AERODROMO','AERODROMO'),
(619,'TERMINAL PORTUARIO','TERMINAL PORTUA'),
(620,'NAVE','NAVE'),
(621,'MATERIAL RODANTE','MATERIAL RODANT'),
(622,'MODULO DE INSTITUCION EDUCATIVA','MODULO DE INSTI'),
(623,'OPERADOR AUTORIZADO','OPERADOR AUTORI'),
(624,'LICENCIA OTORGADA','LICENCIA OTORGA'),
(625,'SUPERVISION REALIZADA','SUPERVISION REA'),
(626,'FISCALIZACION REALIZADA','FISCALIZACION R'),
(627,'PATRULLAJE EJECUTADO','PATRULLAJE EJEC'),
(628,'DELITO ATENDIDO','DELITO ATENDIDO'),
(629,'COMITE OPERATIVO','COMITE OPERATIV'),
(630,'DENUNCIA IDENTIFICADA','DENUNCIA IDENTI'),
(631,'OPERACION REALIZADA','OPERACION REALI'),
(632,'CAMPA?A EJECUTADA','CAMPA?A EJECUTA'),
(633,'CENTRO DE ATENCION CONSTRUIDO','CENTRO DE ATENC'),
(634,'CENTRO DE ATENCION EQUIPADO','CENTRO DE ATENC'),
(635,'CIUDADANO INFORMADO','CIUDADANO INFOR'),
(636,'OPERADOR DE JUSTICIA CAPACITADO','OPERADOR DE JUS'),
(637,'CIUDADANO ATENDIDO','CIUDADANO ATEND'),
(638,'CIUDADANO CAPACITADO','CIUDADANO CAPAC'),
(639,'ESCOLAR CAPACITADO','ESCOLAR CAPACIT'),
(640,'ADOLESCENTE CAPACITADO','ADOLESCENTE CAP'),
(641,'FAMILIA CAPACITADA','FAMILIA CAPACIT'),
(642,'OPERADOR CAPACITADO','OPERADOR CAPACI'),
(643,'JUSTICIABLE ATENDIDO','JUSTICIABLE ATE'),
(644,'PERSONA ASISTIDA','PERSONA ASISTID'),
(645,'FUNCIONARIO REMUNERADO','FUNCIONARIO REM'),
(646,'DISTRITO JUDICIAL IMPLEMENTADO','DISTRITO JUDICI'),
(647,'PROCESO EVALUADO','PROCESO EVALUAD'),
(648,'PROCURADOR SUPERVISADO','PROCURADOR SUPE'),
(649,'ORGANIZACION SUPERVISADA','ORGANIZACION SU'),
(650,'OPERADOR DE PREVENCION DEL DELITO SUPERVISADO','OPERADOR DE PRE'),
(651,'OPERADOR DE JUSTICIA SUPERVISADO','OPERADOR DE JUS'),
(652,'PROCURADOR CAPACITADO','PROCURADOR CAPA'),
(653,'DENUNCIA PRESENTADA','DENUNCIA PRESEN'),
(654,'ANIMAL INSPECCIONADO','ANIMAL INSPECCI'),
(655,'PRODUCTOR CAPACITADO','PRODUCTOR CAPAC'),
(656,'AVE VACUNADA','AVE VACUNADA'),
(657,'GRANJA FISCALIZADA','GRANJA FISCALIZ'),
(658,'GRANJA AUTORIZADA','GRANJA AUTORIZA'),
(659,'PRODUCTOR INFORMADO','PRODUCTOR INFOR'),
(660,'VEHICULO INSPECCIONADO','VEHICULO INSPEC'),
(661,'PRODUCTOR ASISTIDO','PRODUCTOR ASIST'),
(662,'ANIMAL ATENDIDO','ANIMAL ATENDIDO'),
(663,'PRODUCTO REGISTRADO','PRODUCTO REGIST'),
(664,'PRODUCTO VERIFICADO','PRODUCTO VERIFI'),
(665,'ALIMENTO CONTROLADO','ALIMENTO CONTRO'),
(666,'AGRICULTOR CAPACITADO','AGRICULTOR CAPA'),
(667,'AGRICULTOR ASISTIDO','AGRICULTOR ASIS'),
(668,'AGRICULTOR INFORMADO','AGRICULTOR INFO'),
(669,'EMPRESA MINERA','EMPRESA MINERA'),
(670,'TITULAR MINERO','TITULAR MINERO'),
(671,'PEQUE?O MINERO FORMALIZADO','PEQUE?O MINERO '),
(672,'PRODUCTOR  CAPACITADO Y ASISTIDO','PRODUCTOR  CAPA'),
(673,'ANIMAL INSEMINADO','ANIMAL INSEMINA'),
(674,'CONDUCTOR ASISTIDO','CONDUCTOR ASIST'),
(675,'TRABAJADOR CAPACITADO','TRABAJADOR CAPA'),
(676,'MYPE FINANCIADA','MYPE FINANCIADA'),
(677,'MICROEMPRESARIOS INFORMADOS','MICROEMPRESARIO'),
(678,'MYPE INCORPORADA EN ESQUEMA ASOCIATIVO','MYPE INCORPORAD'),
(679,'MYPES ASISTIDAS TECNICAMENTE','MYPES ASISTIDAS'),
(680,'MYPE ASESORADA','MYPE ASESORADA'),
(681,'ASOCIACIONES DE MYPES CAPACITADAS','ASOCIACIONES DE'),
(682,'ACTIVIDAD EFECTUADA','ACTIVIDAD EFECT'),
(683,'CONDUCTOR INFORMADO','CONDUCTOR INFOR'),
(684,'VEHICULO INTERVENIDO','VEHICULO INTERV'),
(685,'ENTIDAD INTERVENIDA','ENTIDAD INTERVE'),
(686,'USUARIO FISCALIZADO','USUARIO FISCALI'),
(687,'EMPRESA INTERVENIDA','EMPRESA INTERVE'),
(688,'ENTIDAD INFORMADA','ENTIDAD INFORMA'),
(689,'USUARIO SENSIBILIZADO','USUARIO SENSIBI'),
(690,'USUARIO CAPACITADO','USUARIO CAPACIT'),
(691,'CONDUCTOR CAPACITADO','CONDUCTOR CAPAC'),
(692,'KILOMETRO AUDITADO','KILOMETRO AUDIT'),
(693,'PROYECTO AUDITADO','PROYECTO AUDITA'),
(694,'PERSONA CON DISCAPACIDAD','PERSONA CON DIS'),
(695,'INDICADORES','INDICADORES'),
(696,'CONTROL RADIOLOGICO','CONTROL RADIOLO'),
(697,'CAJA DE AGENTES PARA RADIODIAGNOSTICO','CAJA DE AGENTES'),
(698,'FUENTES RADIACTIVAS ALMACENADAS','FUENTES RADIACT'),
(699,'APLICACIONES NUCLEARES','APLICACIONES NU'),
(700,'MANTENIMIENTO DE EQUIPOS NUCLEARES','MANTENIMIENTO D'),
(701,'MUESTRAS ANALIZADAS','MUESTRAS ANALIZ'),
(702,'CALIBRACION DOSIMETRICA','CALIBRACION DOS'),
(703,'CARGA COMERCIAL INSPECCIONADA','CARGA COMERCIAL'),
(704,'ANIMAL SUSCEPTIBLE INSPECCIONADA','ANIMAL SUSCEPTI'),
(705,'EMPRESA ELECTRICA','EMPRESA ELECTRI'),
(706,'EMPRESA DE HIDROCARBUROS','EMPRESA DE HIDR'),
(707,'LABORATORIO FORTALECIDO','LABORATORIO FOR'),
(708,'TELEFONO PUBLICO INSTALADO','TELEFONO PUBLIC'),
(709,'TELEFONO FIJO INSTALADO','TELEFONO FIJO I'),
(710,'ESTANDAR EDUCATIVO','ESTANDAR EDUCAT'),
(711,'PRODUCTOR FINANCIADO','PRODUCTOR FINAN'),
(712,'BANCO DE SEMILLAS','BANCO DE SEMILL'),
(713,'SERVICIOS OFERTADOS','SERVICIOS OFERT'),
(714,'BANCO DE SEMEN','BANCO DE SEMEN'),
(715,'ESTACIONES DE EXPENDIO','ESTACIONES DE E'),
(716,'DIRECCION AMBIENTAL','DIRECCION AMBIE'),
(717,'DOCENTE-PROMOTORA','DOCENTE-PROMOTO'),
(718,'PADRES','PADRES'),
(719,'NI?OS','NI?OS'),
(720,'ESQUEMA','ESQUEMA'),
(721,'FUNCIONARIO','FUNCIONARIO'),
(722,'PRODUCTOR','PRODUCTOR'),
(723,'ESTUDIANTES','ESTUDIANTES'),
(724,'ZONA','ZONA'),
(725,'UNIDADES AGROPECUARIAS','UNIDADES AGROPE'),
(726,'EMPLEO TEMPORAL','EMPLEO TEMPORAL'),
(727,'PARTICIPANTE CERTIFICADO','PARTICIPANTE CE'),
(728,'AMBITO','AMBITO'),
(729,'INSTRUMENTOS','INSTRUMENTOS'),
(730,'CADENAS DE VALOR','CADENAS DE VALO'),
(731,'PROYECTOS IMPLEMENTADOS','PROYECTOS IMPLE'),
(732,'GESTORES CAPACITADOS','GESTORES CAPACI'),
(733,'POBLACION','POBLACION'),
(734,'VEHICULOS','VEHICULOS'),
(735,'GOBIERNO LOCAL','GOBIERNO LOCAL'),
(736,'CONDUCTOR','CONDUCTOR'),
(737,'VIAS','VIAS'),
(738,'VICTIMA','VICTIMA'),
(739,'VERSIONES','VERSIONES'),
(740,'PASIVO AMBIENTAL REMEDIADO','PASIVO AMBIENTA'),
(741,'ECOSISTEMAS','ECOSISTEMAS'),
(742,'INSTITUCION','INSTITUCION'),
(743,'LOCALIDAD CON COBERTURA A MOVIL','LOCALIDAD CON C'),
(744,'ADOLESCENTE ATENDIDA','ADOLESCENTE ATE'),
(745,'CASO REFERIDO','CASO REFERIDO'),
(746,'GESTANTE EXAMINADA','GESTANTE EXAMIN'),
(747,'GESTANTE PROTEGIDA','GESTANTE PROTEG'),
(748,'MUESTRAS TOMADAS','MUESTRAS TOMADA'),
(749,'NI?O ATENDIDO','NI?O ATENDIDO'),
(750,'NI?O EXAMINADO','NI?O EXAMINADO'),
(751,'PERSONA EXAMINADA','PERSONA EXAMINA'),
(752,'OPERATIVOS','OPERATIVOS'),
(753,'ATESTADO','ATESTADO'),
(754,'PROGRAMA','PROGRAMA'),
(755,'COMISARIA','COMISARIA'),
(756,'HORA DE VUELO','HORA DE VUELO'),
(757,'PARTE','PARTE'),
(758,'ACTA DE RECEPCION','ACTA DE RECEPCI'),
(759,'GARITA','GARITA'),
(760,'BIEN INCAUTADO','BIEN INCAUTADO'),
(761,'PROCESO JUDICIAL','PROCESO JUDICIA'),
(762,'SENTENCIA','SENTENCIA'),
(763,'MANTENIMIENTO','MANTENIMIENTO'),
(764,'LOCAL MANTENIDO','LOCAL MANTENIDO'),
(765,'ASESORIA TECNICA','ASESORIA TECNIC'),
(766,'TRAMITE APROBADO','TRAMITE APROBAD'),
(767,'PROCESO CONVOCADO','PROCESO CONVOCA'),
(768,'FICHA TECNICA','FICHA TECNICA'),
(769,'MECANISMO IMPLEMENTADO','MECANISMO IMPLE'),
(770,'CATALOGO ELECTR?NICO','CATALOGO ELECTR'),
(771,'DSADDSA','DSA');
/*!40000 ALTER TABLE `unidad_medida` ENABLE KEYS */;
UNLOCK TABLES;
/*!40103 SET TIME_ZONE=@OLD_TIME_ZONE */;

/*!40101 SET SQL_MODE=@OLD_SQL_MODE */;
/*!40014 SET FOREIGN_KEY_CHECKS=@OLD_FOREIGN_KEY_CHECKS */;
/*!40014 SET UNIQUE_CHECKS=@OLD_UNIQUE_CHECKS */;
/*!40101 SET CHARACTER_SET_CLIENT=@OLD_CHARACTER_SET_CLIENT */;
/*!40101 SET CHARACTER_SET_RESULTS=@OLD_CHARACTER_SET_RESULTS */;
/*!40101 SET COLLATION_CONNECTION=@OLD_COLLATION_CONNECTION */;
/*!40111 SET SQL_NOTES=@OLD_SQL_NOTES */;

-- Dump completed on 2023-11-30 14:55:42
